Workbook

Sheet Portada

Sheet Inicio
B2: DustRisk V1
B3: Evaluación y control del riesgo por polvos minerales, metales y humos metálicos
B4: Herramienta gratuita · Sociedad Colombiana de Higienistas Ocupacionales (SCHO) · Autor: Álvaro Araque García (Comité Académico) · Versión 1.0 · 2026
B6: Propósito | C6: Evaluar y controlar la exposición por inhalación a polvos minerales no fibrogénicos, partículas no especificadas (PNOS), metales y humos metálicos: identificación, valoración cualitativa, muestreo por GES y agente, estadística, decisión, mezclas con efecto aditivo, controles, protección respiratoria y vigilancia médica con indicadores biológicos (BEI). Complementa a NeumoRisk (sílice cristalina, carbón y asbesto).
B7: Flujo de trabajo | C7: 1) Agentes y TLV → 2) GES × agente (valoración cualitativa y ajuste del TLV) → 3) Muestreo → 4) Estadística (decisión) → 5) Mezclas (efecto aditivo) → 6) Plan de Control (con Biblioteca) → 7) Protección Respiratoria → 8) Vigilancia Médica y BEI.
B8: Fracciones por tamaño | C8: Cada TLV se expresa en una fracción: inhalable (I, deposición en todo el tracto respiratorio), torácica (T) o respirable (R, región de intercambio gaseoso), según el Apéndice C de la ACGIH e ISO 7708. El muestreador debe corresponder a la fracción del TLV: la hoja Muestreo advierte si no coincide (por ejemplo, el casete cerrado de 37 mm subestima la fracción inhalable).
B9: Criterio de decisión | C9: Estrategia AIHA de evaluación de la exposición: índice de riesgo IR = P95 / TLV ajustado y categoría de control de exposición AIHA: 0 (≤ 1 %), 1 (≤ 10 %), 2 (≤ 50 %), 3 (50–100 %) y 4 (> 100 % del TLV). Con una sola muestra se usa el valor máximo. Validez del GES con DEG ≤ 3,0 (parámetro editable).
B10: Ajuste de jornada | C10: Brief & Scala: factor diario 8/hd·(24−hd)/16 y semanal 40/hs·(168−hs)/128; se aplica el más restrictivo. Nunca se incrementa el TLV para jornadas cortas. No se ajustan los valores techo (C).
B11: Mezclas | C11: Para agentes con el mismo efecto u órgano blanco, medidos en la misma muestra o jornada, se aplica la regla de efectos aditivos de la ACGIH: Σ Cᵢ / TLVᵢ ajustado ≤ 1.
B12: Humos de soldadura | C12: La ACGIH no tiene un TLV único para humos de soldadura: se evalúa cada componente (óxido de hierro, manganeso, cromo hexavalente, níquel, zinc, cobre) con su propio TLV y se aplica la regla de mezclas cuando comparten efecto. La IARC clasifica los humos de soldadura como cancerígenos (Grupo 1): mantener la exposición tan baja como sea posible.
B13: Leyenda de celdas | C13: Amarillo con texto azul: datos que usted diligencia. Gris: cálculo automático (no editar). Las listas desplegables evitan errores de digitación.
B14: Valores límite | C14: TLV y BEI de la ACGIH, edición 2026, editables en la hoja Agentes. Verifíquelos cada año contra la publicación vigente. En Colombia se aplican los valores ACGIH a falta de valores nacionales (Resolución 2400 de 1979).
B15: Advertencia | C15: La herramienta apoya, pero no reemplaza, el criterio del higienista ocupacional con licencia en SST. Las mediciones deben hacerse con métodos validados (NIOSH, OSHA) y laboratorios acreditados ISO/IEC 17025.
B16: Referencias | C16: ACGIH TLVs and BEIs 2026 · AIHA, A Strategy for Assessing and Managing Occupational Exposures · NIOSH Manual of Analytical Methods (0500, 0600, 7300, 7303, 7605) · OSHA 29 CFR 1910.134 · HSE COSHH essentials · Decreto 1072 de 2015 · Res. 2400 de 1979 · Araque G.A., Aerosoles: evaluación y control de la exposición (SCHO).
B18: Datos de la evaluación (ejemplo)
B19: Empresa | C19: Metalmecánica y Materiales del Ejemplo S.A.S.
B20: NIT | C20: 900.111.222-3
B21: Centro de trabajo / ciudad | C21: Planta industrial – Bogotá
B22: Actividad económica | C22: Fabricación de estructuras metálicas, ensacado de cemento y molienda de caolín
B23: Higienista responsable (licencia SST) | C23: Higienista Ocupacional (Lic. SST 0000)
B24: Fecha del estudio | C24: 46287
B25: Laboratorio (acreditación) | C25: Laboratorio acreditado ISO/IEC 17025

Sheet Agentes
A1: 1. Polvos minerales, metales y valores límite permisibles
A2: TLV ACGIH 2026 (8 h/día – 40 h/semana). Columnas F, G y N editables: actualícelas con la publicación ACGIH vigente. Filas amarillas al final para agregar agentes.
A3: DustRisk V1 · Polvos minerales, metales y humos metálicos · SCHO · Celdas amarillas con texto azul = datos a diligenciar; celdas grises = cálculo automático (no editar).
A5: Código | B5: Agente | C5: CAS | D5: Fracción | E5: Unidad | F5: TLV-TWA ACGIH | G5: TLV-STEL / C | H5: Familia | I5: Grupo de efecto (mezclas) | J5: Efecto crítico (base del TLV) | K5: Notaciones | L5: Método de muestreo y análisis | M5: Muestreador y caudal | N5: Indicador biológico (BEI) | O5: Valor BEI | P5: Banda de peligro (VE) | Q5: Vigilancia médica sugerida | R5: Nota
A6: PNOS-I | B6: Partículas insolubles o poco solubles no especificadas (PNOS) – inhalable | C6: — | D6: Inhalable | E6: mg/m³ | F6: 10 | H6: PNOS | I6: Respiratorio – irritación y función pulmonar | J6: Efectos respiratorios inespecíficos (sobrecarga pulmonar) | K6: Apéndice B | L6: NIOSH 0500 (gravimétrico) o MDHS 14/4 (HSE) | M6: IOM inhalable, 2,0 L/min; filtro PVC 25 mm | P6: =IF(F6="","",IF(OR(ISNUMBER(SEARCH("A1",K6)),ISNUMBER(SEARCH("A2",K6)),N(F6)<0.05),4,IF(N(F6)<0.5,3,IF(N(F6)<3,2,1)))) | Q6: Examen periódico; cuestionario de síntomas respiratorios y espirometría si hay exposición sobre el nivel de acción | R6: Apéndice B ACGIH: solo si el polvo no tiene TLV propio, sílice cristalina < 1 % y sin asbesto. Si la sílice es ≥ 1 %, use NeumoRisk.
A7: PNOS-R | B7: Partículas insolubles o poco solubles no especificadas (PNOS) – respirable | C7: — | D7: Respirable | E7: mg/m³ | F7: 3 | H7: PNOS | I7: Respiratorio – neumoconiosis no fibrogénica | J7: Sobrecarga pulmonar e inflamación crónica | K7: Apéndice B | L7: NIOSH 0600 (gravimétrico, fracción respirable) | M7: Ciclón nylon 10 mm, 1,7 L/min; filtro PVC 37 mm 5 µm | P7: =IF(F7="","",IF(OR(ISNUMBER(SEARCH("A1",K7)),ISNUMBER(SEARCH("A2",K7)),N(F7)<0.05),4,IF(N(F7)<0.5,3,IF(N(F7)<3,2,1)))) | Q7: Examen periódico; cuestionario de síntomas respiratorios y espirometría si hay exposición sobre el nivel de acción | R7: Apéndice B ACGIH (valor recomendado).
A8: BASO4 | B8: Sulfato de bario | C8: 7727-43-7 | D8: Inhalable | E8: mg/m³ | F8: 5 | H8: Mineral | I8: Respiratorio – neumoconiosis no fibrogénica | J8: Neumoconiosis (baritosis) | K8: (E) | L8: NIOSH 0500 (gravimétrico) o MDHS 14/4 (HSE) | M8: IOM inhalable, 2,0 L/min; filtro PVC 25 mm | P8: =IF(F8="","",IF(OR(ISNUMBER(SEARCH("A1",K8)),ISNUMBER(SEARCH("A2",K8)),N(F8)<0.05),4,IF(N(F8)<0.5,3,IF(N(F8)<3,2,1)))) | Q8: Examen periódico con énfasis respiratorio y espirometría; Rx de tórax según criterio médico | R8: (E): material sin asbesto y con sílice cristalina < 1 %.
A9: CAO | B9: Óxido de calcio (cal viva) | C9: 1305-78-8 | D9: Total | E9: mg/m³ | F9: 2 | H9: Mineral | I9: Respiratorio – irritación y función pulmonar | J9: Irritación de vías respiratorias superiores (VRS) | K9: — | L9: NIOSH 0500 (gravimétrico, polvo total) | M9: Casete 37 mm cerrado, 1,5–2 L/min; filtro PVC | P9: =IF(F9="","",IF(OR(ISNUMBER(SEARCH("A1",K9)),ISNUMBER(SEARCH("A2",K9)),N(F9)<0.05),4,IF(N(F9)<0.5,3,IF(N(F9)<3,2,1)))) | Q9: Examen periódico; cuestionario de síntomas respiratorios y espirometría si hay exposición sobre el nivel de acción
A10: CAOH2 | B10: Hidróxido de calcio (cal apagada) | C10: 1305-62-0 | D10: Total | E10: mg/m³ | F10: 5 | H10: Mineral | I10: Respiratorio – irritación y función pulmonar | J10: Irritación de ojos, VRS y piel | K10: — | L10: NIOSH 0500 (gravimétrico, polvo total) | M10: Casete 37 mm cerrado, 1,5–2 L/min; filtro PVC | P10: =IF(F10="","",IF(OR(ISNUMBER(SEARCH("A1",K10)),ISNUMBER(SEARCH("A2",K10)),N(F10)<0.05),4,IF(N(F10)<0.5,3,IF(N(F10)<3,2,1)))) | Q10: Examen periódico; cuestionario de síntomas respiratorios y espirometría si hay exposición sobre el nivel de acción
A11: CASO4 | B11: Sulfato de calcio (yeso) | C11: 7778-18-9 | D11: Inhalable | E11: mg/m³ | F11: 10 | H11: Mineral | I11: Respiratorio – irritación y función pulmonar | J11: Síntomas nasales | K11: — | L11: NIOSH 0500 (gravimétrico) o MDHS 14/4 (HSE) | M11: IOM inhalable, 2,0 L/min; filtro PVC 25 mm | P11: =IF(F11="","",IF(OR(ISNUMBER(SEARCH("A1",K11)),ISNUMBER(SEARCH("A2",K11)),N(F11)<0.05),4,IF(N(F11)<0.5,3,IF(N(F11)<3,2,1)))) | Q11: Examen periódico; cuestionario de síntomas respiratorios y espirometría si hay exposición sobre el nivel de acción
A12: WOL | B12: Silicato de calcio – wollastonita | C12: 13983-17-0 | D12: Inhalable | E12: mg/m³ | F12: 1 | H12: Mineral | I12: Respiratorio – neumoconiosis no fibrogénica | J12: Neumoconiosis; función pulmonar | K12: A4 (E) | L12: NIOSH 0500 (gravimétrico) o MDHS 14/4 (HSE) | M12: IOM inhalable, 2,0 L/min; filtro PVC 25 mm | P12: =IF(F12="","",IF(OR(ISNUMBER(SEARCH("A1",K12)),ISNUMBER(SEARCH("A2",K12)),N(F12)<0.05),4,IF(N(F12)<0.5,3,IF(N(F12)<3,2,1)))) | Q12: Examen periódico con énfasis respiratorio y espirometría; Rx de tórax según criterio médico
A13: CEM | B13: Cemento Portland | C13: 65997-15-1 | D13: Respirable | E13: mg/m³ | F13: 1 | H13: Mineral | I13: Respiratorio – irritación y función pulmonar | J13: Función pulmonar; síntomas respiratorios; asma | K13: A4 (E) | L13: NIOSH 0600 (gravimétrico, fracción respirable) | M13: Ciclón nylon 10 mm, 1,7 L/min; filtro PVC 37 mm 5 µm | P13: =IF(F13="","",IF(OR(ISNUMBER(SEARCH("A1",K13)),ISNUMBER(SEARCH("A2",K13)),N(F13)<0.05),4,IF(N(F13)<0.5,3,IF(N(F13)<3,2,1)))) | Q13: Examen periódico con énfasis respiratorio y espirometría; Rx de tórax según criterio médico; valorar dermatitis por cromo
A14: GRAF | B14: Grafito (todas las formas excepto fibras) | C14: 7782-42-5 | D14: Respirable | E14: mg/m³ | F14: 2 | H14: Mineral | I14: Respiratorio – neumoconiosis no fibrogénica | J14: Neumoconiosis | K14: — | L14: NIOSH 0600 (gravimétrico, fracción respirable) | M14: Ciclón nylon 10 mm, 1,7 L/min; filtro PVC 37 mm 5 µm | P14: =IF(F14="","",IF(OR(ISNUMBER(SEARCH("A1",K14)),ISNUMBER(SEARCH("A2",K14)),N(F14)<0.05),4,IF(N(F14)<0.5,3,IF(N(F14)<3,2,1)))) | Q14: Examen periódico con énfasis respiratorio y espirometría; Rx de tórax según criterio médico
A15: KAO | B15: Caolín | C15: 1332-58-7 | D15: Respirable | E15: mg/m³ | F15: 2 | H15: Mineral | I15: Respiratorio – neumoconiosis no fibrogénica | J15: Neumoconiosis | K15: A4 (E) | L15: NIOSH 0600 (gravimétrico, fracción respirable) | M15: Ciclón nylon 10 mm, 1,7 L/min; filtro PVC 37 mm 5 µm | P15: =IF(F15="","",IF(OR(ISNUMBER(SEARCH("A1",K15)),ISNUMBER(SEARCH("A2",K15)),N(F15)<0.05),4,IF(N(F15)<0.5,3,IF(N(F15)<3,2,1)))) | Q15: Examen periódico con énfasis respiratorio y espirometría; Rx de tórax según criterio médico
A16: MICA | B16: Mica | C16: 12001-26-2 | D16: Respirable | E16: mg/m³ | F16: 0.1 | H16: Mineral | I16: Respiratorio – neumoconiosis no fibrogénica | J16: Neumoconiosis | K16: — | L16: NIOSH 0600 (gravimétrico, fracción respirable) | M16: Ciclón nylon 10 mm, 1,7 L/min; filtro PVC 37 mm 5 µm | P16: =IF(F16="","",IF(OR(ISNUMBER(SEARCH("A1",K16)),ISNUMBER(SEARCH("A2",K16)),N(F16)<0.05),4,IF(N(F16)<0.5,3,IF(N(F16)<3,2,1)))) | Q16: Examen periódico con énfasis respiratorio y espirometría; Rx de tórax según criterio médico
A17: TALCO | B17: Talco sin fibras de asbesto | C17: 14807-96-6 | D17: Respirable | E17: mg/m³ | F17: 2 | H17: Mineral | I17: Respiratorio – neumoconiosis no fibrogénica | J17: Fibrosis pulmonar; función pulmonar | K17: A4 (E) | L17: NIOSH 0600 (gravimétrico, fracción respirable) | M17: Ciclón nylon 10 mm, 1,7 L/min; filtro PVC 37 mm 5 µm | P17: =IF(F17="","",IF(OR(ISNUMBER(SEARCH("A1",K17)),ISNUMBER(SEARCH("A2",K17)),N(F17)<0.05),4,IF(N(F17)<0.5,3,IF(N(F17)<3,2,1)))) | Q17: Examen periódico con énfasis respiratorio y espirometría; Rx de tórax según criterio médico | R17: Si contiene fibras de asbesto, use el TLV de asbesto (NeumoRisk).
A18: SIC-I | B18: Carburo de silicio no fibroso – inhalable | C18: 409-21-2 | D18: Inhalable | E18: mg/m³ | F18: 10 | H18: Mineral | I18: Respiratorio – neumoconiosis no fibrogénica | J18: Daño pulmonar | K18: — | L18: NIOSH 0500 (gravimétrico) o MDHS 14/4 (HSE) | M18: IOM inhalable, 2,0 L/min; filtro PVC 25 mm | P18: =IF(F18="","",IF(OR(ISNUMBER(SEARCH("A1",K18)),ISNUMBER(SEARCH("A2",K18)),N(F18)<0.05),4,IF(N(F18)<0.5,3,IF(N(F18)<3,2,1)))) | Q18: Examen periódico con énfasis respiratorio y espirometría; Rx de tórax según criterio médico | R18: La forma fibrosa (whiskers) tiene TLV de 0,1 f/cc y es A2.
A19: SIC-R | B19: Carburo de silicio no fibroso – respirable | C19: 409-21-2 | D19: Respirable | E19: mg/m³ | F19: 3 | H19: Mineral | I19: Respiratorio – neumoconiosis no fibrogénica | J19: Daño pulmonar | K19: — | L19: NIOSH 0600 (gravimétrico, fracción respirable) | M19: Ciclón nylon 10 mm, 1,7 L/min; filtro PVC 37 mm 5 µm | P19: =IF(F19="","",IF(OR(ISNUMBER(SEARCH("A1",K19)),ISNUMBER(SEARCH("A2",K19)),N(F19)<0.05),4,IF(N(F19)<0.5,3,IF(N(F19)<3,2,1)))) | Q19: Examen periódico con énfasis respiratorio y espirometría; Rx de tórax según criterio médico
A20: TIO2 | B20: Dióxido de titanio – partículas de escala fina | C20: 13463-67-7 | D20: Respirable | E20: mg/m³ | F20: 2.5 | H20: Mineral | I20: Respiratorio – neumoconiosis no fibrogénica | J20: Irritación de vías respiratorias inferiores; neumoconiosis | K20: A3 | L20: NIOSH 0600 (gravimétrico, fracción respirable) | M20: Ciclón nylon 10 mm, 1,7 L/min; filtro PVC 37 mm 5 µm | P20: =IF(F20="","",IF(OR(ISNUMBER(SEARCH("A1",K20)),ISNUMBER(SEARCH("A2",K20)),N(F20)<0.05),4,IF(N(F20)<0.5,3,IF(N(F20)<3,2,1)))) | Q20: Examen periódico con énfasis respiratorio y espirometría; Rx de tórax según criterio médico | R20: Partículas de escala nanométrica: 0,2 mg/m³ (R).
A21: AL | B21: Aluminio metálico y compuestos insolubles | C21: 7429-90-5 | D21: Respirable | E21: mg/m³ | F21: 1 | H21: Metal | I21: Respiratorio – neumoconiosis no fibrogénica | J21: Neumoconiosis; irritación de VRI; neurotoxicidad | K21: A4 | L21: NIOSH 7303 / 7300 (ICP-AES) sobre muestra respirable | M21: Ciclón nylon 10 mm, 1,7 L/min; filtro MCE 0,8 µm | P21: =IF(F21="","",IF(OR(ISNUMBER(SEARCH("A1",K21)),ISNUMBER(SEARCH("A2",K21)),N(F21)<0.05),4,IF(N(F21)<0.5,3,IF(N(F21)<3,2,1)))) | Q21: Examen periódico con énfasis respiratorio y espirometría; Rx de tórax según criterio médico
A22: FE2O3 | B22: Óxido de hierro (Fe₂O₃) | C22: 1309-37-1 | D22: Respirable | E22: mg/m³ | F22: 5 | H22: Metal | I22: Respiratorio – neumoconiosis no fibrogénica | J22: Neumoconiosis (siderosis) | K22: A4 | L22: NIOSH 7303 / 7300 (ICP-AES) sobre muestra respirable | M22: Ciclón nylon 10 mm, 1,7 L/min; filtro MCE 0,8 µm | P22: =IF(F22="","",IF(OR(ISNUMBER(SEARCH("A1",K22)),ISNUMBER(SEARCH("A2",K22)),N(F22)<0.05),4,IF(N(F22)<0.5,3,IF(N(F22)<3,2,1)))) | Q22: Examen periódico con énfasis respiratorio y espirometría; Rx de tórax según criterio médico | R22: Componente principal de los humos de soldadura de acero al carbono.
A23: MN-R | B23: Manganeso, elemental y compuestos inorgánicos – respirable | C23: 7439-96-5 | D23: Respirable | E23: mg/m³ | F23: 0.02 | H23: Metal | I23: Sistema nervioso central | J23: Alteración del sistema nervioso central | K23: A4 | L23: NIOSH 7303 / 7300 (ICP-AES) sobre muestra respirable | M23: Ciclón nylon 10 mm, 1,7 L/min; filtro MCE 0,8 µm | P23: =IF(F23="","",IF(OR(ISNUMBER(SEARCH("A1",K23)),ISNUMBER(SEARCH("A2",K23)),N(F23)<0.05),4,IF(N(F23)<0.5,3,IF(N(F23)<3,2,1)))) | Q23: Examen neurológico periódico (temblor, alteraciones de la marcha, cuestionario neuroconductual) | R23: Soldadura, aceros al manganeso, ferroaleaciones. Evaluar en el mismo filtro que el óxido de hierro.
A24: MN-I | B24: Manganeso, elemental y compuestos inorgánicos – inhalable | C24: 7439-96-5 | D24: Inhalable | E24: mg/m³ | F24: 0.1 | H24: Metal | I24: Sistema nervioso central | J24: Alteración del sistema nervioso central | K24: A4 | L24: NIOSH 7303 / 7300 (ICP-AES) u OSHA ID-125G; laboratorio acreditado | M24: IOM inhalable, 2,0 L/min; filtro MCE 0,8 µm (humos: casete abierto bajo la careta) | P24: =IF(F24="","",IF(OR(ISNUMBER(SEARCH("A1",K24)),ISNUMBER(SEARCH("A2",K24)),N(F24)<0.05),4,IF(N(F24)<0.5,3,IF(N(F24)<3,2,1)))) | Q24: Examen neurológico periódico (temblor, alteraciones de la marcha, cuestionario neuroconductual)
A25: PB | B25: Plomo y compuestos inorgánicos, como Pb | C25: 7439-92-1 | D25: Total | E25: mg/m³ | F25: 0.05 | H25: Metal | I25: Hematológico y renal | J25: Alteración del SNC y SNP; efectos hematológicos | K25: A3; BEI | L25: NIOSH 7303 / 7300 (ICP-AES) | M25: Casete 37 mm, 2 L/min; filtro MCE 0,8 µm | N25: Plomo en sangre (µg/L) | O25: 200 | P25: =IF(F25="","",IF(OR(ISNUMBER(SEARCH("A1",K25)),ISNUMBER(SEARCH("A2",K25)),N(F25)<0.05),4,IF(N(F25)<0.5,3,IF(N(F25)<3,2,1)))) | Q25: Plombemia periódica; hemograma; función renal; examen neurológico. Asesorar a trabajadoras en edad fértil.
A26: CD | B26: Cadmio y compuestos, como Cd | C26: 7440-43-9 | D26: Total | E26: mg/m³ | F26: 0.01 | H26: Metal carcinógeno | I26: Hematológico y renal | J26: Daño renal | K26: A2; BEI | L26: NIOSH 7303 / 7300 (ICP-AES) | M26: Casete 37 mm, 2 L/min; filtro MCE 0,8 µm | N26: Cadmio en orina (µg/g creatinina) | O26: 5 | P26: =IF(F26="","",IF(OR(ISNUMBER(SEARCH("A1",K26)),ISNUMBER(SEARCH("A2",K26)),N(F26)<0.05),4,IF(N(F26)<0.5,3,IF(N(F26)<3,2,1)))) | Q26: Cadmio en orina o sangre; función renal (β2-microglobulina); espirometría | R26: Fracción respirable: 0,002 mg/m³ (R).
A27: CD-R | B27: Cadmio y compuestos, como Cd – respirable | C27: 7440-43-9 | D27: Respirable | E27: mg/m³ | F27: 0.002 | H27: Metal carcinógeno | I27: Hematológico y renal | J27: Daño renal | K27: A2; BEI | L27: NIOSH 7303 / 7300 (ICP-AES) sobre muestra respirable | M27: Ciclón nylon 10 mm, 1,7 L/min; filtro MCE 0,8 µm | N27: Cadmio en orina (µg/g creatinina) | O27: 5 | P27: =IF(F27="","",IF(OR(ISNUMBER(SEARCH("A1",K27)),ISNUMBER(SEARCH("A2",K27)),N(F27)<0.05),4,IF(N(F27)<0.5,3,IF(N(F27)<3,2,1)))) | Q27: Cadmio en orina o sangre; función renal (β2-microglobulina); espirometría
A28: CR0 | B28: Cromo metálico, como Cr(0) | C28: 7440-47-3 | D28: Inhalable | E28: mg/m³ | F28: 0.5 | H28: Metal | I28: Respiratorio – irritación y función pulmonar | J28: Irritación del tracto respiratorio | K28: — | L28: NIOSH 7303 / 7300 (ICP-AES) u OSHA ID-125G; laboratorio acreditado | M28: IOM inhalable, 2,0 L/min; filtro MCE 0,8 µm (humos: casete abierto bajo la careta) | P28: =IF(F28="","",IF(OR(ISNUMBER(SEARCH("A1",K28)),ISNUMBER(SEARCH("A2",K28)),N(F28)<0.05),4,IF(N(F28)<0.5,3,IF(N(F28)<3,2,1)))) | Q28: Examen periódico; cuestionario de síntomas respiratorios y espirometría si hay exposición sobre el nivel de acción
A29: CR3 | B29: Compuestos de cromo trivalente, como Cr(III) | C29: 7440-47-3 | D29: Inhalable | E29: mg/m³ | F29: 0.003 | H29: Metal | I29: Sensibilización (piel o respiratoria) | J29: Irritación respiratoria; asma | K29: A4; DSEN y RSEN (solubles) | L29: NIOSH 7303 / 7300 (ICP-AES) u OSHA ID-125G; laboratorio acreditado | M29: IOM inhalable, 2,0 L/min; filtro MCE 0,8 µm (humos: casete abierto bajo la careta) | P29: =IF(F29="","",IF(OR(ISNUMBER(SEARCH("A1",K29)),ISNUMBER(SEARCH("A2",K29)),N(F29)<0.05),4,IF(N(F29)<0.5,3,IF(N(F29)<3,2,1)))) | Q29: Cuestionario de asma; espirometría; examen de piel
A30: CR6 | B30: Compuestos de cromo hexavalente, como Cr(VI) | C30: 18540-29-9 | D30: Inhalable | E30: mg/m³ | F30: 0.0002 | G30: 0.0005 | H30: Metal carcinógeno | I30: Cáncer de pulmón | J30: Cáncer de pulmón y senonasal; irritación respiratoria; asma | K30: A1; DSEN; RSEN; BEI | L30: NIOSH 7605 u OSHA ID-215 (cromatografía iónica) | M30: IOM inhalable, 2,0 L/min; filtro PVC 5 µm | N30: Cromo total en orina (µg/L) – valor poblacional (Pop) | O30: 0.7 | P30: =IF(F30="","",IF(OR(ISNUMBER(SEARCH("A1",K30)),ISNUMBER(SEARCH("A2",K30)),N(F30)<0.05),4,IF(N(F30)<0.5,3,IF(N(F30)<3,2,1)))) | Q30: Examen de tabique nasal y piel; espirometría; cromo en orina (valor poblacional) | R30: Soldadura y corte de acero inoxidable, cromado, pigmentos. Carcinógeno: mantener la exposición tan baja como sea posible.
A31: NI-E | B31: Níquel elemental | C31: 7440-02-0 | D31: Inhalable | E31: mg/m³ | F31: 1.5 | H31: Metal | I31: Respiratorio – neumoconiosis no fibrogénica | J31: Dermatitis; neumoconiosis | K31: A5; BEI | L31: NIOSH 7303 / 7300 (ICP-AES) u OSHA ID-125G; laboratorio acreditado | M31: IOM inhalable, 2,0 L/min; filtro MCE 0,8 µm (humos: casete abierto bajo la careta) | N31: Níquel en orina (µg/L) | O31: 5 | P31: =IF(F31="","",IF(OR(ISNUMBER(SEARCH("A1",K31)),ISNUMBER(SEARCH("A2",K31)),N(F31)<0.05),4,IF(N(F31)<0.5,3,IF(N(F31)<3,2,1)))) | Q31: Níquel en orina; examen de piel; espirometría
A32: NI-S | B32: Níquel, compuestos inorgánicos solubles, como Ni | C32: 7440-02-0 | D32: Inhalable | E32: mg/m³ | F32: 0.1 | H32: Metal | I32: Respiratorio – irritación y función pulmonar | J32: Daño pulmonar; cáncer nasal | K32: A4; BEI | L32: NIOSH 7303 / 7300 (ICP-AES) u OSHA ID-125G; laboratorio acreditado | M32: IOM inhalable, 2,0 L/min; filtro MCE 0,8 µm (humos: casete abierto bajo la careta) | N32: Níquel en orina (µg/L) | O32: 30 | P32: =IF(F32="","",IF(OR(ISNUMBER(SEARCH("A1",K32)),ISNUMBER(SEARCH("A2",K32)),N(F32)<0.05),4,IF(N(F32)<0.5,3,IF(N(F32)<3,2,1)))) | Q32: Níquel en orina; examen nasal y de piel; espirometría
A33: NI-I | B33: Níquel, compuestos inorgánicos insolubles, como Ni | C33: 7440-02-0 | D33: Inhalable | E33: mg/m³ | F33: 0.2 | H33: Metal carcinógeno | I33: Cáncer de pulmón | J33: Cáncer de pulmón | K33: A1; BEI | L33: NIOSH 7303 / 7300 (ICP-AES) u OSHA ID-125G; laboratorio acreditado | M33: IOM inhalable, 2,0 L/min; filtro MCE 0,8 µm (humos: casete abierto bajo la careta) | N33: Níquel en orina (µg/L) | O33: 5 | P33: =IF(F33="","",IF(OR(ISNUMBER(SEARCH("A1",K33)),ISNUMBER(SEARCH("A2",K33)),N(F33)<0.05),4,IF(N(F33)<0.5,3,IF(N(F33)<3,2,1)))) | Q33: Níquel en orina; examen de piel; espirometría y vigilancia respiratoria
A34: CO | B34: Cobalto y compuestos inorgánicos, como Co | C34: 7440-48-4 | D34: Inhalable | E34: mg/m³ | F34: 0.02 | H34: Metal | I34: Sensibilización (piel o respiratoria) | J34: Cambios en la función pulmonar | K34: A3; DSEN; RSEN; BEI | L34: NIOSH 7303 / 7300 (ICP-AES) u OSHA ID-125G; laboratorio acreditado | M34: IOM inhalable, 2,0 L/min; filtro MCE 0,8 µm (humos: casete abierto bajo la careta) | N34: Cobalto en orina (µg/L) | O34: 15 | P34: =IF(F34="","",IF(OR(ISNUMBER(SEARCH("A1",K34)),ISNUMBER(SEARCH("A2",K34)),N(F34)<0.05),4,IF(N(F34)<0.5,3,IF(N(F34)<3,2,1)))) | Q34: Cobalto en orina; cuestionario de asma; espirometría
A35: METDUR | B35: Metales duros con cobalto y carburo de tungsteno, como Co | C35: 12070-12-1 | D35: Torácica | E35: mg/m³ | F35: 0.005 | H35: Metal carcinógeno | I35: Sensibilización (piel o respiratoria) | J35: Neumonitis (enfermedad por metales duros) | K35: A2; RSEN | L35: NIOSH 7303 (ICP-AES) sobre muestra torácica | M35: Selector torácico, según fabricante; filtro MCE | P35: =IF(F35="","",IF(OR(ISNUMBER(SEARCH("A1",K35)),ISNUMBER(SEARCH("A2",K35)),N(F35)<0.05),4,IF(N(F35)<0.5,3,IF(N(F35)<3,2,1)))) | Q35: Cuestionario de asma; espirometría; Rx de tórax según criterio médico
A36: CU-H | B36: Cobre – humo, como Cu | C36: 7440-50-8 | D36: Humo | E36: mg/m³ | F36: 0.2 | H36: Metal | I36: Fiebre de humos metálicos | J36: Irritación; efectos gastrointestinales; fiebre de humos metálicos | K36: — | L36: NIOSH 7303 / 7300 (ICP-AES) | M36: Casete 37 mm, 2 L/min; filtro MCE 0,8 µm | P36: =IF(F36="","",IF(OR(ISNUMBER(SEARCH("A1",K36)),ISNUMBER(SEARCH("A2",K36)),N(F36)<0.05),4,IF(N(F36)<0.5,3,IF(N(F36)<3,2,1)))) | Q36: Examen periódico; cuestionario de síntomas respiratorios y espirometría si hay exposición sobre el nivel de acción
A37: CU-P | B37: Cobre – polvos y nieblas, como Cu | C37: 7440-50-8 | D37: Total | E37: mg/m³ | F37: 1 | H37: Metal | I37: Respiratorio – irritación y función pulmonar | J37: Irritación; efectos gastrointestinales | K37: — | L37: NIOSH 7303 / 7300 (ICP-AES) | M37: Casete 37 mm, 2 L/min; filtro MCE 0,8 µm | P37: =IF(F37="","",IF(OR(ISNUMBER(SEARCH("A1",K37)),ISNUMBER(SEARCH("A2",K37)),N(F37)<0.05),4,IF(N(F37)<0.5,3,IF(N(F37)<3,2,1)))) | Q37: Examen periódico; cuestionario de síntomas respiratorios y espirometría si hay exposición sobre el nivel de acción
A38: ZNO | B38: Óxido de zinc | C38: 1314-13-2 | D38: Respirable | E38: mg/m³ | F38: 2 | G38: 10 | H38: Metal | I38: Fiebre de humos metálicos | J38: Fiebre de humos metálicos | K38: — | L38: NIOSH 7303 / 7300 (ICP-AES) sobre muestra respirable | M38: Ciclón nylon 10 mm, 1,7 L/min; filtro MCE 0,8 µm | P38: =IF(F38="","",IF(OR(ISNUMBER(SEARCH("A1",K38)),ISNUMBER(SEARCH("A2",K38)),N(F38)<0.05),4,IF(N(F38)<0.5,3,IF(N(F38)<3,2,1)))) | Q38: Examen periódico; cuestionario de síntomas respiratorios y espirometría si hay exposición sobre el nivel de acción | R38: Galvanizado, soldadura de acero galvanizado, fundición de latón.
A39: MGO | B39: Óxido de magnesio | C39: 1309-48-4 | D39: Inhalable | E39: mg/m³ | F39: 10 | H39: Metal | I39: Fiebre de humos metálicos | J39: Irritación de VRS; fiebre de humos metálicos | K39: A4 | L39: NIOSH 7303 / 7300 (ICP-AES) u OSHA ID-125G; laboratorio acreditado | M39: IOM inhalable, 2,0 L/min; filtro MCE 0,8 µm (humos: casete abierto bajo la careta) | P39: =IF(F39="","",IF(OR(ISNUMBER(SEARCH("A1",K39)),ISNUMBER(SEARCH("A2",K39)),N(F39)<0.05),4,IF(N(F39)<0.5,3,IF(N(F39)<3,2,1)))) | Q39: Examen periódico; cuestionario de síntomas respiratorios y espirometría si hay exposición sobre el nivel de acción
A40: SN | B40: Estaño y compuestos inorgánicos, como Sn | C40: 7440-31-5 | D40: Inhalable | E40: mg/m³ | F40: 2 | H40: Metal | I40: Respiratorio – neumoconiosis no fibrogénica | J40: Neumoconiosis (estannosis) | K40: — | L40: NIOSH 7303 / 7300 (ICP-AES) u OSHA ID-125G; laboratorio acreditado | M40: IOM inhalable, 2,0 L/min; filtro MCE 0,8 µm (humos: casete abierto bajo la careta) | P40: =IF(F40="","",IF(OR(ISNUMBER(SEARCH("A1",K40)),ISNUMBER(SEARCH("A2",K40)),N(F40)<0.05),4,IF(N(F40)<0.5,3,IF(N(F40)<3,2,1)))) | Q40: Examen periódico con énfasis respiratorio y espirometría; Rx de tórax según criterio médico
A41: W | B41: Tungsteno y compuestos (sin cobalto), como W | C41: 7440-33-7 | D41: Respirable | E41: mg/m³ | F41: 3 | H41: Metal | I41: Respiratorio – neumoconiosis no fibrogénica | J41: Daño pulmonar | K41: — | L41: NIOSH 7303 / 7300 (ICP-AES) sobre muestra respirable | M41: Ciclón nylon 10 mm, 1,7 L/min; filtro MCE 0,8 µm | P41: =IF(F41="","",IF(OR(ISNUMBER(SEARCH("A1",K41)),ISNUMBER(SEARCH("A2",K41)),N(F41)<0.05),4,IF(N(F41)<0.5,3,IF(N(F41)<3,2,1)))) | Q41: Examen periódico con énfasis respiratorio y espirometría; Rx de tórax según criterio médico
A42: V2O5 | B42: Pentóxido de vanadio, como V | C42: 1314-62-1 | D42: Inhalable | E42: mg/m³ | F42: 0.05 | H42: Metal | I42: Respiratorio – irritación y función pulmonar | J42: Irritación de VRS y VRI | K42: A3 | L42: NIOSH 7303 / 7300 (ICP-AES) u OSHA ID-125G; laboratorio acreditado | M42: IOM inhalable, 2,0 L/min; filtro MCE 0,8 µm (humos: casete abierto bajo la careta) | P42: =IF(F42="","",IF(OR(ISNUMBER(SEARCH("A1",K42)),ISNUMBER(SEARCH("A2",K42)),N(F42)<0.05),4,IF(N(F42)<0.5,3,IF(N(F42)<3,2,1)))) | Q42: Examen periódico; cuestionario de síntomas respiratorios y espirometría si hay exposición sobre el nivel de acción
A43: ZR | B43: Zirconio y compuestos, como Zr | C43: 7440-67-7 | D43: Total | E43: mg/m³ | F43: 5 | G43: 10 | H43: Metal | I43: Respiratorio – irritación y función pulmonar | J43: Irritación respiratoria | K43: A4 | L43: NIOSH 7303 / 7300 (ICP-AES) | M43: Casete 37 mm, 2 L/min; filtro MCE 0,8 µm | P43: =IF(F43="","",IF(OR(ISNUMBER(SEARCH("A1",K43)),ISNUMBER(SEARCH("A2",K43)),N(F43)<0.05),4,IF(N(F43)<0.5,3,IF(N(F43)<3,2,1)))) | Q43: Examen periódico; cuestionario de síntomas respiratorios y espirometría si hay exposición sobre el nivel de acción
A44: AG | B44: Plata – metal, polvo y humo | C44: 7440-22-4 | D44: Total | E44: mg/m³ | F44: 0.1 | H44: Metal | I44: Respiratorio – irritación y función pulmonar | J44: Argiria | K44: — | L44: NIOSH 7303 / 7300 (ICP-AES) | M44: Casete 37 mm, 2 L/min; filtro MCE 0,8 µm | P44: =IF(F44="","",IF(OR(ISNUMBER(SEARCH("A1",K44)),ISNUMBER(SEARCH("A2",K44)),N(F44)<0.05),4,IF(N(F44)<0.5,3,IF(N(F44)<3,2,1)))) | Q44: Examen de piel y mucosas (argiria)
A45: MO | B45: Molibdeno, compuestos solubles, como Mo | C45: 7439-98-7 | D45: Respirable | E45: mg/m³ | F45: 0.2 | H45: Metal | I45: Respiratorio – neumoconiosis no fibrogénica | J45: Daño pulmonar; neumoconiosis | K45: A3 | L45: NIOSH 7303 / 7300 (ICP-AES) sobre muestra respirable | M45: Ciclón nylon 10 mm, 1,7 L/min; filtro MCE 0,8 µm | P45: =IF(F45="","",IF(OR(ISNUMBER(SEARCH("A1",K45)),ISNUMBER(SEARCH("A2",K45)),N(F45)<0.05),4,IF(N(F45)<0.5,3,IF(N(F45)<3,2,1)))) | Q45: Examen periódico con énfasis respiratorio y espirometría; Rx de tórax según criterio médico | R45: Adoptado en 2025.
A46: IN | B46: Indio y compuestos, como In | C46: 7440-74-6 | D46: Total | E46: mg/m³ | F46: 0.1 | H46: Metal | I46: Respiratorio – irritación y función pulmonar | J46: Edema pulmonar; neumonitis; erosión dental | K46: BEI | L46: NIOSH 7303 / 7300 (ICP-AES) | M46: Casete 37 mm, 2 L/min; filtro MCE 0,8 µm | N46: Indio en suero o plasma (µg/L) | O46: 1 | P46: =IF(F46="","",IF(OR(ISNUMBER(SEARCH("A1",K46)),ISNUMBER(SEARCH("A2",K46)),N(F46)<0.05),4,IF(N(F46)<0.5,3,IF(N(F46)<3,2,1)))) | Q46: Examen periódico con énfasis respiratorio y espirometría; Rx de tórax según criterio médico
A47: ITO | B47: Óxido de indio y estaño, como In | C47: 50926-11-9 | D47: Respirable | E47: mg/m³ | F47: 0.0001 | H47: Metal | I47: Respiratorio – neumoconiosis no fibrogénica | J47: Función pulmonar; fibrosis pulmonar | K47: A3; DSEN; BEI | L47: NIOSH 7303 / 7300 (ICP-AES) sobre muestra respirable | M47: Ciclón nylon 10 mm, 1,7 L/min; filtro MCE 0,8 µm | N47: Indio en suero o plasma (µg/L) | O47: 1 | P47: =IF(F47="","",IF(OR(ISNUMBER(SEARCH("A1",K47)),ISNUMBER(SEARCH("A2",K47)),N(F47)<0.05),4,IF(N(F47)<0.5,3,IF(N(F47)<3,2,1)))) | Q47: Examen periódico con énfasis respiratorio y espirometría; Rx de tórax según criterio médico
A48: SB2O3 | B48: Trióxido de antimonio | C48: 1309-64-4 | D48: Inhalable | E48: mg/m³ | F48: 0.02 | H48: Metal carcinógeno | I48: Respiratorio – irritación y función pulmonar | J48: Neumonitis | K48: A2 | L48: NIOSH 7303 / 7300 (ICP-AES) u OSHA ID-125G; laboratorio acreditado | M48: IOM inhalable, 2,0 L/min; filtro MCE 0,8 µm (humos: casete abierto bajo la careta) | P48: =IF(F48="","",IF(OR(ISNUMBER(SEARCH("A1",K48)),ISNUMBER(SEARCH("A2",K48)),N(F48)<0.05),4,IF(N(F48)<0.5,3,IF(N(F48)<3,2,1)))) | Q48: Examen periódico con énfasis respiratorio y espirometría; Rx de tórax según criterio médico
A49: AS | B49: Arsénico y compuestos inorgánicos, como As | C49: 7440-38-2 | D49: Total | E49: mg/m³ | F49: 0.01 | H49: Metal carcinógeno | I49: Cáncer de pulmón | J49: Cáncer de pulmón | K49: A1; BEI | L49: NIOSH 7900 / 7303 (ICP o absorción atómica) | M49: Casete 37 mm, 2 L/min; filtro MCE 0,8 µm | N49: Arsénico inorgánico + metabolitos metilados en orina (µg/g creatinina) – Pop | O49: 15 | P49: =IF(F49="","",IF(OR(ISNUMBER(SEARCH("A1",K49)),ISNUMBER(SEARCH("A2",K49)),N(F49)<0.05),4,IF(N(F49)<0.5,3,IF(N(F49)<3,2,1)))) | Q49: Arsénico en orina; examen de piel; vigilancia respiratoria
A50: BE | B50: Berilio y compuestos, como Be | C50: 7440-41-7 | D50: Inhalable | E50: mg/m³ | F50: 5e-05 | H50: Metal carcinógeno | I50: Sensibilización (piel o respiratoria) | J50: Sensibilización al berilio; enfermedad crónica por berilio | K50: A1; DSEN; RSEN | L50: NIOSH 7704 (fluorescencia) o 7303 | M50: IOM inhalable, 2,0 L/min; filtro MCE | P50: =IF(F50="","",IF(OR(ISNUMBER(SEARCH("A1",K50)),ISNUMBER(SEARCH("A2",K50)),N(F50)<0.05),4,IF(N(F50)<0.5,3,IF(N(F50)<3,2,1)))) | Q50: Prueba de proliferación de linfocitos (BeLPT); espirometría; Rx de tórax
P51: =IF(F51="","",IF(OR(ISNUMBER(SEARCH("A1",K51)),ISNUMBER(SEARCH("A2",K51)),N(F51)<0.05),4,IF(N(F51)<0.5,3,IF(N(F51)<3,2,1))))
P52: =IF(F52="","",IF(OR(ISNUMBER(SEARCH("A1",K52)),ISNUMBER(SEARCH("A2",K52)),N(F52)<0.05),4,IF(N(F52)<0.5,3,IF(N(F52)<3,2,1))))
P53: =IF(F53="","",IF(OR(ISNUMBER(SEARCH("A1",K53)),ISNUMBER(SEARCH("A2",K53)),N(F53)<0.05),4,IF(N(F53)<0.5,3,IF(N(F53)<3,2,1))))
P54: =IF(F54="","",IF(OR(ISNUMBER(SEARCH("A1",K54)),ISNUMBER(SEARCH("A2",K54)),N(F54)<0.05),4,IF(N(F54)<0.5,3,IF(N(F54)<3,2,1))))
P55: =IF(F55="","",IF(OR(ISNUMBER(SEARCH("A1",K55)),ISNUMBER(SEARCH("A2",K55)),N(F55)<0.05),4,IF(N(F55)<0.5,3,IF(N(F55)<3,2,1))))
P56: =IF(F56="","",IF(OR(ISNUMBER(SEARCH("A1",K56)),ISNUMBER(SEARCH("A2",K56)),N(F56)<0.05),4,IF(N(F56)<0.5,3,IF(N(F56)<3,2,1))))
P57: =IF(F57="","",IF(OR(ISNUMBER(SEARCH("A1",K57)),ISNUMBER(SEARCH("A2",K57)),N(F57)<0.05),4,IF(N(F57)<0.5,3,IF(N(F57)<3,2,1))))
P58: =IF(F58="","",IF(OR(ISNUMBER(SEARCH("A1",K58)),ISNUMBER(SEARCH("A2",K58)),N(F58)<0.05),4,IF(N(F58)<0.5,3,IF(N(F58)<3,2,1))))
P59: =IF(F59="","",IF(OR(ISNUMBER(SEARCH("A1",K59)),ISNUMBER(SEARCH("A2",K59)),N(F59)<0.05),4,IF(N(F59)<0.5,3,IF(N(F59)<3,2,1))))
P60: =IF(F60="","",IF(OR(ISNUMBER(SEARCH("A1",K60)),ISNUMBER(SEARCH("A2",K60)),N(F60)<0.05),4,IF(N(F60)<0.5,3,IF(N(F60)<3,2,1))))
A62: Parámetros
A63: Denominador DEG | C63: n-1 | D63: AIHA / IHSTAT: desviación estándar muestral (n−1). Use «n» para la convención de la Res. 2467/2022.
A64: Límite de DEG para validar el GES | C64: 3 | D64: AIHA: DEG > 3 sugiere un GES heterogéneo o tareas distintas; revise la conformación.
A65: Volumen minuto respiratorio (L/min) | C65: 25 | D65: Carga moderada: 25 L/min (liviana 15; pesada 35). Usado para la vida útil de filtros.
A66: Carga de saturación del filtro (mg) | C66: 200 | D66: 200 mg: carga máxima del ensayo NIOSH 42 CFR 84 para filtros serie N.
A69: Grupos de efecto para la regla de mezclas (ACGIH)
B70: Respiratorio – irritación y función pulmonar
B71: Respiratorio – neumoconiosis no fibrogénica
B72: Sistema nervioso central
B73: Hematológico y renal
B74: Cáncer de pulmón
B75: Sensibilización (piel o respiratoria)
B76: Fiebre de humos metálicos
A78: Muestreadores según la fracción del TLV
A79: Nº | B79: Muestreador | C79: Fracción que colecta | D79: Caudal típico | E79: Referencia
A80: 1 | B80: IOM inhalable (25 mm) | C80: Inhalable | D80: 2,0 L/min | E80: MDHS 14/4 (HSE); ISO 7708
A81: 2 | B81: Button sampler | C81: Inhalable | D81: 4,0 L/min | E81: Fabricante; ISO 7708
A82: 3 | B82: Ciclón nylon 10 mm | C82: Respirable | D82: 1,7 L/min | E82: NIOSH 0600
A83: 4 | B83: Ciclón aluminio | C83: Respirable | D83: 2,5 L/min | E83: NIOSH 0600
A84: 5 | B84: Ciclón GS-3 | C84: Respirable | D84: 2,75 L/min | E84: NIOSH 0600
A85: 6 | B85: Selector torácico | C85: Torácica | D85: Según fabricante | E85: ISO 7708
A86: 7 | B86: Casete 37 mm cerrado (total) | C86: Total (OSHA) | D86: 1–2 L/min | E86: NIOSH 0500, 7300; subestima la fracción inhalable
A87: 8 | B87: Casete 37 mm abierto (humos) | C87: Humo | D87: 1–4 L/min | E87: NIOSH 7300 / 7303; humos de soldadura bajo la careta
A89: Factores de protección asignados – APF (OSHA 29 CFR 1910.134)
A90: Nº | B90: Tipo de respirador | C90: APF
A91: 1 | B91: Pieza facial filtrante (desechable) N/R/P | C91: 10
A92: 2 | B92: Media cara elastomérica con filtros | C92: 10
A93: 3 | B93: PAPR con capucha o careta holgada | C93: 25
A94: 4 | B94: Cara completa elastomérica con filtros P100 | C94: 50
A95: 5 | B95: PAPR con media cara | C95: 50
A96: 6 | B96: PAPR con cara completa / casco certificado | C96: 1000
A97: 7 | B97: Línea de aire flujo continuo, cara completa | C97: 1000
A98: 8 | B98: Equipo autocontenido (SCBA) a presión positiva | C98: 10000

Sheet GES
A1: 2. GES × agente – identificación, valoración cualitativa y ajuste del TLV
A2: Una fila por cada combinación GES–agente (un mismo GES puede repetirse con varios agentes). Matriz VE × VC (AIHA); VE según la banda de peligro del agente; VC según el tiempo de exposición y la pulverulencia.
A3: DustRisk V1 · Polvos minerales, metales y humos metálicos · SCHO · Celdas amarillas con texto azul = datos a diligenciar; celdas grises = cálculo automático (no editar).
A5: Código GES | B5: Cargos / oficios del GES | C5: Área / proceso | D5: Fuentes y actividades generadoras | E5: Agente (código) | F5: Nº trabajadores | G5: Controles existentes | H5: Horas / día | I5: Horas / semana | J5: Minutos de exposición por jornada | K5: Pulverulencia del proceso | L5: VC (circunstancia) | M5: VE (efecto) | N5: Riesgo potencial VE×VC | O5: Interpretación | P5: Muestras mínimas | Q5: Categoría cualitativa (juicio del higienista) | R5: Clave GES|agente | S5: TLV base | T5: Factor diario | U5: Factor semanal | V5: Factor aplicado | W5: TLV ajustado (B&S) | X5: Unidad | Y5: Fracción
A6: G01 | B6: Soldadores de acero al carbono | C6: Taller de estructuras | D6: Soldadura SMAW y MIG de perfiles; esmerilado de cordones | E6: MN-R | F6: 10 | G6: Ventilación general; sin extracción localizada | H6: 8 | I6: 48 | J6: 360 | K6: Alta | L6: =IF(J6="","",MAX(IF(N(J6)=0,0,1),MIN(4,IF(J6>=360,4,IF(J6>=120,3,IF(J6>=30,2,IF(J6>0,1,0))))+IF(K6="Alta",1,IF(AND(K6="Baja",J6>0),-1,0))))) | M6: =IF(E6="","",IFERROR(INDEX(Agentes!$P$6:$P$60,MATCH(E6,Agentes!$A$6:$A$60,0)),"")) | N6: =IF(OR(L6="",M6=""),"",L6*M6) | O6: =IF(N6="","",IF(N6=0,"Incipiente",IF(N6<=4,"Bajo",IF(N6<=8,"Moderado",IF(N6<=12,"Alto","Muy alto"))))) | P6: =IF(A6="","",IF(N(F6)>50,ROUNDUP(SQRT(F6),0),6)) | Q6: Alto | R6: =IF(OR(A6="",E6=""),"",A6&"|"&E6) | S6: =IF(E6="","",IFERROR(INDEX(Agentes!$F$6:$F$60,MATCH(E6,Agentes!$A$6:$A$60,0)),"Agente?")) | T6: =IF(N(H6)=0,"",8/H6*(24-H6)/16) | U6: =IF(N(I6)=0,"",40/I6*(168-I6)/128) | V6: =IF(E6="","",MIN(1,IF(T6="",1,T6),IF(U6="",1,U6))) | W6: =IF(OR(NOT(ISNUMBER(S6)),V6=""),"",S6*V6) | X6: =IF(E6="","",IFERROR(INDEX(Agentes!$E$6:$E$60,MATCH(E6,Agentes!$A$6:$A$60,0)),"")) | Y6: =IF(E6="","",IFERROR(INDEX(Agentes!$D$6:$D$60,MATCH(E6,Agentes!$A$6:$A$60,0)),""))
A7: G01 | B7: Soldadores de acero al carbono | C7: Taller de estructuras | D7: Soldadura SMAW y MIG de perfiles; esmerilado de cordones | E7: FE2O3 | F7: 10 | G7: Ventilación general; sin extracción localizada | H7: 8 | I7: 48 | J7: 360 | K7: Alta | L7: =IF(J7="","",MAX(IF(N(J7)=0,0,1),MIN(4,IF(J7>=360,4,IF(J7>=120,3,IF(J7>=30,2,IF(J7>0,1,0))))+IF(K7="Alta",1,IF(AND(K7="Baja",J7>0),-1,0))))) | M7: =IF(E7="","",IFERROR(INDEX(Agentes!$P$6:$P$60,MATCH(E7,Agentes!$A$6:$A$60,0)),"")) | N7: =IF(OR(L7="",M7=""),"",L7*M7) | O7: =IF(N7="","",IF(N7=0,"Incipiente",IF(N7<=4,"Bajo",IF(N7<=8,"Moderado",IF(N7<=12,"Alto","Muy alto"))))) | P7: =IF(A7="","",IF(N(F7)>50,ROUNDUP(SQRT(F7),0),6)) | Q7: Moderado | R7: =IF(OR(A7="",E7=""),"",A7&"|"&E7) | S7: =IF(E7="","",IFERROR(INDEX(Agentes!$F$6:$F$60,MATCH(E7,Agentes!$A$6:$A$60,0)),"Agente?")) | T7: =IF(N(H7)=0,"",8/H7*(24-H7)/16) | U7: =IF(N(I7)=0,"",40/I7*(168-I7)/128) | V7: =IF(E7="","",MIN(1,IF(T7="",1,T7),IF(U7="",1,U7))) | W7: =IF(OR(NOT(ISNUMBER(S7)),V7=""),"",S7*V7) | X7: =IF(E7="","",IFERROR(INDEX(Agentes!$E$6:$E$60,MATCH(E7,Agentes!$A$6:$A$60,0)),"")) | Y7: =IF(E7="","",IFERROR(INDEX(Agentes!$D$6:$D$60,MATCH(E7,Agentes!$A$6:$A$60,0)),""))
A8: G02 | B8: Soldadores de acero inoxidable | C8: Línea de tanques | D8: Soldadura TIG y MIG de inoxidable 304/316; corte con plasma | E8: CR6 | F8: 6 | G8: Brazo de extracción en 2 de 4 puestos | H8: 8 | I8: 48 | J8: 300 | K8: Media | L8: =IF(J8="","",MAX(IF(N(J8)=0,0,1),MIN(4,IF(J8>=360,4,IF(J8>=120,3,IF(J8>=30,2,IF(J8>0,1,0))))+IF(K8="Alta",1,IF(AND(K8="Baja",J8>0),-1,0))))) | M8: =IF(E8="","",IFERROR(INDEX(Agentes!$P$6:$P$60,MATCH(E8,Agentes!$A$6:$A$60,0)),"")) | N8: =IF(OR(L8="",M8=""),"",L8*M8) | O8: =IF(N8="","",IF(N8=0,"Incipiente",IF(N8<=4,"Bajo",IF(N8<=8,"Moderado",IF(N8<=12,"Alto","Muy alto"))))) | P8: =IF(A8="","",IF(N(F8)>50,ROUNDUP(SQRT(F8),0),6)) | Q8: Crítico | R8: =IF(OR(A8="",E8=""),"",A8&"|"&E8) | S8: =IF(E8="","",IFERROR(INDEX(Agentes!$F$6:$F$60,MATCH(E8,Agentes!$A$6:$A$60,0)),"Agente?")) | T8: =IF(N(H8)=0,"",8/H8*(24-H8)/16) | U8: =IF(N(I8)=0,"",40/I8*(168-I8)/128) | V8: =IF(E8="","",MIN(1,IF(T8="",1,T8),IF(U8="",1,U8))) | W8: =IF(OR(NOT(ISNUMBER(S8)),V8=""),"",S8*V8) | X8: =IF(E8="","",IFERROR(INDEX(Agentes!$E$6:$E$60,MATCH(E8,Agentes!$A$6:$A$60,0)),"")) | Y8: =IF(E8="","",IFERROR(INDEX(Agentes!$D$6:$D$60,MATCH(E8,Agentes!$A$6:$A$60,0)),""))
A9: G02 | B9: Soldadores de acero inoxidable | C9: Línea de tanques | D9: Soldadura TIG y MIG de inoxidable 304/316; corte con plasma | E9: NI-I | F9: 6 | G9: Brazo de extracción en 2 de 4 puestos | H9: 8 | I9: 48 | J9: 300 | K9: Media | L9: =IF(J9="","",MAX(IF(N(J9)=0,0,1),MIN(4,IF(J9>=360,4,IF(J9>=120,3,IF(J9>=30,2,IF(J9>0,1,0))))+IF(K9="Alta",1,IF(AND(K9="Baja",J9>0),-1,0))))) | M9: =IF(E9="","",IFERROR(INDEX(Agentes!$P$6:$P$60,MATCH(E9,Agentes!$A$6:$A$60,0)),"")) | N9: =IF(OR(L9="",M9=""),"",L9*M9) | O9: =IF(N9="","",IF(N9=0,"Incipiente",IF(N9<=4,"Bajo",IF(N9<=8,"Moderado",IF(N9<=12,"Alto","Muy alto"))))) | P9: =IF(A9="","",IF(N(F9)>50,ROUNDUP(SQRT(F9),0),6)) | Q9: Alto | R9: =IF(OR(A9="",E9=""),"",A9&"|"&E9) | S9: =IF(E9="","",IFERROR(INDEX(Agentes!$F$6:$F$60,MATCH(E9,Agentes!$A$6:$A$60,0)),"Agente?")) | T9: =IF(N(H9)=0,"",8/H9*(24-H9)/16) | U9: =IF(N(I9)=0,"",40/I9*(168-I9)/128) | V9: =IF(E9="","",MIN(1,IF(T9="",1,T9),IF(U9="",1,U9))) | W9: =IF(OR(NOT(ISNUMBER(S9)),V9=""),"",S9*V9) | X9: =IF(E9="","",IFERROR(INDEX(Agentes!$E$6:$E$60,MATCH(E9,Agentes!$A$6:$A$60,0)),"")) | Y9: =IF(E9="","",IFERROR(INDEX(Agentes!$D$6:$D$60,MATCH(E9,Agentes!$A$6:$A$60,0)),""))
A10: G03 | B10: Operarios de ensacado de cemento | C10: Planta de cemento | D10: Llenado de sacos de 50 kg, paletizado y limpieza | E10: CEM | F10: 8 | G10: Campana en la ensacadora | H10: 8 | I10: 44 | J10: 420 | K10: Alta | L10: =IF(J10="","",MAX(IF(N(J10)=0,0,1),MIN(4,IF(J10>=360,4,IF(J10>=120,3,IF(J10>=30,2,IF(J10>0,1,0))))+IF(K10="Alta",1,IF(AND(K10="Baja",J10>0),-1,0))))) | M10: =IF(E10="","",IFERROR(INDEX(Agentes!$P$6:$P$60,MATCH(E10,Agentes!$A$6:$A$60,0)),"")) | N10: =IF(OR(L10="",M10=""),"",L10*M10) | O10: =IF(N10="","",IF(N10=0,"Incipiente",IF(N10<=4,"Bajo",IF(N10<=8,"Moderado",IF(N10<=12,"Alto","Muy alto"))))) | P10: =IF(A10="","",IF(N(F10)>50,ROUNDUP(SQRT(F10),0),6)) | Q10: Alto | R10: =IF(OR(A10="",E10=""),"",A10&"|"&E10) | S10: =IF(E10="","",IFERROR(INDEX(Agentes!$F$6:$F$60,MATCH(E10,Agentes!$A$6:$A$60,0)),"Agente?")) | T10: =IF(N(H10)=0,"",8/H10*(24-H10)/16) | U10: =IF(N(I10)=0,"",40/I10*(168-I10)/128) | V10: =IF(E10="","",MIN(1,IF(T10="",1,T10),IF(U10="",1,U10))) | W10: =IF(OR(NOT(ISNUMBER(S10)),V10=""),"",S10*V10) | X10: =IF(E10="","",IFERROR(INDEX(Agentes!$E$6:$E$60,MATCH(E10,Agentes!$A$6:$A$60,0)),"")) | Y10: =IF(E10="","",IFERROR(INDEX(Agentes!$D$6:$D$60,MATCH(E10,Agentes!$A$6:$A$60,0)),""))
A11: G04 | B11: Operadores de molino de caolín | C11: Planta de minerales | D11: Molienda, clasificación y transporte neumático de caolín | E11: KAO | F11: 5 | G11: Molino encerrado; colector de mangas | H11: 8 | I11: 44 | J11: 240 | K11: Media | L11: =IF(J11="","",MAX(IF(N(J11)=0,0,1),MIN(4,IF(J11>=360,4,IF(J11>=120,3,IF(J11>=30,2,IF(J11>0,1,0))))+IF(K11="Alta",1,IF(AND(K11="Baja",J11>0),-1,0))))) | M11: =IF(E11="","",IFERROR(INDEX(Agentes!$P$6:$P$60,MATCH(E11,Agentes!$A$6:$A$60,0)),"")) | N11: =IF(OR(L11="",M11=""),"",L11*M11) | O11: =IF(N11="","",IF(N11=0,"Incipiente",IF(N11<=4,"Bajo",IF(N11<=8,"Moderado",IF(N11<=12,"Alto","Muy alto"))))) | P11: =IF(A11="","",IF(N(F11)>50,ROUNDUP(SQRT(F11),0),6)) | Q11: Moderado | R11: =IF(OR(A11="",E11=""),"",A11&"|"&E11) | S11: =IF(E11="","",IFERROR(INDEX(Agentes!$F$6:$F$60,MATCH(E11,Agentes!$A$6:$A$60,0)),"Agente?")) | T11: =IF(N(H11)=0,"",8/H11*(24-H11)/16) | U11: =IF(N(I11)=0,"",40/I11*(168-I11)/128) | V11: =IF(E11="","",MIN(1,IF(T11="",1,T11),IF(U11="",1,U11))) | W11: =IF(OR(NOT(ISNUMBER(S11)),V11=""),"",S11*V11) | X11: =IF(E11="","",IFERROR(INDEX(Agentes!$E$6:$E$60,MATCH(E11,Agentes!$A$6:$A$60,0)),"")) | Y11: =IF(E11="","",IFERROR(INDEX(Agentes!$D$6:$D$60,MATCH(E11,Agentes!$A$6:$A$60,0)),""))
A12: G05 | B12: Operarios de fundición de plomo | C12: Recuperación de baterías | D12: Fusión de plomo y vaciado de lingotes | E12: PB | F12: 6 | G12: Campana sobre el horno | H12: 8 | I12: 40 | J12: 300 | K12: Media | L12: =IF(J12="","",MAX(IF(N(J12)=0,0,1),MIN(4,IF(J12>=360,4,IF(J12>=120,3,IF(J12>=30,2,IF(J12>0,1,0))))+IF(K12="Alta",1,IF(AND(K12="Baja",J12>0),-1,0))))) | M12: =IF(E12="","",IFERROR(INDEX(Agentes!$P$6:$P$60,MATCH(E12,Agentes!$A$6:$A$60,0)),"")) | N12: =IF(OR(L12="",M12=""),"",L12*M12) | O12: =IF(N12="","",IF(N12=0,"Incipiente",IF(N12<=4,"Bajo",IF(N12<=8,"Moderado",IF(N12<=12,"Alto","Muy alto"))))) | P12: =IF(A12="","",IF(N(F12)>50,ROUNDUP(SQRT(F12),0),6)) | Q12: Alto | R12: =IF(OR(A12="",E12=""),"",A12&"|"&E12) | S12: =IF(E12="","",IFERROR(INDEX(Agentes!$F$6:$F$60,MATCH(E12,Agentes!$A$6:$A$60,0)),"Agente?")) | T12: =IF(N(H12)=0,"",8/H12*(24-H12)/16) | U12: =IF(N(I12)=0,"",40/I12*(168-I12)/128) | V12: =IF(E12="","",MIN(1,IF(T12="",1,T12),IF(U12="",1,U12))) | W12: =IF(OR(NOT(ISNUMBER(S12)),V12=""),"",S12*V12) | X12: =IF(E12="","",IFERROR(INDEX(Agentes!$E$6:$E$60,MATCH(E12,Agentes!$A$6:$A$60,0)),"")) | Y12: =IF(E12="","",IFERROR(INDEX(Agentes!$D$6:$D$60,MATCH(E12,Agentes!$A$6:$A$60,0)),""))
A13: G06 | B13: Pulidores y lijadores | C13: Acabados | D13: Lijado y pulido de piezas pintadas (sin sílice) | E13: PNOS-I | F13: 7 | G13: Ninguno | H13: 8 | I13: 44 | J13: 240 | K13: Media | L13: =IF(J13="","",MAX(IF(N(J13)=0,0,1),MIN(4,IF(J13>=360,4,IF(J13>=120,3,IF(J13>=30,2,IF(J13>0,1,0))))+IF(K13="Alta",1,IF(AND(K13="Baja",J13>0),-1,0))))) | M13: =IF(E13="","",IFERROR(INDEX(Agentes!$P$6:$P$60,MATCH(E13,Agentes!$A$6:$A$60,0)),"")) | N13: =IF(OR(L13="",M13=""),"",L13*M13) | O13: =IF(N13="","",IF(N13=0,"Incipiente",IF(N13<=4,"Bajo",IF(N13<=8,"Moderado",IF(N13<=12,"Alto","Muy alto"))))) | P13: =IF(A13="","",IF(N(F13)>50,ROUNDUP(SQRT(F13),0),6)) | Q13: Moderado | R13: =IF(OR(A13="",E13=""),"",A13&"|"&E13) | S13: =IF(E13="","",IFERROR(INDEX(Agentes!$F$6:$F$60,MATCH(E13,Agentes!$A$6:$A$60,0)),"Agente?")) | T13: =IF(N(H13)=0,"",8/H13*(24-H13)/16) | U13: =IF(N(I13)=0,"",40/I13*(168-I13)/128) | V13: =IF(E13="","",MIN(1,IF(T13="",1,T13),IF(U13="",1,U13))) | W13: =IF(OR(NOT(ISNUMBER(S13)),V13=""),"",S13*V13) | X13: =IF(E13="","",IFERROR(INDEX(Agentes!$E$6:$E$60,MATCH(E13,Agentes!$A$6:$A$60,0)),"")) | Y13: =IF(E13="","",IFERROR(INDEX(Agentes!$D$6:$D$60,MATCH(E13,Agentes!$A$6:$A$60,0)),""))
L14: =IF(J14="","",MAX(IF(N(J14)=0,0,1),MIN(4,IF(J14>=360,4,IF(J14>=120,3,IF(J14>=30,2,IF(J14>0,1,0))))+IF(K14="Alta",1,IF(AND(K14="Baja",J14>0),-1,0))))) | M14: =IF(E14="","",IFERROR(INDEX(Agentes!$P$6:$P$60,MATCH(E14,Agentes!$A$6:$A$60,0)),"")) | N14: =IF(OR(L14="",M14=""),"",L14*M14) | O14: =IF(N14="","",IF(N14=0,"Incipiente",IF(N14<=4,"Bajo",IF(N14<=8,"Moderado",IF(N14<=12,"Alto","Muy alto"))))) | P14: =IF(A14="","",IF(N(F14)>50,ROUNDUP(SQRT(F14),0),6)) | R14: =IF(OR(A14="",E14=""),"",A14&"|"&E14) | S14: =IF(E14="","",IFERROR(INDEX(Agentes!$F$6:$F$60,MATCH(E14,Agentes!$A$6:$A$60,0)),"Agente?")) | T14: =IF(N(H14)=0,"",8/H14*(24-H14)/16) | U14: =IF(N(I14)=0,"",40/I14*(168-I14)/128) | V14: =IF(E14="","",MIN(1,IF(T14="",1,T14),IF(U14="",1,U14))) | W14: =IF(OR(NOT(ISNUMBER(S14)),V14=""),"",S14*V14) | X14: =IF(E14="","",IFERROR(INDEX(Agentes!$E$6:$E$60,MATCH(E14,Agentes!$A$6:$A$60,0)),"")) | Y14: =IF(E14="","",IFERROR(INDEX(Agentes!$D$6:$D$60,MATCH(E14,Agentes!$A$6:$A$60,0)),""))
L15: =IF(J15="","",MAX(IF(N(J15)=0,0,1),MIN(4,IF(J15>=360,4,IF(J15>=120,3,IF(J15>=30,2,IF(J15>0,1,0))))+IF(K15="Alta",1,IF(AND(K15="Baja",J15>0),-1,0))))) | M15: =IF(E15="","",IFERROR(INDEX(Agentes!$P$6:$P$60,MATCH(E15,Agentes!$A$6:$A$60,0)),"")) | N15: =IF(OR(L15="",M15=""),"",L15*M15) | O15: =IF(N15="","",IF(N15=0,"Incipiente",IF(N15<=4,"Bajo",IF(N15<=8,"Moderado",IF(N15<=12,"Alto","Muy alto"))))) | P15: =IF(A15="","",IF(N(F15)>50,ROUNDUP(SQRT(F15),0),6)) | R15: =IF(OR(A15="",E15=""),"",A15&"|"&E15) | S15: =IF(E15="","",IFERROR(INDEX(Agentes!$F$6:$F$60,MATCH(E15,Agentes!$A$6:$A$60,0)),"Agente?")) | T15: =IF(N(H15)=0,"",8/H15*(24-H15)/16) | U15: =IF(N(I15)=0,"",40/I15*(168-I15)/128) | V15: =IF(E15="","",MIN(1,IF(T15="",1,T15),IF(U15="",1,U15))) | W15: =IF(OR(NOT(ISNUMBER(S15)),V15=""),"",S15*V15) | X15: =IF(E15="","",IFERROR(INDEX(Agentes!$E$6:$E$60,MATCH(E15,Agentes!$A$6:$A$60,0)),"")) | Y15: =IF(E15="","",IFERROR(INDEX(Agentes!$D$6:$D$60,MATCH(E15,Agentes!$A$6:$A$60,0)),""))
L16: =IF(J16="","",MAX(IF(N(J16)=0,0,1),MIN(4,IF(J16>=360,4,IF(J16>=120,3,IF(J16>=30,2,IF(J16>0,1,0))))+IF(K16="Alta",1,IF(AND(K16="Baja",J16>0),-1,0))))) | M16: =IF(E16="","",IFERROR(INDEX(Agentes!$P$6:$P$60,MATCH(E16,Agentes!$A$6:$A$60,0)),"")) | N16: =IF(OR(L16="",M16=""),"",L16*M16) | O16: =IF(N16="","",IF(N16=0,"Incipiente",IF(N16<=4,"Bajo",IF(N16<=8,"Moderado",IF(N16<=12,"Alto","Muy alto"))))) | P16: =IF(A16="","",IF(N(F16)>50,ROUNDUP(SQRT(F16),0),6)) | R16: =IF(OR(A16="",E16=""),"",A16&"|"&E16) | S16: =IF(E16="","",IFERROR(INDEX(Agentes!$F$6:$F$60,MATCH(E16,Agentes!$A$6:$A$60,0)),"Agente?")) | T16: =IF(N(H16)=0,"",8/H16*(24-H16)/16) | U16: =IF(N(I16)=0,"",40/I16*(168-I16)/128) | V16: =IF(E16="","",MIN(1,IF(T16="",1,T16),IF(U16="",1,U16))) | W16: =IF(OR(NOT(ISNUMBER(S16)),V16=""),"",S16*V16) | X16: =IF(E16="","",IFERROR(INDEX(Agentes!$E$6:$E$60,MATCH(E16,Agentes!$A$6:$A$60,0)),"")) | Y16: =IF(E16="","",IFERROR(INDEX(Agentes!$D$6:$D$60,MATCH(E16,Agentes!$A$6:$A$60,0)),""))
L17: =IF(J17="","",MAX(IF(N(J17)=0,0,1),MIN(4,IF(J17>=360,4,IF(J17>=120,3,IF(J17>=30,2,IF(J17>0,1,0))))+IF(K17="Alta",1,IF(AND(K17="Baja",J17>0),-1,0))))) | M17: =IF(E17="","",IFERROR(INDEX(Agentes!$P$6:$P$60,MATCH(E17,Agentes!$A$6:$A$60,0)),"")) | N17: =IF(OR(L17="",M17=""),"",L17*M17) | O17: =IF(N17="","",IF(N17=0,"Incipiente",IF(N17<=4,"Bajo",IF(N17<=8,"Moderado",IF(N17<=12,"Alto","Muy alto"))))) | P17: =IF(A17="","",IF(N(F17)>50,ROUNDUP(SQRT(F17),0),6)) | R17: =IF(OR(A17="",E17=""),"",A17&"|"&E17) | S17: =IF(E17="","",IFERROR(INDEX(Agentes!$F$6:$F$60,MATCH(E17,Agentes!$A$6:$A$60,0)),"Agente?")) | T17: =IF(N(H17)=0,"",8/H17*(24-H17)/16) | U17: =IF(N(I17)=0,"",40/I17*(168-I17)/128) | V17: =IF(E17="","",MIN(1,IF(T17="",1,T17),IF(U17="",1,U17))) | W17: =IF(OR(NOT(ISNUMBER(S17)),V17=""),"",S17*V17) | X17: =IF(E17="","",IFERROR(INDEX(Agentes!$E$6:$E$60,MATCH(E17,Agentes!$A$6:$A$60,0)),"")) | Y17: =IF(E17="","",IFERROR(INDEX(Agentes!$D$6:$D$60,MATCH(E17,Agentes!$A$6:$A$60,0)),""))
L18: =IF(J18="","",MAX(IF(N(J18)=0,0,1),MIN(4,IF(J18>=360,4,IF(J18>=120,3,IF(J18>=30,2,IF(J18>0,1,0))))+IF(K18="Alta",1,IF(AND(K18="Baja",J18>0),-1,0))))) | M18: =IF(E18="","",IFERROR(INDEX(Agentes!$P$6:$P$60,MATCH(E18,Agentes!$A$6:$A$60,0)),"")) | N18: =IF(OR(L18="",M18=""),"",L18*M18) | O18: =IF(N18="","",IF(N18=0,"Incipiente",IF(N18<=4,"Bajo",IF(N18<=8,"Moderado",IF(N18<=12,"Alto","Muy alto"))))) | P18: =IF(A18="","",IF(N(F18)>50,ROUNDUP(SQRT(F18),0),6)) | R18: =IF(OR(A18="",E18=""),"",A18&"|"&E18) | S18: =IF(E18="","",IFERROR(INDEX(Agentes!$F$6:$F$60,MATCH(E18,Agentes!$A$6:$A$60,0)),"Agente?")) | T18: =IF(N(H18)=0,"",8/H18*(24-H18)/16) | U18: =IF(N(I18)=0,"",40/I18*(168-I18)/128) | V18: =IF(E18="","",MIN(1,IF(T18="",1,T18),IF(U18="",1,U18))) | W18: =IF(OR(NOT(ISNUMBER(S18)),V18=""),"",S18*V18) | X18: =IF(E18="","",IFERROR(INDEX(Agentes!$E$6:$E$60,MATCH(E18,Agentes!$A$6:$A$60,0)),"")) | Y18: =IF(E18="","",IFERROR(INDEX(Agentes!$D$6:$D$60,MATCH(E18,Agentes!$A$6:$A$60,0)),""))
L19: =IF(J19="","",MAX(IF(N(J19)=0,0,1),MIN(4,IF(J19>=360,4,IF(J19>=120,3,IF(J19>=30,2,IF(J19>0,1,0))))+IF(K19="Alta",1,IF(AND(K19="Baja",J19>0),-1,0))))) | M19: =IF(E19="","",IFERROR(INDEX(Agentes!$P$6:$P$60,MATCH(E19,Agentes!$A$6:$A$60,0)),"")) | N19: =IF(OR(L19="",M19=""),"",L19*M19) | O19: =IF(N19="","",IF(N19=0,"Incipiente",IF(N19<=4,"Bajo",IF(N19<=8,"Moderado",IF(N19<=12,"Alto","Muy alto"))))) | P19: =IF(A19="","",IF(N(F19)>50,ROUNDUP(SQRT(F19),0),6)) | R19: =IF(OR(A19="",E19=""),"",A19&"|"&E19) | S19: =IF(E19="","",IFERROR(INDEX(Agentes!$F$6:$F$60,MATCH(E19,Agentes!$A$6:$A$60,0)),"Agente?")) | T19: =IF(N(H19)=0,"",8/H19*(24-H19)/16) | U19: =IF(N(I19)=0,"",40/I19*(168-I19)/128) | V19: =IF(E19="","",MIN(1,IF(T19="",1,T19),IF(U19="",1,U19))) | W19: =IF(OR(NOT(ISNUMBER(S19)),V19=""),"",S19*V19) | X19: =IF(E19="","",IFERROR(INDEX(Agentes!$E$6:$E$60,MATCH(E19,Agentes!$A$6:$A$60,0)),"")) | Y19: =IF(E19="","",IFERROR(INDEX(Agentes!$D$6:$D$60,MATCH(E19,Agentes!$A$6:$A$60,0)),""))
L20: =IF(J20="","",MAX(IF(N(J20)=0,0,1),MIN(4,IF(J20>=360,4,IF(J20>=120,3,IF(J20>=30,2,IF(J20>0,1,0))))+IF(K20="Alta",1,IF(AND(K20="Baja",J20>0),-1,0))))) | M20: =IF(E20="","",IFERROR(INDEX(Agentes!$P$6:$P$60,MATCH(E20,Agentes!$A$6:$A$60,0)),"")) | N20: =IF(OR(L20="",M20=""),"",L20*M20) | O20: =IF(N20="","",IF(N20=0,"Incipiente",IF(N20<=4,"Bajo",IF(N20<=8,"Moderado",IF(N20<=12,"Alto","Muy alto"))))) | P20: =IF(A20="","",IF(N(F20)>50,ROUNDUP(SQRT(F20),0),6)) | R20: =IF(OR(A20="",E20=""),"",A20&"|"&E20) | S20: =IF(E20="","",IFERROR(INDEX(Agentes!$F$6:$F$60,MATCH(E20,Agentes!$A$6:$A$60,0)),"Agente?")) | T20: =IF(N(H20)=0,"",8/H20*(24-H20)/16) | U20: =IF(N(I20)=0,"",40/I20*(168-I20)/128) | V20: =IF(E20="","",MIN(1,IF(T20="",1,T20),IF(U20="",1,U20))) | W20: =IF(OR(NOT(ISNUMBER(S20)),V20=""),"",S20*V20) | X20: =IF(E20="","",IFERROR(INDEX(Agentes!$E$6:$E$60,MATCH(E20,Agentes!$A$6:$A$60,0)),"")) | Y20: =IF(E20="","",IFERROR(INDEX(Agentes!$D$6:$D$60,MATCH(E20,Agentes!$A$6:$A$60,0)),""))
L21: =IF(J21="","",MAX(IF(N(J21)=0,0,1),MIN(4,IF(J21>=360,4,IF(J21>=120,3,IF(J21>=30,2,IF(J21>0,1,0))))+IF(K21="Alta",1,IF(AND(K21="Baja",J21>0),-1,0))))) | M21: =IF(E21="","",IFERROR(INDEX(Agentes!$P$6:$P$60,MATCH(E21,Agentes!$A$6:$A$60,0)),"")) | N21: =IF(OR(L21="",M21=""),"",L21*M21) | O21: =IF(N21="","",IF(N21=0,"Incipiente",IF(N21<=4,"Bajo",IF(N21<=8,"Moderado",IF(N21<=12,"Alto","Muy alto"))))) | P21: =IF(A21="","",IF(N(F21)>50,ROUNDUP(SQRT(F21),0),6)) | R21: =IF(OR(A21="",E21=""),"",A21&"|"&E21) | S21: =IF(E21="","",IFERROR(INDEX(Agentes!$F$6:$F$60,MATCH(E21,Agentes!$A$6:$A$60,0)),"Agente?")) | T21: =IF(N(H21)=0,"",8/H21*(24-H21)/16) | U21: =IF(N(I21)=0,"",40/I21*(168-I21)/128) | V21: =IF(E21="","",MIN(1,IF(T21="",1,T21),IF(U21="",1,U21))) | W21: =IF(OR(NOT(ISNUMBER(S21)),V21=""),"",S21*V21) | X21: =IF(E21="","",IFERROR(INDEX(Agentes!$E$6:$E$60,MATCH(E21,Agentes!$A$6:$A$60,0)),"")) | Y21: =IF(E21="","",IFERROR(INDEX(Agentes!$D$6:$D$60,MATCH(E21,Agentes!$A$6:$A$60,0)),""))
L22: =IF(J22="","",MAX(IF(N(J22)=0,0,1),MIN(4,IF(J22>=360,4,IF(J22>=120,3,IF(J22>=30,2,IF(J22>0,1,0))))+IF(K22="Alta",1,IF(AND(K22="Baja",J22>0),-1,0))))) | M22: =IF(E22="","",IFERROR(INDEX(Agentes!$P$6:$P$60,MATCH(E22,Agentes!$A$6:$A$60,0)),"")) | N22: =IF(OR(L22="",M22=""),"",L22*M22) | O22: =IF(N22="","",IF(N22=0,"Incipiente",IF(N22<=4,"Bajo",IF(N22<=8,"Moderado",IF(N22<=12,"Alto","Muy alto"))))) | P22: =IF(A22="","",IF(N(F22)>50,ROUNDUP(SQRT(F22),0),6)) | R22: =IF(OR(A22="",E22=""),"",A22&"|"&E22) | S22: =IF(E22="","",IFERROR(INDEX(Agentes!$F$6:$F$60,MATCH(E22,Agentes!$A$6:$A$60,0)),"Agente?")) | T22: =IF(N(H22)=0,"",8/H22*(24-H22)/16) | U22: =IF(N(I22)=0,"",40/I22*(168-I22)/128) | V22: =IF(E22="","",MIN(1,IF(T22="",1,T22),IF(U22="",1,U22))) | W22: =IF(OR(NOT(ISNUMBER(S22)),V22=""),"",S22*V22) | X22: =IF(E22="","",IFERROR(INDEX(Agentes!$E$6:$E$60,MATCH(E22,Agentes!$A$6:$A$60,0)),"")) | Y22: =IF(E22="","",IFERROR(INDEX(Agentes!$D$6:$D$60,MATCH(E22,Agentes!$A$6:$A$60,0)),""))
L23: =IF(J23="","",MAX(IF(N(J23)=0,0,1),MIN(4,IF(J23>=360,4,IF(J23>=120,3,IF(J23>=30,2,IF(J23>0,1,0))))+IF(K23="Alta",1,IF(AND(K23="Baja",J23>0),-1,0))))) | M23: =IF(E23="","",IFERROR(INDEX(Agentes!$P$6:$P$60,MATCH(E23,Agentes!$A$6:$A$60,0)),"")) | N23: =IF(OR(L23="",M23=""),"",L23*M23) | O23: =IF(N23="","",IF(N23=0,"Incipiente",IF(N23<=4,"Bajo",IF(N23<=8,"Moderado",IF(N23<=12,"Alto","Muy alto"))))) | P23: =IF(A23="","",IF(N(F23)>50,ROUNDUP(SQRT(F23),0),6)) | R23: =IF(OR(A23="",E23=""),"",A23&"|"&E23) | S23: =IF(E23="","",IFERROR(INDEX(Agentes!$F$6:$F$60,MATCH(E23,Agentes!$A$6:$A$60,0)),"Agente?")) | T23: =IF(N(H23)=0,"",8/H23*(24-H23)/16) | U23: =IF(N(I23)=0,"",40/I23*(168-I23)/128) | V23: =IF(E23="","",MIN(1,IF(T23="",1,T23),IF(U23="",1,U23))) | W23: =IF(OR(NOT(ISNUMBER(S23)),V23=""),"",S23*V23) | X23: =IF(E23="","",IFERROR(INDEX(Agentes!$E$6:$E$60,MATCH(E23,Agentes!$A$6:$A$60,0)),"")) | Y23: =IF(E23="","",IFERROR(INDEX(Agentes!$D$6:$D$60,MATCH(E23,Agentes!$A$6:$A$60,0)),""))
L24: =IF(J24="","",MAX(IF(N(J24)=0,0,1),MIN(4,IF(J24>=360,4,IF(J24>=120,3,IF(J24>=30,2,IF(J24>0,1,0))))+IF(K24="Alta",1,IF(AND(K24="Baja",J24>0),-1,0))))) | M24: =IF(E24="","",IFERROR(INDEX(Agentes!$P$6:$P$60,MATCH(E24,Agentes!$A$6:$A$60,0)),"")) | N24: =IF(OR(L24="",M24=""),"",L24*M24) | O24: =IF(N24="","",IF(N24=0,"Incipiente",IF(N24<=4,"Bajo",IF(N24<=8,"Moderado",IF(N24<=12,"Alto","Muy alto"))))) | P24: =IF(A24="","",IF(N(F24)>50,ROUNDUP(SQRT(F24),0),6)) | R24: =IF(OR(A24="",E24=""),"",A24&"|"&E24) | S24: =IF(E24="","",IFERROR(INDEX(Agentes!$F$6:$F$60,MATCH(E24,Agentes!$A$6:$A$60,0)),"Agente?")) | T24: =IF(N(H24)=0,"",8/H24*(24-H24)/16) | U24: =IF(N(I24)=0,"",40/I24*(168-I24)/128) | V24: =IF(E24="","",MIN(1,IF(T24="",1,T24),IF(U24="",1,U24))) | W24: =IF(OR(NOT(ISNUMBER(S24)),V24=""),"",S24*V24) | X24: =IF(E24="","",IFERROR(INDEX(Agentes!$E$6:$E$60,MATCH(E24,Agentes!$A$6:$A$60,0)),"")) | Y24: =IF(E24="","",IFERROR(INDEX(Agentes!$D$6:$D$60,MATCH(E24,Agentes!$A$6:$A$60,0)),""))
L25: =IF(J25="","",MAX(IF(N(J25)=0,0,1),MIN(4,IF(J25>=360,4,IF(J25>=120,3,IF(J25>=30,2,IF(J25>0,1,0))))+IF(K25="Alta",1,IF(AND(K25="Baja",J25>0),-1,0))))) | M25: =IF(E25="","",IFERROR(INDEX(Agentes!$P$6:$P$60,MATCH(E25,Agentes!$A$6:$A$60,0)),"")) | N25: =IF(OR(L25="",M25=""),"",L25*M25) | O25: =IF(N25="","",IF(N25=0,"Incipiente",IF(N25<=4,"Bajo",IF(N25<=8,"Moderado",IF(N25<=12,"Alto","Muy alto"))))) | P25: =IF(A25="","",IF(N(F25)>50,ROUNDUP(SQRT(F25),0),6)) | R25: =IF(OR(A25="",E25=""),"",A25&"|"&E25) | S25: =IF(E25="","",IFERROR(INDEX(Agentes!$F$6:$F$60,MATCH(E25,Agentes!$A$6:$A$60,0)),"Agente?")) | T25: =IF(N(H25)=0,"",8/H25*(24-H25)/16) | U25: =IF(N(I25)=0,"",40/I25*(168-I25)/128) | V25: =IF(E25="","",MIN(1,IF(T25="",1,T25),IF(U25="",1,U25))) | W25: =IF(OR(NOT(ISNUMBER(S25)),V25=""),"",S25*V25) | X25: =IF(E25="","",IFERROR(INDEX(Agentes!$E$6:$E$60,MATCH(E25,Agentes!$A$6:$A$60,0)),"")) | Y25: =IF(E25="","",IFERROR(INDEX(Agentes!$D$6:$D$60,MATCH(E25,Agentes!$A$6:$A$60,0)),""))
... L35: =IF(J35="","",MAX(IF(N(J35)=0,0,1),MIN(4,IF(J35>=360,4,IF(J35>=120,3,IF(J35>=30,2,IF(J35>0,1,0))))+IF(K35="Alta",1,IF(AND(K35="Baja",J35>0),-1,0))))) | M35: =IF(E35="","",IFERROR(INDEX(Agentes!$P$6:$P$60,MATCH(E35,Agentes!$A$6:$A$60,0)),"")) | N35: =IF(OR(L35="",M35=""),"",L35*M35) | O35: =IF(N35="","",IF(N35=0,"Incipiente",IF(N35<=4,"Bajo",IF(N35<=8,"Moderado",IF(N35<=12,"Alto","Muy alto"))))) | P35: =IF(A35="","",IF(N(F35)>50,ROUNDUP(SQRT(F35),0),6)) | R35: =IF(OR(A35="",E35=""),"",A35&"|"&E35) | S35: =IF(E35="","",IFERROR(INDEX(Agentes!$F$6:$F$60,MATCH(E35,Agentes!$A$6:$A$60,0)),"Agente?")) | T35: =IF(N(H35)=0,"",8/H35*(24-H35)/16) | U35: =IF(N(I35)=0,"",40/I35*(168-I35)/128) | V35: =IF(E35="","",MIN(1,IF(T35="",1,T35),IF(U35="",1,U35))) | W35: =IF(OR(NOT(ISNUMBER(S35)),V35=""),"",S35*V35) | X35: =IF(E35="","",IFERROR(INDEX(Agentes!$E$6:$E$60,MATCH(E35,Agentes!$A$6:$A$60,0)),"")) | Y35: =IF(E35="","",IFERROR(INDEX(Agentes!$D$6:$D$60,MATCH(E35,Agentes!$A$6:$A$60,0)),""))

Sheet Muestreo
A1: 3. Registro de muestras personales
A2: Una fila por agente y muestra. Ingrese masa + caudal + tiempo, o la concentración reportada por el laboratorio (columna M). Valores < LD: registre LD/2. Para evaluar mezclas, use el mismo ID en los agentes medidos al mismo trabajador en la misma jornada.
A3: DustRisk V1 · Polvos minerales, metales y humos metálicos · SCHO · Celdas amarillas con texto azul = datos a diligenciar; celdas grises = cálculo automático (no editar).
A5: Nº | B5: Código GES | C5: Agente | D5: Fecha | E5: Trabajador / cargo | F5: ID muestra / jornada | G5: Tipo de muestra | H5: Muestreador | I5: Caudal (L/min) | J5: Tiempo de muestreo (min) | K5: Volumen (m³) | L5: Masa del analito (mg) | M5: Concentración reportada por laboratorio (mg/m³) | N5: Concentración (mg/m³) | O5: Fracción del TLV | P5: Coherencia muestreador / fracción | Q5: TLV ajustado | R5: Índice C / TLV aj. | S5: Grupo de efecto (aux) | T5: Observaciones | U5: ln C (aux) | V5: (ln C − ln MG)² (aux) | W5: (C − MA)² (aux) | X5: > TLV (aux) | Y5: Clave (aux)
A6: 1 | B6: G01 | C6: MN-R | D6: 46279 | E6: Soldador 1 | F6: G01-D1 | G6: Personal | H6: Ciclón nylon 10 mm | I6: 1.7 | J6: 420 | K6: =IF(OR(I6="",J6=""),"",I6*J6/1000) | L6: 0.01248 | N6: =IF(OR(B6="",C6=""),"",IF(M6<>"",M6,IF(AND(N(L6)>0,N(K6)>0),L6/K6,""))) | O6: =IF(C6="","",IFERROR(INDEX(Agentes!$D$6:$D$60,MATCH(C6,Agentes!$A$6:$A$60,0)),"")) | P6: =IF(OR(H6="",O6=""),"",IF(AND(O6="Inhalable",LEFT(H6,6)="Casete"),"Subestima: el casete cerrado no colecta toda la fracción inhalable",IF(AND(O6="Respirable",LEFT(H6,6)<>"Ciclón"),"Requiere ciclón (fracción respirable)",IF(AND(O6="Inhalable",ISNUMBER(SEARCH("Respirable",IFERROR(INDEX(Agentes!$C$80:$C$87,MATCH(H6,Agentes!$B$80:$B$87,0)),"")))),"El ciclón no colecta la fracción inhalable","Coherente")))) | Q6: =IF(Y6="","",IFERROR(INDEX(GES!$W$6:$W$35,MATCH(Y6,GES!$R$6:$R$35,0)),"")) | R6: =IF(AND(ISNUMBER(N6),ISNUMBER(Q6)),N6/Q6,"") | S6: =IF(C6="","",IFERROR(INDEX(Agentes!$I$6:$I$60,MATCH(C6,Agentes!$A$6:$A$60,0)),"")) | U6: =IF(ISNUMBER(N6),IF(N6>0,LN(N6),""),"") | V6: =IF(ISNUMBER(U6),IFERROR((U6-LN(IFERROR(INDEX(Estadística!$K$6:$K$35,MATCH(Y6,Estadística!$Y$6:$Y$35,0)),0)))^2,""),"") | W6: =IF(ISNUMBER(N6),IFERROR((N6-IFERROR(INDEX(Estadística!$I$6:$I$35,MATCH(Y6,Estadística!$Y$6:$Y$35,0)),0))^2,""),"") | X6: =IF(ISNUMBER(R6),IF(R6>1,1,0),"") | Y6: =IF(OR(B6="",C6=""),"",B6&"|"&C6)
A7: 2 | B7: G01 | C7: MN-R | D7: 46280 | E7: Soldador 2 | F7: G01-D2 | G7: Personal | H7: Ciclón nylon 10 mm | I7: 1.7 | J7: 470 | K7: =IF(OR(I7="",J7=""),"",I7*J7/1000) | L7: 0.00426 | N7: =IF(OR(B7="",C7=""),"",IF(M7<>"",M7,IF(AND(N(L7)>0,N(K7)>0),L7/K7,""))) | O7: =IF(C7="","",IFERROR(INDEX(Agentes!$D$6:$D$60,MATCH(C7,Agentes!$A$6:$A$60,0)),"")) | P7: =IF(OR(H7="",O7=""),"",IF(AND(O7="Inhalable",LEFT(H7,6)="Casete"),"Subestima: el casete cerrado no colecta toda la fracción inhalable",IF(AND(O7="Respirable",LEFT(H7,6)<>"Ciclón"),"Requiere ciclón (fracción respirable)",IF(AND(O7="Inhalable",ISNUMBER(SEARCH("Respirable",IFERROR(INDEX(Agentes!$C$80:$C$87,MATCH(H7,Agentes!$B$80:$B$87,0)),"")))),"El ciclón no colecta la fracción inhalable","Coherente")))) | Q7: =IF(Y7="","",IFERROR(INDEX(GES!$W$6:$W$35,MATCH(Y7,GES!$R$6:$R$35,0)),"")) | R7: =IF(AND(ISNUMBER(N7),ISNUMBER(Q7)),N7/Q7,"") | S7: =IF(C7="","",IFERROR(INDEX(Agentes!$I$6:$I$60,MATCH(C7,Agentes!$A$6:$A$60,0)),"")) | U7: =IF(ISNUMBER(N7),IF(N7>0,LN(N7),""),"") | V7: =IF(ISNUMBER(U7),IFERROR((U7-LN(IFERROR(INDEX(Estadística!$K$6:$K$35,MATCH(Y7,Estadística!$Y$6:$Y$35,0)),0)))^2,""),"") | W7: =IF(ISNUMBER(N7),IFERROR((N7-IFERROR(INDEX(Estadística!$I$6:$I$35,MATCH(Y7,Estadística!$Y$6:$Y$35,0)),0))^2,""),"") | X7: =IF(ISNUMBER(R7),IF(R7>1,1,0),"") | Y7: =IF(OR(B7="",C7=""),"",B7&"|"&C7)
A8: 3 | B8: G01 | C8: MN-R | D8: 46281 | E8: Soldador 3 | F8: G01-D3 | G8: Personal | H8: Ciclón nylon 10 mm | I8: 1.7 | J8: 420 | K8: =IF(OR(I8="",J8=""),"",I8*J8/1000) | L8: 0.01928 | N8: =IF(OR(B8="",C8=""),"",IF(M8<>"",M8,IF(AND(N(L8)>0,N(K8)>0),L8/K8,""))) | O8: =IF(C8="","",IFERROR(INDEX(Agentes!$D$6:$D$60,MATCH(C8,Agentes!$A$6:$A$60,0)),"")) | P8: =IF(OR(H8="",O8=""),"",IF(AND(O8="Inhalable",LEFT(H8,6)="Casete"),"Subestima: el casete cerrado no colecta toda la fracción inhalable",IF(AND(O8="Respirable",LEFT(H8,6)<>"Ciclón"),"Requiere ciclón (fracción respirable)",IF(AND(O8="Inhalable",ISNUMBER(SEARCH("Respirable",IFERROR(INDEX(Agentes!$C$80:$C$87,MATCH(H8,Agentes!$B$80:$B$87,0)),"")))),"El ciclón no colecta la fracción inhalable","Coherente")))) | Q8: =IF(Y8="","",IFERROR(INDEX(GES!$W$6:$W$35,MATCH(Y8,GES!$R$6:$R$35,0)),"")) | R8: =IF(AND(ISNUMBER(N8),ISNUMBER(Q8)),N8/Q8,"") | S8: =IF(C8="","",IFERROR(INDEX(Agentes!$I$6:$I$60,MATCH(C8,Agentes!$A$6:$A$60,0)),"")) | U8: =IF(ISNUMBER(N8),IF(N8>0,LN(N8),""),"") | V8: =IF(ISNUMBER(U8),IFERROR((U8-LN(IFERROR(INDEX(Estadística!$K$6:$K$35,MATCH(Y8,Estadística!$Y$6:$Y$35,0)),0)))^2,""),"") | W8: =IF(ISNUMBER(N8),IFERROR((N8-IFERROR(INDEX(Estadística!$I$6:$I$35,MATCH(Y8,Estadística!$Y$6:$Y$35,0)),0))^2,""),"") | X8: =IF(ISNUMBER(R8),IF(R8>1,1,0),"") | Y8: =IF(OR(B8="",C8=""),"",B8&"|"&C8)
A9: 4 | B9: G01 | C9: MN-R | D9: 46282 | E9: Soldador 4 | F9: G01-D4 | G9: Personal | H9: Ciclón nylon 10 mm | I9: 1.7 | J9: 450 | K9: =IF(OR(I9="",J9=""),"",I9*J9/1000) | L9: 0.01033 | N9: =IF(OR(B9="",C9=""),"",IF(M9<>"",M9,IF(AND(N(L9)>0,N(K9)>0),L9/K9,""))) | O9: =IF(C9="","",IFERROR(INDEX(Agentes!$D$6:$D$60,MATCH(C9,Agentes!$A$6:$A$60,0)),"")) | P9: =IF(OR(H9="",O9=""),"",IF(AND(O9="Inhalable",LEFT(H9,6)="Casete"),"Subestima: el casete cerrado no colecta toda la fracción inhalable",IF(AND(O9="Respirable",LEFT(H9,6)<>"Ciclón"),"Requiere ciclón (fracción respirable)",IF(AND(O9="Inhalable",ISNUMBER(SEARCH("Respirable",IFERROR(INDEX(Agentes!$C$80:$C$87,MATCH(H9,Agentes!$B$80:$B$87,0)),"")))),"El ciclón no colecta la fracción inhalable","Coherente")))) | Q9: =IF(Y9="","",IFERROR(INDEX(GES!$W$6:$W$35,MATCH(Y9,GES!$R$6:$R$35,0)),"")) | R9: =IF(AND(ISNUMBER(N9),ISNUMBER(Q9)),N9/Q9,"") | S9: =IF(C9="","",IFERROR(INDEX(Agentes!$I$6:$I$60,MATCH(C9,Agentes!$A$6:$A$60,0)),"")) | U9: =IF(ISNUMBER(N9),IF(N9>0,LN(N9),""),"") | V9: =IF(ISNUMBER(U9),IFERROR((U9-LN(IFERROR(INDEX(Estadística!$K$6:$K$35,MATCH(Y9,Estadística!$Y$6:$Y$35,0)),0)))^2,""),"") | W9: =IF(ISNUMBER(N9),IFERROR((N9-IFERROR(INDEX(Estadística!$I$6:$I$35,MATCH(Y9,Estadística!$Y$6:$Y$35,0)),0))^2,""),"") | X9: =IF(ISNUMBER(R9),IF(R9>1,1,0),"") | Y9: =IF(OR(B9="",C9=""),"",B9&"|"&C9)
A10: 5 | B10: G01 | C10: MN-R | D10: 46283 | E10: Soldador 5 | F10: G01-D5 | G10: Personal | H10: Ciclón nylon 10 mm | I10: 1.7 | J10: 470 | K10: =IF(OR(I10="",J10=""),"",I10*J10/1000) | L10: 0.006582 | N10: =IF(OR(B10="",C10=""),"",IF(M10<>"",M10,IF(AND(N(L10)>0,N(K10)>0),L10/K10,""))) | O10: =IF(C10="","",IFERROR(INDEX(Agentes!$D$6:$D$60,MATCH(C10,Agentes!$A$6:$A$60,0)),"")) | P10: =IF(OR(H10="",O10=""),"",IF(AND(O10="Inhalable",LEFT(H10,6)="Casete"),"Subestima: el casete cerrado no colecta toda la fracción inhalable",IF(AND(O10="Respirable",LEFT(H10,6)<>"Ciclón"),"Requiere ciclón (fracción respirable)",IF(AND(O10="Inhalable",ISNUMBER(SEARCH("Respirable",IFERROR(INDEX(Agentes!$C$80:$C$87,MATCH(H10,Agentes!$B$80:$B$87,0)),"")))),"El ciclón no colecta la fracción inhalable","Coherente")))) | Q10: =IF(Y10="","",IFERROR(INDEX(GES!$W$6:$W$35,MATCH(Y10,GES!$R$6:$R$35,0)),"")) | R10: =IF(AND(ISNUMBER(N10),ISNUMBER(Q10)),N10/Q10,"") | S10: =IF(C10="","",IFERROR(INDEX(Agentes!$I$6:$I$60,MATCH(C10,Agentes!$A$6:$A$60,0)),"")) | U10: =IF(ISNUMBER(N10),IF(N10>0,LN(N10),""),"") | V10: =IF(ISNUMBER(U10),IFERROR((U10-LN(IFERROR(INDEX(Estadística!$K$6:$K$35,MATCH(Y10,Estadística!$Y$6:$Y$35,0)),0)))^2,""),"") | W10: =IF(ISNUMBER(N10),IFERROR((N10-IFERROR(INDEX(Estadística!$I$6:$I$35,MATCH(Y10,Estadística!$Y$6:$Y$35,0)),0))^2,""),"") | X10: =IF(ISNUMBER(R10),IF(R10>1,1,0),"") | Y10: =IF(OR(B10="",C10=""),"",B10&"|"&C10)
A11: 6 | B11: G01 | C11: MN-R | D11: 46284 | E11: Soldador 6 | F11: G01-D6 | G11: Personal | H11: Ciclón nylon 10 mm | I11: 1.7 | J11: 420 | K11: =IF(OR(I11="",J11=""),"",I11*J11/1000) | L11: 0.00762 | N11: =IF(OR(B11="",C11=""),"",IF(M11<>"",M11,IF(AND(N(L11)>0,N(K11)>0),L11/K11,""))) | O11: =IF(C11="","",IFERROR(INDEX(Agentes!$D$6:$D$60,MATCH(C11,Agentes!$A$6:$A$60,0)),"")) | P11: =IF(OR(H11="",O11=""),"",IF(AND(O11="Inhalable",LEFT(H11,6)="Casete"),"Subestima: el casete cerrado no colecta toda la fracción inhalable",IF(AND(O11="Respirable",LEFT(H11,6)<>"Ciclón"),"Requiere ciclón (fracción respirable)",IF(AND(O11="Inhalable",ISNUMBER(SEARCH("Respirable",IFERROR(INDEX(Agentes!$C$80:$C$87,MATCH(H11,Agentes!$B$80:$B$87,0)),"")))),"El ciclón no colecta la fracción inhalable","Coherente")))) | Q11: =IF(Y11="","",IFERROR(INDEX(GES!$W$6:$W$35,MATCH(Y11,GES!$R$6:$R$35,0)),"")) | R11: =IF(AND(ISNUMBER(N11),ISNUMBER(Q11)),N11/Q11,"") | S11: =IF(C11="","",IFERROR(INDEX(Agentes!$I$6:$I$60,MATCH(C11,Agentes!$A$6:$A$60,0)),"")) | U11: =IF(ISNUMBER(N11),IF(N11>0,LN(N11),""),"") | V11: =IF(ISNUMBER(U11),IFERROR((U11-LN(IFERROR(INDEX(Estadística!$K$6:$K$35,MATCH(Y11,Estadística!$Y$6:$Y$35,0)),0)))^2,""),"") | W11: =IF(ISNUMBER(N11),IFERROR((N11-IFERROR(INDEX(Estadística!$I$6:$I$35,MATCH(Y11,Estadística!$Y$6:$Y$35,0)),0))^2,""),"") | X11: =IF(ISNUMBER(R11),IF(R11>1,1,0),"") | Y11: =IF(OR(B11="",C11=""),"",B11&"|"&C11)
A12: 7 | B12: G01 | C12: FE2O3 | D12: 46279 | E12: Soldador 1 | F12: G01-D1 | G12: Personal | H12: Ciclón nylon 10 mm | I12: 1.7 | J12: 460 | K12: =IF(OR(I12="",J12=""),"",I12*J12/1000) | L12: 0.98457 | N12: =IF(OR(B12="",C12=""),"",IF(M12<>"",M12,IF(AND(N(L12)>0,N(K12)>0),L12/K12,""))) | O12: =IF(C12="","",IFERROR(INDEX(Agentes!$D$6:$D$60,MATCH(C12,Agentes!$A$6:$A$60,0)),"")) | P12: =IF(OR(H12="",O12=""),"",IF(AND(O12="Inhalable",LEFT(H12,6)="Casete"),"Subestima: el casete cerrado no colecta toda la fracción inhalable",IF(AND(O12="Respirable",LEFT(H12,6)<>"Ciclón"),"Requiere ciclón (fracción respirable)",IF(AND(O12="Inhalable",ISNUMBER(SEARCH("Respirable",IFERROR(INDEX(Agentes!$C$80:$C$87,MATCH(H12,Agentes!$B$80:$B$87,0)),"")))),"El ciclón no colecta la fracción inhalable","Coherente")))) | Q12: =IF(Y12="","",IFERROR(INDEX(GES!$W$6:$W$35,MATCH(Y12,GES!$R$6:$R$35,0)),"")) | R12: =IF(AND(ISNUMBER(N12),ISNUMBER(Q12)),N12/Q12,"") | S12: =IF(C12="","",IFERROR(INDEX(Agentes!$I$6:$I$60,MATCH(C12,Agentes!$A$6:$A$60,0)),"")) | U12: =IF(ISNUMBER(N12),IF(N12>0,LN(N12),""),"") | V12: =IF(ISNUMBER(U12),IFERROR((U12-LN(IFERROR(INDEX(Estadística!$K$6:$K$35,MATCH(Y12,Estadística!$Y$6:$Y$35,0)),0)))^2,""),"") | W12: =IF(ISNUMBER(N12),IFERROR((N12-IFERROR(INDEX(Estadística!$I$6:$I$35,MATCH(Y12,Estadística!$Y$6:$Y$35,0)),0))^2,""),"") | X12: =IF(ISNUMBER(R12),IF(R12>1,1,0),"") | Y12: =IF(OR(B12="",C12=""),"",B12&"|"&C12)
A13: 8 | B13: G01 | C13: FE2O3 | D13: 46280 | E13: Soldador 2 | F13: G01-D2 | G13: Personal | H13: Ciclón nylon 10 mm | I13: 1.7 | J13: 420 | K13: =IF(OR(I13="",J13=""),"",I13*J13/1000) | L13: 2.07896 | N13: =IF(OR(B13="",C13=""),"",IF(M13<>"",M13,IF(AND(N(L13)>0,N(K13)>0),L13/K13,""))) | O13: =IF(C13="","",IFERROR(INDEX(Agentes!$D$6:$D$60,MATCH(C13,Agentes!$A$6:$A$60,0)),"")) | P13: =IF(OR(H13="",O13=""),"",IF(AND(O13="Inhalable",LEFT(H13,6)="Casete"),"Subestima: el casete cerrado no colecta toda la fracción inhalable",IF(AND(O13="Respirable",LEFT(H13,6)<>"Ciclón"),"Requiere ciclón (fracción respirable)",IF(AND(O13="Inhalable",ISNUMBER(SEARCH("Respirable",IFERROR(INDEX(Agentes!$C$80:$C$87,MATCH(H13,Agentes!$B$80:$B$87,0)),"")))),"El ciclón no colecta la fracción inhalable","Coherente")))) | Q13: =IF(Y13="","",IFERROR(INDEX(GES!$W$6:$W$35,MATCH(Y13,GES!$R$6:$R$35,0)),"")) | R13: =IF(AND(ISNUMBER(N13),ISNUMBER(Q13)),N13/Q13,"") | S13: =IF(C13="","",IFERROR(INDEX(Agentes!$I$6:$I$60,MATCH(C13,Agentes!$A$6:$A$60,0)),"")) | U13: =IF(ISNUMBER(N13),IF(N13>0,LN(N13),""),"") | V13: =IF(ISNUMBER(U13),IFERROR((U13-LN(IFERROR(INDEX(Estadística!$K$6:$K$35,MATCH(Y13,Estadística!$Y$6:$Y$35,0)),0)))^2,""),"") | W13: =IF(ISNUMBER(N13),IFERROR((N13-IFERROR(INDEX(Estadística!$I$6:$I$35,MATCH(Y13,Estadística!$Y$6:$Y$35,0)),0))^2,""),"") | X13: =IF(ISNUMBER(R13),IF(R13>1,1,0),"") | Y13: =IF(OR(B13="",C13=""),"",B13&"|"&C13)
A14: 9 | B14: G01 | C14: FE2O3 | D14: 46281 | E14: Soldador 3 | F14: G01-D3 | G14: Personal | H14: Ciclón nylon 10 mm | I14: 1.7 | J14: 440 | K14: =IF(OR(I14="",J14=""),"",I14*J14/1000) | L14: 1.16445 | N14: =IF(OR(B14="",C14=""),"",IF(M14<>"",M14,IF(AND(N(L14)>0,N(K14)>0),L14/K14,""))) | O14: =IF(C14="","",IFERROR(INDEX(Agentes!$D$6:$D$60,MATCH(C14,Agentes!$A$6:$A$60,0)),"")) | P14: =IF(OR(H14="",O14=""),"",IF(AND(O14="Inhalable",LEFT(H14,6)="Casete"),"Subestima: el casete cerrado no colecta toda la fracción inhalable",IF(AND(O14="Respirable",LEFT(H14,6)<>"Ciclón"),"Requiere ciclón (fracción respirable)",IF(AND(O14="Inhalable",ISNUMBER(SEARCH("Respirable",IFERROR(INDEX(Agentes!$C$80:$C$87,MATCH(H14,Agentes!$B$80:$B$87,0)),"")))),"El ciclón no colecta la fracción inhalable","Coherente")))) | Q14: =IF(Y14="","",IFERROR(INDEX(GES!$W$6:$W$35,MATCH(Y14,GES!$R$6:$R$35,0)),"")) | R14: =IF(AND(ISNUMBER(N14),ISNUMBER(Q14)),N14/Q14,"") | S14: =IF(C14="","",IFERROR(INDEX(Agentes!$I$6:$I$60,MATCH(C14,Agentes!$A$6:$A$60,0)),"")) | U14: =IF(ISNUMBER(N14),IF(N14>0,LN(N14),""),"") | V14: =IF(ISNUMBER(U14),IFERROR((U14-LN(IFERROR(INDEX(Estadística!$K$6:$K$35,MATCH(Y14,Estadística!$Y$6:$Y$35,0)),0)))^2,""),"") | W14: =IF(ISNUMBER(N14),IFERROR((N14-IFERROR(INDEX(Estadística!$I$6:$I$35,MATCH(Y14,Estadística!$Y$6:$Y$35,0)),0))^2,""),"") | X14: =IF(ISNUMBER(R14),IF(R14>1,1,0),"") | Y14: =IF(OR(B14="",C14=""),"",B14&"|"&C14)
A15: 10 | B15: G01 | C15: FE2O3 | D15: 46282 | E15: Soldador 4 | F15: G01-D4 | G15: Personal | H15: Ciclón nylon 10 mm | I15: 1.7 | J15: 420 | K15: =IF(OR(I15="",J15=""),"",I15*J15/1000) | L15: 0.48063 | N15: =IF(OR(B15="",C15=""),"",IF(M15<>"",M15,IF(AND(N(L15)>0,N(K15)>0),L15/K15,""))) | O15: =IF(C15="","",IFERROR(INDEX(Agentes!$D$6:$D$60,MATCH(C15,Agentes!$A$6:$A$60,0)),"")) | P15: =IF(OR(H15="",O15=""),"",IF(AND(O15="Inhalable",LEFT(H15,6)="Casete"),"Subestima: el casete cerrado no colecta toda la fracción inhalable",IF(AND(O15="Respirable",LEFT(H15,6)<>"Ciclón"),"Requiere ciclón (fracción respirable)",IF(AND(O15="Inhalable",ISNUMBER(SEARCH("Respirable",IFERROR(INDEX(Agentes!$C$80:$C$87,MATCH(H15,Agentes!$B$80:$B$87,0)),"")))),"El ciclón no colecta la fracción inhalable","Coherente")))) | Q15: =IF(Y15="","",IFERROR(INDEX(GES!$W$6:$W$35,MATCH(Y15,GES!$R$6:$R$35,0)),"")) | R15: =IF(AND(ISNUMBER(N15),ISNUMBER(Q15)),N15/Q15,"") | S15: =IF(C15="","",IFERROR(INDEX(Agentes!$I$6:$I$60,MATCH(C15,Agentes!$A$6:$A$60,0)),"")) | U15: =IF(ISNUMBER(N15),IF(N15>0,LN(N15),""),"") | V15: =IF(ISNUMBER(U15),IFERROR((U15-LN(IFERROR(INDEX(Estadística!$K$6:$K$35,MATCH(Y15,Estadística!$Y$6:$Y$35,0)),0)))^2,""),"") | W15: =IF(ISNUMBER(N15),IFERROR((N15-IFERROR(INDEX(Estadística!$I$6:$I$35,MATCH(Y15,Estadística!$Y$6:$Y$35,0)),0))^2,""),"") | X15: =IF(ISNUMBER(R15),IF(R15>1,1,0),"") | Y15: =IF(OR(B15="",C15=""),"",B15&"|"&C15)
A16: 11 | B16: G01 | C16: FE2O3 | D16: 46283 | E16: Soldador 5 | F16: G01-D5 | G16: Personal | H16: Ciclón nylon 10 mm | I16: 1.7 | J16: 470 | K16: =IF(OR(I16="",J16=""),"",I16*J16/1000) | L16: 0.7965 | N16: =IF(OR(B16="",C16=""),"",IF(M16<>"",M16,IF(AND(N(L16)>0,N(K16)>0),L16/K16,""))) | O16: =IF(C16="","",IFERROR(INDEX(Agentes!$D$6:$D$60,MATCH(C16,Agentes!$A$6:$A$60,0)),"")) | P16: =IF(OR(H16="",O16=""),"",IF(AND(O16="Inhalable",LEFT(H16,6)="Casete"),"Subestima: el casete cerrado no colecta toda la fracción inhalable",IF(AND(O16="Respirable",LEFT(H16,6)<>"Ciclón"),"Requiere ciclón (fracción respirable)",IF(AND(O16="Inhalable",ISNUMBER(SEARCH("Respirable",IFERROR(INDEX(Agentes!$C$80:$C$87,MATCH(H16,Agentes!$B$80:$B$87,0)),"")))),"El ciclón no colecta la fracción inhalable","Coherente")))) | Q16: =IF(Y16="","",IFERROR(INDEX(GES!$W$6:$W$35,MATCH(Y16,GES!$R$6:$R$35,0)),"")) | R16: =IF(AND(ISNUMBER(N16),ISNUMBER(Q16)),N16/Q16,"") | S16: =IF(C16="","",IFERROR(INDEX(Agentes!$I$6:$I$60,MATCH(C16,Agentes!$A$6:$A$60,0)),"")) | U16: =IF(ISNUMBER(N16),IF(N16>0,LN(N16),""),"") | V16: =IF(ISNUMBER(U16),IFERROR((U16-LN(IFERROR(INDEX(Estadística!$K$6:$K$35,MATCH(Y16,Estadística!$Y$6:$Y$35,0)),0)))^2,""),"") | W16: =IF(ISNUMBER(N16),IFERROR((N16-IFERROR(INDEX(Estadística!$I$6:$I$35,MATCH(Y16,Estadística!$Y$6:$Y$35,0)),0))^2,""),"") | X16: =IF(ISNUMBER(R16),IF(R16>1,1,0),"") | Y16: =IF(OR(B16="",C16=""),"",B16&"|"&C16)
A17: 12 | B17: G01 | C17: FE2O3 | D17: 46284 | E17: Soldador 6 | F17: G01-D6 | G17: Personal | H17: Ciclón nylon 10 mm | I17: 1.7 | J17: 460 | K17: =IF(OR(I17="",J17=""),"",I17*J17/1000) | L17: 1.53752 | N17: =IF(OR(B17="",C17=""),"",IF(M17<>"",M17,IF(AND(N(L17)>0,N(K17)>0),L17/K17,""))) | O17: =IF(C17="","",IFERROR(INDEX(Agentes!$D$6:$D$60,MATCH(C17,Agentes!$A$6:$A$60,0)),"")) | P17: =IF(OR(H17="",O17=""),"",IF(AND(O17="Inhalable",LEFT(H17,6)="Casete"),"Subestima: el casete cerrado no colecta toda la fracción inhalable",IF(AND(O17="Respirable",LEFT(H17,6)<>"Ciclón"),"Requiere ciclón (fracción respirable)",IF(AND(O17="Inhalable",ISNUMBER(SEARCH("Respirable",IFERROR(INDEX(Agentes!$C$80:$C$87,MATCH(H17,Agentes!$B$80:$B$87,0)),"")))),"El ciclón no colecta la fracción inhalable","Coherente")))) | Q17: =IF(Y17="","",IFERROR(INDEX(GES!$W$6:$W$35,MATCH(Y17,GES!$R$6:$R$35,0)),"")) | R17: =IF(AND(ISNUMBER(N17),ISNUMBER(Q17)),N17/Q17,"") | S17: =IF(C17="","",IFERROR(INDEX(Agentes!$I$6:$I$60,MATCH(C17,Agentes!$A$6:$A$60,0)),"")) | U17: =IF(ISNUMBER(N17),IF(N17>0,LN(N17),""),"") | V17: =IF(ISNUMBER(U17),IFERROR((U17-LN(IFERROR(INDEX(Estadística!$K$6:$K$35,MATCH(Y17,Estadística!$Y$6:$Y$35,0)),0)))^2,""),"") | W17: =IF(ISNUMBER(N17),IFERROR((N17-IFERROR(INDEX(Estadística!$I$6:$I$35,MATCH(Y17,Estadística!$Y$6:$Y$35,0)),0))^2,""),"") | X17: =IF(ISNUMBER(R17),IF(R17>1,1,0),"") | Y17: =IF(OR(B17="",C17=""),"",B17&"|"&C17)
A18: 13 | B18: G02 | C18: CR6 | D18: 46279 | E18: Soldador inox. 1 | F18: G02-D1 | G18: Personal | H18: IOM inhalable (25 mm) | I18: 2 | J18: 470 | K18: =IF(OR(I18="",J18=""),"",I18*J18/1000) | L18: 3.7e-05 | N18: =IF(OR(B18="",C18=""),"",IF(M18<>"",M18,IF(AND(N(L18)>0,N(K18)>0),L18/K18,""))) | O18: =IF(C18="","",IFERROR(INDEX(Agentes!$D$6:$D$60,MATCH(C18,Agentes!$A$6:$A$60,0)),"")) | P18: =IF(OR(H18="",O18=""),"",IF(AND(O18="Inhalable",LEFT(H18,6)="Casete"),"Subestima: el casete cerrado no colecta toda la fracción inhalable",IF(AND(O18="Respirable",LEFT(H18,6)<>"Ciclón"),"Requiere ciclón (fracción respirable)",IF(AND(O18="Inhalable",ISNUMBER(SEARCH("Respirable",IFERROR(INDEX(Agentes!$C$80:$C$87,MATCH(H18,Agentes!$B$80:$B$87,0)),"")))),"El ciclón no colecta la fracción inhalable","Coherente")))) | Q18: =IF(Y18="","",IFERROR(INDEX(GES!$W$6:$W$35,MATCH(Y18,GES!$R$6:$R$35,0)),"")) | R18: =IF(AND(ISNUMBER(N18),ISNUMBER(Q18)),N18/Q18,"") | S18: =IF(C18="","",IFERROR(INDEX(Agentes!$I$6:$I$60,MATCH(C18,Agentes!$A$6:$A$60,0)),"")) | T18: Cr(VI) por NIOSH 7605 en filtro PVC paralelo al de níquel | U18: =IF(ISNUMBER(N18),IF(N18>0,LN(N18),""),"") | V18: =IF(ISNUMBER(U18),IFERROR((U18-LN(IFERROR(INDEX(Estadística!$K$6:$K$35,MATCH(Y18,Estadística!$Y$6:$Y$35,0)),0)))^2,""),"") | W18: =IF(ISNUMBER(N18),IFERROR((N18-IFERROR(INDEX(Estadística!$I$6:$I$35,MATCH(Y18,Estadística!$Y$6:$Y$35,0)),0))^2,""),"") | X18: =IF(ISNUMBER(R18),IF(R18>1,1,0),"") | Y18: =IF(OR(B18="",C18=""),"",B18&"|"&C18)
A19: 14 | B19: G02 | C19: CR6 | D19: 46280 | E19: Soldador inox. 2 | F19: G02-D2 | G19: Personal | H19: IOM inhalable (25 mm) | I19: 2 | J19: 470 | K19: =IF(OR(I19="",J19=""),"",I19*J19/1000) | L19: 5e-05 | N19: =IF(OR(B19="",C19=""),"",IF(M19<>"",M19,IF(AND(N(L19)>0,N(K19)>0),L19/K19,""))) | O19: =IF(C19="","",IFERROR(INDEX(Agentes!$D$6:$D$60,MATCH(C19,Agentes!$A$6:$A$60,0)),"")) | P19: =IF(OR(H19="",O19=""),"",IF(AND(O19="Inhalable",LEFT(H19,6)="Casete"),"Subestima: el casete cerrado no colecta toda la fracción inhalable",IF(AND(O19="Respirable",LEFT(H19,6)<>"Ciclón"),"Requiere ciclón (fracción respirable)",IF(AND(O19="Inhalable",ISNUMBER(SEARCH("Respirable",IFERROR(INDEX(Agentes!$C$80:$C$87,MATCH(H19,Agentes!$B$80:$B$87,0)),"")))),"El ciclón no colecta la fracción inhalable","Coherente")))) | Q19: =IF(Y19="","",IFERROR(INDEX(GES!$W$6:$W$35,MATCH(Y19,GES!$R$6:$R$35,0)),"")) | R19: =IF(AND(ISNUMBER(N19),ISNUMBER(Q19)),N19/Q19,"") | S19: =IF(C19="","",IFERROR(INDEX(Agentes!$I$6:$I$60,MATCH(C19,Agentes!$A$6:$A$60,0)),"")) | U19: =IF(ISNUMBER(N19),IF(N19>0,LN(N19),""),"") | V19: =IF(ISNUMBER(U19),IFERROR((U19-LN(IFERROR(INDEX(Estadística!$K$6:$K$35,MATCH(Y19,Estadística!$Y$6:$Y$35,0)),0)))^2,""),"") | W19: =IF(ISNUMBER(N19),IFERROR((N19-IFERROR(INDEX(Estadística!$I$6:$I$35,MATCH(Y19,Estadística!$Y$6:$Y$35,0)),0))^2,""),"") | X19: =IF(ISNUMBER(R19),IF(R19>1,1,0),"") | Y19: =IF(OR(B19="",C19=""),"",B19&"|"&C19)
A20: 15 | B20: G02 | C20: CR6 | D20: 46281 | E20: Soldador inox. 3 | F20: G02-D3 | G20: Personal | H20: IOM inhalable (25 mm) | I20: 2 | J20: 460 | K20: =IF(OR(I20="",J20=""),"",I20*J20/1000) | L20: 6.3e-05 | N20: =IF(OR(B20="",C20=""),"",IF(M20<>"",M20,IF(AND(N(L20)>0,N(K20)>0),L20/K20,""))) | O20: =IF(C20="","",IFERROR(INDEX(Agentes!$D$6:$D$60,MATCH(C20,Agentes!$A$6:$A$60,0)),"")) | P20: =IF(OR(H20="",O20=""),"",IF(AND(O20="Inhalable",LEFT(H20,6)="Casete"),"Subestima: el casete cerrado no colecta toda la fracción inhalable",IF(AND(O20="Respirable",LEFT(H20,6)<>"Ciclón"),"Requiere ciclón (fracción respirable)",IF(AND(O20="Inhalable",ISNUMBER(SEARCH("Respirable",IFERROR(INDEX(Agentes!$C$80:$C$87,MATCH(H20,Agentes!$B$80:$B$87,0)),"")))),"El ciclón no colecta la fracción inhalable","Coherente")))) | Q20: =IF(Y20="","",IFERROR(INDEX(GES!$W$6:$W$35,MATCH(Y20,GES!$R$6:$R$35,0)),"")) | R20: =IF(AND(ISNUMBER(N20),ISNUMBER(Q20)),N20/Q20,"") | S20: =IF(C20="","",IFERROR(INDEX(Agentes!$I$6:$I$60,MATCH(C20,Agentes!$A$6:$A$60,0)),"")) | U20: =IF(ISNUMBER(N20),IF(N20>0,LN(N20),""),"") | V20: =IF(ISNUMBER(U20),IFERROR((U20-LN(IFERROR(INDEX(Estadística!$K$6:$K$35,MATCH(Y20,Estadística!$Y$6:$Y$35,0)),0)))^2,""),"") | W20: =IF(ISNUMBER(N20),IFERROR((N20-IFERROR(INDEX(Estadística!$I$6:$I$35,MATCH(Y20,Estadística!$Y$6:$Y$35,0)),0))^2,""),"") | X20: =IF(ISNUMBER(R20),IF(R20>1,1,0),"") | Y20: =IF(OR(B20="",C20=""),"",B20&"|"&C20)
A21: 16 | B21: G02 | C21: CR6 | D21: 46282 | E21: Soldador inox. 4 | F21: G02-D4 | G21: Personal | H21: IOM inhalable (25 mm) | I21: 2 | J21: 420 | K21: =IF(OR(I21="",J21=""),"",I21*J21/1000) | L21: 0.000122 | N21: =IF(OR(B21="",C21=""),"",IF(M21<>"",M21,IF(AND(N(L21)>0,N(K21)>0),L21/K21,""))) | O21: =IF(C21="","",IFERROR(INDEX(Agentes!$D$6:$D$60,MATCH(C21,Agentes!$A$6:$A$60,0)),"")) | P21: =IF(OR(H21="",O21=""),"",IF(AND(O21="Inhalable",LEFT(H21,6)="Casete"),"Subestima: el casete cerrado no colecta toda la fracción inhalable",IF(AND(O21="Respirable",LEFT(H21,6)<>"Ciclón"),"Requiere ciclón (fracción respirable)",IF(AND(O21="Inhalable",ISNUMBER(SEARCH("Respirable",IFERROR(INDEX(Agentes!$C$80:$C$87,MATCH(H21,Agentes!$B$80:$B$87,0)),"")))),"El ciclón no colecta la fracción inhalable","Coherente")))) | Q21: =IF(Y21="","",IFERROR(INDEX(GES!$W$6:$W$35,MATCH(Y21,GES!$R$6:$R$35,0)),"")) | R21: =IF(AND(ISNUMBER(N21),ISNUMBER(Q21)),N21/Q21,"") | S21: =IF(C21="","",IFERROR(INDEX(Agentes!$I$6:$I$60,MATCH(C21,Agentes!$A$6:$A$60,0)),"")) | U21: =IF(ISNUMBER(N21),IF(N21>0,LN(N21),""),"") | V21: =IF(ISNUMBER(U21),IFERROR((U21-LN(IFERROR(INDEX(Estadística!$K$6:$K$35,MATCH(Y21,Estadística!$Y$6:$Y$35,0)),0)))^2,""),"") | W21: =IF(ISNUMBER(N21),IFERROR((N21-IFERROR(INDEX(Estadística!$I$6:$I$35,MATCH(Y21,Estadística!$Y$6:$Y$35,0)),0))^2,""),"") | X21: =IF(ISNUMBER(R21),IF(R21>1,1,0),"") | Y21: =IF(OR(B21="",C21=""),"",B21&"|"&C21)
A22: 17 | B22: G02 | C22: CR6 | D22: 46283 | E22: Soldador inox. 5 | F22: G02-D5 | G22: Personal | H22: IOM inhalable (25 mm) | I22: 2 | J22: 440 | K22: =IF(OR(I22="",J22=""),"",I22*J22/1000) | L22: 8e-05 | N22: =IF(OR(B22="",C22=""),"",IF(M22<>"",M22,IF(AND(N(L22)>0,N(K22)>0),L22/K22,""))) | O22: =IF(C22="","",IFERROR(INDEX(Agentes!$D$6:$D$60,MATCH(C22,Agentes!$A$6:$A$60,0)),"")) | P22: =IF(OR(H22="",O22=""),"",IF(AND(O22="Inhalable",LEFT(H22,6)="Casete"),"Subestima: el casete cerrado no colecta toda la fracción inhalable",IF(AND(O22="Respirable",LEFT(H22,6)<>"Ciclón"),"Requiere ciclón (fracción respirable)",IF(AND(O22="Inhalable",ISNUMBER(SEARCH("Respirable",IFERROR(INDEX(Agentes!$C$80:$C$87,MATCH(H22,Agentes!$B$80:$B$87,0)),"")))),"El ciclón no colecta la fracción inhalable","Coherente")))) | Q22: =IF(Y22="","",IFERROR(INDEX(GES!$W$6:$W$35,MATCH(Y22,GES!$R$6:$R$35,0)),"")) | R22: =IF(AND(ISNUMBER(N22),ISNUMBER(Q22)),N22/Q22,"") | S22: =IF(C22="","",IFERROR(INDEX(Agentes!$I$6:$I$60,MATCH(C22,Agentes!$A$6:$A$60,0)),"")) | U22: =IF(ISNUMBER(N22),IF(N22>0,LN(N22),""),"") | V22: =IF(ISNUMBER(U22),IFERROR((U22-LN(IFERROR(INDEX(Estadística!$K$6:$K$35,MATCH(Y22,Estadística!$Y$6:$Y$35,0)),0)))^2,""),"") | W22: =IF(ISNUMBER(N22),IFERROR((N22-IFERROR(INDEX(Estadística!$I$6:$I$35,MATCH(Y22,Estadística!$Y$6:$Y$35,0)),0))^2,""),"") | X22: =IF(ISNUMBER(R22),IF(R22>1,1,0),"") | Y22: =IF(OR(B22="",C22=""),"",B22&"|"&C22)
A23: 18 | B23: G02 | C23: CR6 | D23: 46284 | E23: Soldador inox. 6 | F23: G02-D6 | G23: Personal | H23: IOM inhalable (25 mm) | I23: 2 | J23: 420 | K23: =IF(OR(I23="",J23=""),"",I23*J23/1000) | L23: 2.1e-05 | N23: =IF(OR(B23="",C23=""),"",IF(M23<>"",M23,IF(AND(N(L23)>0,N(K23)>0),L23/K23,""))) | O23: =IF(C23="","",IFERROR(INDEX(Agentes!$D$6:$D$60,MATCH(C23,Agentes!$A$6:$A$60,0)),"")) | P23: =IF(OR(H23="",O23=""),"",IF(AND(O23="Inhalable",LEFT(H23,6)="Casete"),"Subestima: el casete cerrado no colecta toda la fracción inhalable",IF(AND(O23="Respirable",LEFT(H23,6)<>"Ciclón"),"Requiere ciclón (fracción respirable)",IF(AND(O23="Inhalable",ISNUMBER(SEARCH("Respirable",IFERROR(INDEX(Agentes!$C$80:$C$87,MATCH(H23,Agentes!$B$80:$B$87,0)),"")))),"El ciclón no colecta la fracción inhalable","Coherente")))) | Q23: =IF(Y23="","",IFERROR(INDEX(GES!$W$6:$W$35,MATCH(Y23,GES!$R$6:$R$35,0)),"")) | R23: =IF(AND(ISNUMBER(N23),ISNUMBER(Q23)),N23/Q23,"") | S23: =IF(C23="","",IFERROR(INDEX(Agentes!$I$6:$I$60,MATCH(C23,Agentes!$A$6:$A$60,0)),"")) | U23: =IF(ISNUMBER(N23),IF(N23>0,LN(N23),""),"") | V23: =IF(ISNUMBER(U23),IFERROR((U23-LN(IFERROR(INDEX(Estadística!$K$6:$K$35,MATCH(Y23,Estadística!$Y$6:$Y$35,0)),0)))^2,""),"") | W23: =IF(ISNUMBER(N23),IFERROR((N23-IFERROR(INDEX(Estadística!$I$6:$I$35,MATCH(Y23,Estadística!$Y$6:$Y$35,0)),0))^2,""),"") | X23: =IF(ISNUMBER(R23),IF(R23>1,1,0),"") | Y23: =IF(OR(B23="",C23=""),"",B23&"|"&C23)
A24: 19 | B24: G02 | C24: NI-I | D24: 46279 | E24: Soldador inox. 1 | F24: G02-D1 | G24: Personal | H24: IOM inhalable (25 mm) | I24: 2 | J24: 470 | K24: =IF(OR(I24="",J24=""),"",I24*J24/1000) | L24: 0.03172 | N24: =IF(OR(B24="",C24=""),"",IF(M24<>"",M24,IF(AND(N(L24)>0,N(K24)>0),L24/K24,""))) | O24: =IF(C24="","",IFERROR(INDEX(Agentes!$D$6:$D$60,MATCH(C24,Agentes!$A$6:$A$60,0)),"")) | P24: =IF(OR(H24="",O24=""),"",IF(AND(O24="Inhalable",LEFT(H24,6)="Casete"),"Subestima: el casete cerrado no colecta toda la fracción inhalable",IF(AND(O24="Respirable",LEFT(H24,6)<>"Ciclón"),"Requiere ciclón (fracción respirable)",IF(AND(O24="Inhalable",ISNUMBER(SEARCH("Respirable",IFERROR(INDEX(Agentes!$C$80:$C$87,MATCH(H24,Agentes!$B$80:$B$87,0)),"")))),"El ciclón no colecta la fracción inhalable","Coherente")))) | Q24: =IF(Y24="","",IFERROR(INDEX(GES!$W$6:$W$35,MATCH(Y24,GES!$R$6:$R$35,0)),"")) | R24: =IF(AND(ISNUMBER(N24),ISNUMBER(Q24)),N24/Q24,"") | S24: =IF(C24="","",IFERROR(INDEX(Agentes!$I$6:$I$60,MATCH(C24,Agentes!$A$6:$A$60,0)),"")) | U24: =IF(ISNUMBER(N24),IF(N24>0,LN(N24),""),"") | V24: =IF(ISNUMBER(U24),IFERROR((U24-LN(IFERROR(INDEX(Estadística!$K$6:$K$35,MATCH(Y24,Estadística!$Y$6:$Y$35,0)),0)))^2,""),"") | W24: =IF(ISNUMBER(N24),IFERROR((N24-IFERROR(INDEX(Estadística!$I$6:$I$35,MATCH(Y24,Estadística!$Y$6:$Y$35,0)),0))^2,""),"") | X24: =IF(ISNUMBER(R24),IF(R24>1,1,0),"") | Y24: =IF(OR(B24="",C24=""),"",B24&"|"&C24)
A25: 20 | B25: G02 | C25: NI-I | D25: 46280 | E25: Soldador inox. 2 | F25: G02-D2 | G25: Personal | H25: IOM inhalable (25 mm) | I25: 2 | J25: 420 | K25: =IF(OR(I25="",J25=""),"",I25*J25/1000) | L25: 0.0112 | N25: =IF(OR(B25="",C25=""),"",IF(M25<>"",M25,IF(AND(N(L25)>0,N(K25)>0),L25/K25,""))) | O25: =IF(C25="","",IFERROR(INDEX(Agentes!$D$6:$D$60,MATCH(C25,Agentes!$A$6:$A$60,0)),"")) | P25: =IF(OR(H25="",O25=""),"",IF(AND(O25="Inhalable",LEFT(H25,6)="Casete"),"Subestima: el casete cerrado no colecta toda la fracción inhalable",IF(AND(O25="Respirable",LEFT(H25,6)<>"Ciclón"),"Requiere ciclón (fracción respirable)",IF(AND(O25="Inhalable",ISNUMBER(SEARCH("Respirable",IFERROR(INDEX(Agentes!$C$80:$C$87,MATCH(H25,Agentes!$B$80:$B$87,0)),"")))),"El ciclón no colecta la fracción inhalable","Coherente")))) | Q25: =IF(Y25="","",IFERROR(INDEX(GES!$W$6:$W$35,MATCH(Y25,GES!$R$6:$R$35,0)),"")) | R25: =IF(AND(ISNUMBER(N25),ISNUMBER(Q25)),N25/Q25,"") | S25: =IF(C25="","",IFERROR(INDEX(Agentes!$I$6:$I$60,MATCH(C25,Agentes!$A$6:$A$60,0)),"")) | U25: =IF(ISNUMBER(N25),IF(N25>0,LN(N25),""),"") | V25: =IF(ISNUMBER(U25),IFERROR((U25-LN(IFERROR(INDEX(Estadística!$K$6:$K$35,MATCH(Y25,Estadística!$Y$6:$Y$35,0)),0)))^2,""),"") | W25: =IF(ISNUMBER(N25),IFERROR((N25-IFERROR(INDEX(Estadística!$I$6:$I$35,MATCH(Y25,Estadística!$Y$6:$Y$35,0)),0))^2,""),"") | X25: =IF(ISNUMBER(R25),IF(R25>1,1,0),"") | Y25: =IF(OR(B25="",C25=""),"",B25&"|"&C25)
A26: 21 | B26: G02 | C26: NI-I | D26: 46281 | E26: Soldador inox. 3 | F26: G02-D3 | G26: Personal | H26: IOM inhalable (25 mm) | I26: 2 | J26: 470 | K26: =IF(OR(I26="",J26=""),"",I26*J26/1000) | L26: 0.06346 | N26: =IF(OR(B26="",C26=""),"",IF(M26<>"",M26,IF(AND(N(L26)>0,N(K26)>0),L26/K26,""))) | O26: =IF(C26="","",IFERROR(INDEX(Agentes!$D$6:$D$60,MATCH(C26,Agentes!$A$6:$A$60,0)),"")) | P26: =IF(OR(H26="",O26=""),"",IF(AND(O26="Inhalable",LEFT(H26,6)="Casete"),"Subestima: el casete cerrado no colecta toda la fracción inhalable",IF(AND(O26="Respirable",LEFT(H26,6)<>"Ciclón"),"Requiere ciclón (fracción respirable)",IF(AND(O26="Inhalable",ISNUMBER(SEARCH("Respirable",IFERROR(INDEX(Agentes!$C$80:$C$87,MATCH(H26,Agentes!$B$80:$B$87,0)),"")))),"El ciclón no colecta la fracción inhalable","Coherente")))) | Q26: =IF(Y26="","",IFERROR(INDEX(GES!$W$6:$W$35,MATCH(Y26,GES!$R$6:$R$35,0)),"")) | R26: =IF(AND(ISNUMBER(N26),ISNUMBER(Q26)),N26/Q26,"") | S26: =IF(C26="","",IFERROR(INDEX(Agentes!$I$6:$I$60,MATCH(C26,Agentes!$A$6:$A$60,0)),"")) | U26: =IF(ISNUMBER(N26),IF(N26>0,LN(N26),""),"") | V26: =IF(ISNUMBER(U26),IFERROR((U26-LN(IFERROR(INDEX(Estadística!$K$6:$K$35,MATCH(Y26,Estadística!$Y$6:$Y$35,0)),0)))^2,""),"") | W26: =IF(ISNUMBER(N26),IFERROR((N26-IFERROR(INDEX(Estadística!$I$6:$I$35,MATCH(Y26,Estadística!$Y$6:$Y$35,0)),0))^2,""),"") | X26: =IF(ISNUMBER(R26),IF(R26>1,1,0),"") | Y26: =IF(OR(B26="",C26=""),"",B26&"|"&C26)
A27: 22 | B27: G02 | C27: NI-I | D27: 46282 | E27: Soldador inox. 4 | F27: G02-D4 | G27: Personal | H27: IOM inhalable (25 mm) | I27: 2 | J27: 450 | K27: =IF(OR(I27="",J27=""),"",I27*J27/1000) | L27: 0.02401 | N27: =IF(OR(B27="",C27=""),"",IF(M27<>"",M27,IF(AND(N(L27)>0,N(K27)>0),L27/K27,""))) | O27: =IF(C27="","",IFERROR(INDEX(Agentes!$D$6:$D$60,MATCH(C27,Agentes!$A$6:$A$60,0)),"")) | P27: =IF(OR(H27="",O27=""),"",IF(AND(O27="Inhalable",LEFT(H27,6)="Casete"),"Subestima: el casete cerrado no colecta toda la fracción inhalable",IF(AND(O27="Respirable",LEFT(H27,6)<>"Ciclón"),"Requiere ciclón (fracción respirable)",IF(AND(O27="Inhalable",ISNUMBER(SEARCH("Respirable",IFERROR(INDEX(Agentes!$C$80:$C$87,MATCH(H27,Agentes!$B$80:$B$87,0)),"")))),"El ciclón no colecta la fracción inhalable","Coherente")))) | Q27: =IF(Y27="","",IFERROR(INDEX(GES!$W$6:$W$35,MATCH(Y27,GES!$R$6:$R$35,0)),"")) | R27: =IF(AND(ISNUMBER(N27),ISNUMBER(Q27)),N27/Q27,"") | S27: =IF(C27="","",IFERROR(INDEX(Agentes!$I$6:$I$60,MATCH(C27,Agentes!$A$6:$A$60,0)),"")) | U27: =IF(ISNUMBER(N27),IF(N27>0,LN(N27),""),"") | V27: =IF(ISNUMBER(U27),IFERROR((U27-LN(IFERROR(INDEX(Estadística!$K$6:$K$35,MATCH(Y27,Estadística!$Y$6:$Y$35,0)),0)))^2,""),"") | W27: =IF(ISNUMBER(N27),IFERROR((N27-IFERROR(INDEX(Estadística!$I$6:$I$35,MATCH(Y27,Estadística!$Y$6:$Y$35,0)),0))^2,""),"") | X27: =IF(ISNUMBER(R27),IF(R27>1,1,0),"") | Y27: =IF(OR(B27="",C27=""),"",B27&"|"&C27)
A28: 23 | B28: G02 | C28: NI-I | D28: 46283 | E28: Soldador inox. 5 | F28: G02-D5 | G28: Personal | H28: IOM inhalable (25 mm) | I28: 2 | J28: 470 | K28: =IF(OR(I28="",J28=""),"",I28*J28/1000) | L28: 0.01936 | N28: =IF(OR(B28="",C28=""),"",IF(M28<>"",M28,IF(AND(N(L28)>0,N(K28)>0),L28/K28,""))) | O28: =IF(C28="","",IFERROR(INDEX(Agentes!$D$6:$D$60,MATCH(C28,Agentes!$A$6:$A$60,0)),"")) | P28: =IF(OR(H28="",O28=""),"",IF(AND(O28="Inhalable",LEFT(H28,6)="Casete"),"Subestima: el casete cerrado no colecta toda la fracción inhalable",IF(AND(O28="Respirable",LEFT(H28,6)<>"Ciclón"),"Requiere ciclón (fracción respirable)",IF(AND(O28="Inhalable",ISNUMBER(SEARCH("Respirable",IFERROR(INDEX(Agentes!$C$80:$C$87,MATCH(H28,Agentes!$B$80:$B$87,0)),"")))),"El ciclón no colecta la fracción inhalable","Coherente")))) | Q28: =IF(Y28="","",IFERROR(INDEX(GES!$W$6:$W$35,MATCH(Y28,GES!$R$6:$R$35,0)),"")) | R28: =IF(AND(ISNUMBER(N28),ISNUMBER(Q28)),N28/Q28,"") | S28: =IF(C28="","",IFERROR(INDEX(Agentes!$I$6:$I$60,MATCH(C28,Agentes!$A$6:$A$60,0)),"")) | U28: =IF(ISNUMBER(N28),IF(N28>0,LN(N28),""),"") | V28: =IF(ISNUMBER(U28),IFERROR((U28-LN(IFERROR(INDEX(Estadística!$K$6:$K$35,MATCH(Y28,Estadística!$Y$6:$Y$35,0)),0)))^2,""),"") | W28: =IF(ISNUMBER(N28),IFERROR((N28-IFERROR(INDEX(Estadística!$I$6:$I$35,MATCH(Y28,Estadística!$Y$6:$Y$35,0)),0))^2,""),"") | X28: =IF(ISNUMBER(R28),IF(R28>1,1,0),"") | Y28: =IF(OR(B28="",C28=""),"",B28&"|"&C28)
A29: 24 | B29: G02 | C29: NI-I | D29: 46284 | E29: Soldador inox. 6 | F29: G02-D6 | G29: Personal | H29: IOM inhalable (25 mm) | I29: 2 | J29: 440 | K29: =IF(OR(I29="",J29=""),"",I29*J29/1000) | L29: 0.03846 | N29: =IF(OR(B29="",C29=""),"",IF(M29<>"",M29,IF(AND(N(L29)>0,N(K29)>0),L29/K29,""))) | O29: =IF(C29="","",IFERROR(INDEX(Agentes!$D$6:$D$60,MATCH(C29,Agentes!$A$6:$A$60,0)),"")) | P29: =IF(OR(H29="",O29=""),"",IF(AND(O29="Inhalable",LEFT(H29,6)="Casete"),"Subestima: el casete cerrado no colecta toda la fracción inhalable",IF(AND(O29="Respirable",LEFT(H29,6)<>"Ciclón"),"Requiere ciclón (fracción respirable)",IF(AND(O29="Inhalable",ISNUMBER(SEARCH("Respirable",IFERROR(INDEX(Agentes!$C$80:$C$87,MATCH(H29,Agentes!$B$80:$B$87,0)),"")))),"El ciclón no colecta la fracción inhalable","Coherente")))) | Q29: =IF(Y29="","",IFERROR(INDEX(GES!$W$6:$W$35,MATCH(Y29,GES!$R$6:$R$35,0)),"")) | R29: =IF(AND(ISNUMBER(N29),ISNUMBER(Q29)),N29/Q29,"") | S29: =IF(C29="","",IFERROR(INDEX(Agentes!$I$6:$I$60,MATCH(C29,Agentes!$A$6:$A$60,0)),"")) | U29: =IF(ISNUMBER(N29),IF(N29>0,LN(N29),""),"") | V29: =IF(ISNUMBER(U29),IFERROR((U29-LN(IFERROR(INDEX(Estadística!$K$6:$K$35,MATCH(Y29,Estadística!$Y$6:$Y$35,0)),0)))^2,""),"") | W29: =IF(ISNUMBER(N29),IFERROR((N29-IFERROR(INDEX(Estadística!$I$6:$I$35,MATCH(Y29,Estadística!$Y$6:$Y$35,0)),0))^2,""),"") | X29: =IF(ISNUMBER(R29),IF(R29>1,1,0),"") | Y29: =IF(OR(B29="",C29=""),"",B29&"|"&C29)
A30: 25 | B30: G03 | C30: CEM | D30: 46279 | E30: Ensacador 1 | F30: G03-D1 | G30: Personal | H30: Ciclón nylon 10 mm | I30: 1.7 | J30: 470 | K30: =IF(OR(I30="",J30=""),"",I30*J30/1000) | L30: 0.26183 | N30: =IF(OR(B30="",C30=""),"",IF(M30<>"",M30,IF(AND(N(L30)>0,N(K30)>0),L30/K30,""))) | O30: =IF(C30="","",IFERROR(INDEX(Agentes!$D$6:$D$60,MATCH(C30,Agentes!$A$6:$A$60,0)),"")) | P30: =IF(OR(H30="",O30=""),"",IF(AND(O30="Inhalable",LEFT(H30,6)="Casete"),"Subestima: el casete cerrado no colecta toda la fracción inhalable",IF(AND(O30="Respirable",LEFT(H30,6)<>"Ciclón"),"Requiere ciclón (fracción respirable)",IF(AND(O30="Inhalable",ISNUMBER(SEARCH("Respirable",IFERROR(INDEX(Agentes!$C$80:$C$87,MATCH(H30,Agentes!$B$80:$B$87,0)),"")))),"El ciclón no colecta la fracción inhalable","Coherente")))) | Q30: =IF(Y30="","",IFERROR(INDEX(GES!$W$6:$W$35,MATCH(Y30,GES!$R$6:$R$35,0)),"")) | R30: =IF(AND(ISNUMBER(N30),ISNUMBER(Q30)),N30/Q30,"") | S30: =IF(C30="","",IFERROR(INDEX(Agentes!$I$6:$I$60,MATCH(C30,Agentes!$A$6:$A$60,0)),"")) | U30: =IF(ISNUMBER(N30),IF(N30>0,LN(N30),""),"") | V30: =IF(ISNUMBER(U30),IFERROR((U30-LN(IFERROR(INDEX(Estadística!$K$6:$K$35,MATCH(Y30,Estadística!$Y$6:$Y$35,0)),0)))^2,""),"") | W30: =IF(ISNUMBER(N30),IFERROR((N30-IFERROR(INDEX(Estadística!$I$6:$I$35,MATCH(Y30,Estadística!$Y$6:$Y$35,0)),0))^2,""),"") | X30: =IF(ISNUMBER(R30),IF(R30>1,1,0),"") | Y30: =IF(OR(B30="",C30=""),"",B30&"|"&C30)
... A52: 47 | B52: G06 | C52: PNOS-I | D52: 46283 | E52: Pulidor 5 | F52: G06-D5 | G52: Personal | H52: IOM inhalable (25 mm) | I52: 2 | J52: 420 | K52: =IF(OR(I52="",J52=""),"",I52*J52/1000) | L52: 5.24107 | N52: =IF(OR(B52="",C52=""),"",IF(M52<>"",M52,IF(AND(N(L52)>0,N(K52)>0),L52/K52,""))) | O52: =IF(C52="","",IFERROR(INDEX(Agentes!$D$6:$D$60,MATCH(C52,Agentes!$A$6:$A$60,0)),"")) | P52: =IF(OR(H52="",O52=""),"",IF(AND(O52="Inhalable",LEFT(H52,6)="Casete"),"Subestima: el casete cerrado no colecta toda la fracción inhalable",IF(AND(O52="Respirable",LEFT(H52,6)<>"Ciclón"),"Requiere ciclón (fracción respirable)",IF(AND(O52="Inhalable",ISNUMBER(SEARCH("Respirable",IFERROR(INDEX(Agentes!$C$80:$C$87,MATCH(H52,Agentes!$B$80:$B$87,0)),"")))),"El ciclón no colecta la fracción inhalable","Coherente")))) | Q52: =IF(Y52="","",IFERROR(INDEX(GES!$W$6:$W$35,MATCH(Y52,GES!$R$6:$R$35,0)),"")) | R52: =IF(AND(ISNUMBER(N52),ISNUMBER(Q52)),N52/Q52,"") | S52: =IF(C52="","",IFERROR(INDEX(Agentes!$I$6:$I$60,MATCH(C52,Agentes!$A$6:$A$60,0)),"")) | U52: =IF(ISNUMBER(N52),IF(N52>0,LN(N52),""),"") | V52: =IF(ISNUMBER(U52),IFERROR((U52-LN(IFERROR(INDEX(Estadística!$K$6:$K$35,MATCH(Y52,Estadística!$Y$6:$Y$35,0)),0)))^2,""),"") | W52: =IF(ISNUMBER(N52),IFERROR((N52-IFERROR(INDEX(Estadística!$I$6:$I$35,MATCH(Y52,Estadística!$Y$6:$Y$35,0)),0))^2,""),"") | X52: =IF(ISNUMBER(R52),IF(R52>1,1,0),"") | Y52: =IF(OR(B52="",C52=""),"",B52&"|"&C52)
A53: 48 | B53: G06 | C53: PNOS-I | D53: 46284 | E53: Pulidor 6 | F53: G06-D6 | G53: Personal | H53: Casete 37 mm cerrado (total) | I53: 2 | J53: 470 | K53: =IF(OR(I53="",J53=""),"",I53*J53/1000) | L53: 1.35591 | N53: =IF(OR(B53="",C53=""),"",IF(M53<>"",M53,IF(AND(N(L53)>0,N(K53)>0),L53/K53,""))) | O53: =IF(C53="","",IFERROR(INDEX(Agentes!$D$6:$D$60,MATCH(C53,Agentes!$A$6:$A$60,0)),"")) | P53: =IF(OR(H53="",O53=""),"",IF(AND(O53="Inhalable",LEFT(H53,6)="Casete"),"Subestima: el casete cerrado no colecta toda la fracción inhalable",IF(AND(O53="Respirable",LEFT(H53,6)<>"Ciclón"),"Requiere ciclón (fracción respirable)",IF(AND(O53="Inhalable",ISNUMBER(SEARCH("Respirable",IFERROR(INDEX(Agentes!$C$80:$C$87,MATCH(H53,Agentes!$B$80:$B$87,0)),"")))),"El ciclón no colecta la fracción inhalable","Coherente")))) | Q53: =IF(Y53="","",IFERROR(INDEX(GES!$W$6:$W$35,MATCH(Y53,GES!$R$6:$R$35,0)),"")) | R53: =IF(AND(ISNUMBER(N53),ISNUMBER(Q53)),N53/Q53,"") | S53: =IF(C53="","",IFERROR(INDEX(Agentes!$I$6:$I$60,MATCH(C53,Agentes!$A$6:$A$60,0)),"")) | T53: Tomada con casete cerrado: subestima la fracción inhalable | U53: =IF(ISNUMBER(N53),IF(N53>0,LN(N53),""),"") | V53: =IF(ISNUMBER(U53),IFERROR((U53-LN(IFERROR(INDEX(Estadística!$K$6:$K$35,MATCH(Y53,Estadística!$Y$6:$Y$35,0)),0)))^2,""),"") | W53: =IF(ISNUMBER(N53),IFERROR((N53-IFERROR(INDEX(Estadística!$I$6:$I$35,MATCH(Y53,Estadística!$Y$6:$Y$35,0)),0))^2,""),"") | X53: =IF(ISNUMBER(R53),IF(R53>1,1,0),"") | Y53: =IF(OR(B53="",C53=""),"",B53&"|"&C53)
A54: 49 | K54: =IF(OR(I54="",J54=""),"",I54*J54/1000) | N54: =IF(OR(B54="",C54=""),"",IF(M54<>"",M54,IF(AND(N(L54)>0,N(K54)>0),L54/K54,""))) | O54: =IF(C54="","",IFERROR(INDEX(Agentes!$D$6:$D$60,MATCH(C54,Agentes!$A$6:$A$60,0)),"")) | P54: =IF(OR(H54="",O54=""),"",IF(AND(O54="Inhalable",LEFT(H54,6)="Casete"),"Subestima: el casete cerrado no colecta toda la fracción inhalable",IF(AND(O54="Respirable",LEFT(H54,6)<>"Ciclón"),"Requiere ciclón (fracción respirable)",IF(AND(O54="Inhalable",ISNUMBER(SEARCH("Respirable",IFERROR(INDEX(Agentes!$C$80:$C$87,MATCH(H54,Agentes!$B$80:$B$87,0)),"")))),"El ciclón no colecta la fracción inhalable","Coherente")))) | Q54: =IF(Y54="","",IFERROR(INDEX(GES!$W$6:$W$35,MATCH(Y54,GES!$R$6:$R$35,0)),"")) | R54: =IF(AND(ISNUMBER(N54),ISNUMBER(Q54)),N54/Q54,"") | S54: =IF(C54="","",IFERROR(INDEX(Agentes!$I$6:$I$60,MATCH(C54,Agentes!$A$6:$A$60,0)),"")) | U54: =IF(ISNUMBER(N54),IF(N54>0,LN(N54),""),"") | V54: =IF(ISNUMBER(U54),IFERROR((U54-LN(IFERROR(INDEX(Estadística!$K$6:$K$35,MATCH(Y54,Estadística!$Y$6:$Y$35,0)),0)))^2,""),"") | W54: =IF(ISNUMBER(N54),IFERROR((N54-IFERROR(INDEX(Estadística!$I$6:$I$35,MATCH(Y54,Estadística!$Y$6:$Y$35,0)),0))^2,""),"") | X54: =IF(ISNUMBER(R54),IF(R54>1,1,0),"") | Y54: =IF(OR(B54="",C54=""),"",B54&"|"&C54)
A55: 50 | K55: =IF(OR(I55="",J55=""),"",I55*J55/1000) | N55: =IF(OR(B55="",C55=""),"",IF(M55<>"",M55,IF(AND(N(L55)>0,N(K55)>0),L55/K55,""))) | O55: =IF(C55="","",IFERROR(INDEX(Agentes!$D$6:$D$60,MATCH(C55,Agentes!$A$6:$A$60,0)),"")) | P55: =IF(OR(H55="",O55=""),"",IF(AND(O55="Inhalable",LEFT(H55,6)="Casete"),"Subestima: el casete cerrado no colecta toda la fracción inhalable",IF(AND(O55="Respirable",LEFT(H55,6)<>"Ciclón"),"Requiere ciclón (fracción respirable)",IF(AND(O55="Inhalable",ISNUMBER(SEARCH("Respirable",IFERROR(INDEX(Agentes!$C$80:$C$87,MATCH(H55,Agentes!$B$80:$B$87,0)),"")))),"El ciclón no colecta la fracción inhalable","Coherente")))) | Q55: =IF(Y55="","",IFERROR(INDEX(GES!$W$6:$W$35,MATCH(Y55,GES!$R$6:$R$35,0)),"")) | R55: =IF(AND(ISNUMBER(N55),ISNUMBER(Q55)),N55/Q55,"") | S55: =IF(C55="","",IFERROR(INDEX(Agentes!$I$6:$I$60,MATCH(C55,Agentes!$A$6:$A$60,0)),"")) | U55: =IF(ISNUMBER(N55),IF(N55>0,LN(N55),""),"") | V55: =IF(ISNUMBER(U55),IFERROR((U55-LN(IFERROR(INDEX(Estadística!$K$6:$K$35,MATCH(Y55,Estadística!$Y$6:$Y$35,0)),0)))^2,""),"") | W55: =IF(ISNUMBER(N55),IFERROR((N55-IFERROR(INDEX(Estadística!$I$6:$I$35,MATCH(Y55,Estadística!$Y$6:$Y$35,0)),0))^2,""),"") | X55: =IF(ISNUMBER(R55),IF(R55>1,1,0),"") | Y55: =IF(OR(B55="",C55=""),"",B55&"|"&C55)
A56: 51 | K56: =IF(OR(I56="",J56=""),"",I56*J56/1000) | N56: =IF(OR(B56="",C56=""),"",IF(M56<>"",M56,IF(AND(N(L56)>0,N(K56)>0),L56/K56,""))) | O56: =IF(C56="","",IFERROR(INDEX(Agentes!$D$6:$D$60,MATCH(C56,Agentes!$A$6:$A$60,0)),"")) | P56: =IF(OR(H56="",O56=""),"",IF(AND(O56="Inhalable",LEFT(H56,6)="Casete"),"Subestima: el casete cerrado no colecta toda la fracción inhalable",IF(AND(O56="Respirable",LEFT(H56,6)<>"Ciclón"),"Requiere ciclón (fracción respirable)",IF(AND(O56="Inhalable",ISNUMBER(SEARCH("Respirable",IFERROR(INDEX(Agentes!$C$80:$C$87,MATCH(H56,Agentes!$B$80:$B$87,0)),"")))),"El ciclón no colecta la fracción inhalable","Coherente")))) | Q56: =IF(Y56="","",IFERROR(INDEX(GES!$W$6:$W$35,MATCH(Y56,GES!$R$6:$R$35,0)),"")) | R56: =IF(AND(ISNUMBER(N56),ISNUMBER(Q56)),N56/Q56,"") | S56: =IF(C56="","",IFERROR(INDEX(Agentes!$I$6:$I$60,MATCH(C56,Agentes!$A$6:$A$60,0)),"")) | U56: =IF(ISNUMBER(N56),IF(N56>0,LN(N56),""),"") | V56: =IF(ISNUMBER(U56),IFERROR((U56-LN(IFERROR(INDEX(Estadística!$K$6:$K$35,MATCH(Y56,Estadística!$Y$6:$Y$35,0)),0)))^2,""),"") | W56: =IF(ISNUMBER(N56),IFERROR((N56-IFERROR(INDEX(Estadística!$I$6:$I$35,MATCH(Y56,Estadística!$Y$6:$Y$35,0)),0))^2,""),"") | X56: =IF(ISNUMBER(R56),IF(R56>1,1,0),"") | Y56: =IF(OR(B56="",C56=""),"",B56&"|"&C56)
A57: 52 | K57: =IF(OR(I57="",J57=""),"",I57*J57/1000) | N57: =IF(OR(B57="",C57=""),"",IF(M57<>"",M57,IF(AND(N(L57)>0,N(K57)>0),L57/K57,""))) | O57: =IF(C57="","",IFERROR(INDEX(Agentes!$D$6:$D$60,MATCH(C57,Agentes!$A$6:$A$60,0)),"")) | P57: =IF(OR(H57="",O57=""),"",IF(AND(O57="Inhalable",LEFT(H57,6)="Casete"),"Subestima: el casete cerrado no colecta toda la fracción inhalable",IF(AND(O57="Respirable",LEFT(H57,6)<>"Ciclón"),"Requiere ciclón (fracción respirable)",IF(AND(O57="Inhalable",ISNUMBER(SEARCH("Respirable",IFERROR(INDEX(Agentes!$C$80:$C$87,MATCH(H57,Agentes!$B$80:$B$87,0)),"")))),"El ciclón no colecta la fracción inhalable","Coherente")))) | Q57: =IF(Y57="","",IFERROR(INDEX(GES!$W$6:$W$35,MATCH(Y57,GES!$R$6:$R$35,0)),"")) | R57: =IF(AND(ISNUMBER(N57),ISNUMBER(Q57)),N57/Q57,"") | S57: =IF(C57="","",IFERROR(INDEX(Agentes!$I$6:$I$60,MATCH(C57,Agentes!$A$6:$A$60,0)),"")) | U57: =IF(ISNUMBER(N57),IF(N57>0,LN(N57),""),"") | V57: =IF(ISNUMBER(U57),IFERROR((U57-LN(IFERROR(INDEX(Estadística!$K$6:$K$35,MATCH(Y57,Estadística!$Y$6:$Y$35,0)),0)))^2,""),"") | W57: =IF(ISNUMBER(N57),IFERROR((N57-IFERROR(INDEX(Estadística!$I$6:$I$35,MATCH(Y57,Estadística!$Y$6:$Y$35,0)),0))^2,""),"") | X57: =IF(ISNUMBER(R57),IF(R57>1,1,0),"") | Y57: =IF(OR(B57="",C57=""),"",B57&"|"&C57)
A58: 53 | K58: =IF(OR(I58="",J58=""),"",I58*J58/1000) | N58: =IF(OR(B58="",C58=""),"",IF(M58<>"",M58,IF(AND(N(L58)>0,N(K58)>0),L58/K58,""))) | O58: =IF(C58="","",IFERROR(INDEX(Agentes!$D$6:$D$60,MATCH(C58,Agentes!$A$6:$A$60,0)),"")) | P58: =IF(OR(H58="",O58=""),"",IF(AND(O58="Inhalable",LEFT(H58,6)="Casete"),"Subestima: el casete cerrado no colecta toda la fracción inhalable",IF(AND(O58="Respirable",LEFT(H58,6)<>"Ciclón"),"Requiere ciclón (fracción respirable)",IF(AND(O58="Inhalable",ISNUMBER(SEARCH("Respirable",IFERROR(INDEX(Agentes!$C$80:$C$87,MATCH(H58,Agentes!$B$80:$B$87,0)),"")))),"El ciclón no colecta la fracción inhalable","Coherente")))) | Q58: =IF(Y58="","",IFERROR(INDEX(GES!$W$6:$W$35,MATCH(Y58,GES!$R$6:$R$35,0)),"")) | R58: =IF(AND(ISNUMBER(N58),ISNUMBER(Q58)),N58/Q58,"") | S58: =IF(C58="","",IFERROR(INDEX(Agentes!$I$6:$I$60,MATCH(C58,Agentes!$A$6:$A$60,0)),"")) | U58: =IF(ISNUMBER(N58),IF(N58>0,LN(N58),""),"") | V58: =IF(ISNUMBER(U58),IFERROR((U58-LN(IFERROR(INDEX(Estadística!$K$6:$K$35,MATCH(Y58,Estadística!$Y$6:$Y$35,0)),0)))^2,""),"") | W58: =IF(ISNUMBER(N58),IFERROR((N58-IFERROR(INDEX(Estadística!$I$6:$I$35,MATCH(Y58,Estadística!$Y$6:$Y$35,0)),0))^2,""),"") | X58: =IF(ISNUMBER(R58),IF(R58>1,1,0),"") | Y58: =IF(OR(B58="",C58=""),"",B58&"|"&C58)
A59: 54 | K59: =IF(OR(I59="",J59=""),"",I59*J59/1000) | N59: =IF(OR(B59="",C59=""),"",IF(M59<>"",M59,IF(AND(N(L59)>0,N(K59)>0),L59/K59,""))) | O59: =IF(C59="","",IFERROR(INDEX(Agentes!$D$6:$D$60,MATCH(C59,Agentes!$A$6:$A$60,0)),"")) | P59: =IF(OR(H59="",O59=""),"",IF(AND(O59="Inhalable",LEFT(H59,6)="Casete"),"Subestima: el casete cerrado no colecta toda la fracción inhalable",IF(AND(O59="Respirable",LEFT(H59,6)<>"Ciclón"),"Requiere ciclón (fracción respirable)",IF(AND(O59="Inhalable",ISNUMBER(SEARCH("Respirable",IFERROR(INDEX(Agentes!$C$80:$C$87,MATCH(H59,Agentes!$B$80:$B$87,0)),"")))),"El ciclón no colecta la fracción inhalable","Coherente")))) | Q59: =IF(Y59="","",IFERROR(INDEX(GES!$W$6:$W$35,MATCH(Y59,GES!$R$6:$R$35,0)),"")) | R59: =IF(AND(ISNUMBER(N59),ISNUMBER(Q59)),N59/Q59,"") | S59: =IF(C59="","",IFERROR(INDEX(Agentes!$I$6:$I$60,MATCH(C59,Agentes!$A$6:$A$60,0)),"")) | U59: =IF(ISNUMBER(N59),IF(N59>0,LN(N59),""),"") | V59: =IF(ISNUMBER(U59),IFERROR((U59-LN(IFERROR(INDEX(Estadística!$K$6:$K$35,MATCH(Y59,Estadística!$Y$6:$Y$35,0)),0)))^2,""),"") | W59: =IF(ISNUMBER(N59),IFERROR((N59-IFERROR(INDEX(Estadística!$I$6:$I$35,MATCH(Y59,Estadística!$Y$6:$Y$35,0)),0))^2,""),"") | X59: =IF(ISNUMBER(R59),IF(R59>1,1,0),"") | Y59: =IF(OR(B59="",C59=""),"",B59&"|"&C59)
A60: 55 | K60: =IF(OR(I60="",J60=""),"",I60*J60/1000) | N60: =IF(OR(B60="",C60=""),"",IF(M60<>"",M60,IF(AND(N(L60)>0,N(K60)>0),L60/K60,""))) | O60: =IF(C60="","",IFERROR(INDEX(Agentes!$D$6:$D$60,MATCH(C60,Agentes!$A$6:$A$60,0)),"")) | P60: =IF(OR(H60="",O60=""),"",IF(AND(O60="Inhalable",LEFT(H60,6)="Casete"),"Subestima: el casete cerrado no colecta toda la fracción inhalable",IF(AND(O60="Respirable",LEFT(H60,6)<>"Ciclón"),"Requiere ciclón (fracción respirable)",IF(AND(O60="Inhalable",ISNUMBER(SEARCH("Respirable",IFERROR(INDEX(Agentes!$C$80:$C$87,MATCH(H60,Agentes!$B$80:$B$87,0)),"")))),"El ciclón no colecta la fracción inhalable","Coherente")))) | Q60: =IF(Y60="","",IFERROR(INDEX(GES!$W$6:$W$35,MATCH(Y60,GES!$R$6:$R$35,0)),"")) | R60: =IF(AND(ISNUMBER(N60),ISNUMBER(Q60)),N60/Q60,"") | S60: =IF(C60="","",IFERROR(INDEX(Agentes!$I$6:$I$60,MATCH(C60,Agentes!$A$6:$A$60,0)),"")) | U60: =IF(ISNUMBER(N60),IF(N60>0,LN(N60),""),"") | V60: =IF(ISNUMBER(U60),IFERROR((U60-LN(IFERROR(INDEX(Estadística!$K$6:$K$35,MATCH(Y60,Estadística!$Y$6:$Y$35,0)),0)))^2,""),"") | W60: =IF(ISNUMBER(N60),IFERROR((N60-IFERROR(INDEX(Estadística!$I$6:$I$35,MATCH(Y60,Estadística!$Y$6:$Y$35,0)),0))^2,""),"") | X60: =IF(ISNUMBER(R60),IF(R60>1,1,0),"") | Y60: =IF(OR(B60="",C60=""),"",B60&"|"&C60)
A61: 56 | K61: =IF(OR(I61="",J61=""),"",I61*J61/1000) | N61: =IF(OR(B61="",C61=""),"",IF(M61<>"",M61,IF(AND(N(L61)>0,N(K61)>0),L61/K61,""))) | O61: =IF(C61="","",IFERROR(INDEX(Agentes!$D$6:$D$60,MATCH(C61,Agentes!$A$6:$A$60,0)),"")) | P61: =IF(OR(H61="",O61=""),"",IF(AND(O61="Inhalable",LEFT(H61,6)="Casete"),"Subestima: el casete cerrado no colecta toda la fracción inhalable",IF(AND(O61="Respirable",LEFT(H61,6)<>"Ciclón"),"Requiere ciclón (fracción respirable)",IF(AND(O61="Inhalable",ISNUMBER(SEARCH("Respirable",IFERROR(INDEX(Agentes!$C$80:$C$87,MATCH(H61,Agentes!$B$80:$B$87,0)),"")))),"El ciclón no colecta la fracción inhalable","Coherente")))) | Q61: =IF(Y61="","",IFERROR(INDEX(GES!$W$6:$W$35,MATCH(Y61,GES!$R$6:$R$35,0)),"")) | R61: =IF(AND(ISNUMBER(N61),ISNUMBER(Q61)),N61/Q61,"") | S61: =IF(C61="","",IFERROR(INDEX(Agentes!$I$6:$I$60,MATCH(C61,Agentes!$A$6:$A$60,0)),"")) | U61: =IF(ISNUMBER(N61),IF(N61>0,LN(N61),""),"") | V61: =IF(ISNUMBER(U61),IFERROR((U61-LN(IFERROR(INDEX(Estadística!$K$6:$K$35,MATCH(Y61,Estadística!$Y$6:$Y$35,0)),0)))^2,""),"") | W61: =IF(ISNUMBER(N61),IFERROR((N61-IFERROR(INDEX(Estadística!$I$6:$I$35,MATCH(Y61,Estadística!$Y$6:$Y$35,0)),0))^2,""),"") | X61: =IF(ISNUMBER(R61),IF(R61>1,1,0),"") | Y61: =IF(OR(B61="",C61=""),"",B61&"|"&C61)
A62: 57 | K62: =IF(OR(I62="",J62=""),"",I62*J62/1000) | N62: =IF(OR(B62="",C62=""),"",IF(M62<>"",M62,IF(AND(N(L62)>0,N(K62)>0),L62/K62,""))) | O62: =IF(C62="","",IFERROR(INDEX(Agentes!$D$6:$D$60,MATCH(C62,Agentes!$A$6:$A$60,0)),"")) | P62: =IF(OR(H62="",O62=""),"",IF(AND(O62="Inhalable",LEFT(H62,6)="Casete"),"Subestima: el casete cerrado no colecta toda la fracción inhalable",IF(AND(O62="Respirable",LEFT(H62,6)<>"Ciclón"),"Requiere ciclón (fracción respirable)",IF(AND(O62="Inhalable",ISNUMBER(SEARCH("Respirable",IFERROR(INDEX(Agentes!$C$80:$C$87,MATCH(H62,Agentes!$B$80:$B$87,0)),"")))),"El ciclón no colecta la fracción inhalable","Coherente")))) | Q62: =IF(Y62="","",IFERROR(INDEX(GES!$W$6:$W$35,MATCH(Y62,GES!$R$6:$R$35,0)),"")) | R62: =IF(AND(ISNUMBER(N62),ISNUMBER(Q62)),N62/Q62,"") | S62: =IF(C62="","",IFERROR(INDEX(Agentes!$I$6:$I$60,MATCH(C62,Agentes!$A$6:$A$60,0)),"")) | U62: =IF(ISNUMBER(N62),IF(N62>0,LN(N62),""),"") | V62: =IF(ISNUMBER(U62),IFERROR((U62-LN(IFERROR(INDEX(Estadística!$K$6:$K$35,MATCH(Y62,Estadística!$Y$6:$Y$35,0)),0)))^2,""),"") | W62: =IF(ISNUMBER(N62),IFERROR((N62-IFERROR(INDEX(Estadística!$I$6:$I$35,MATCH(Y62,Estadística!$Y$6:$Y$35,0)),0))^2,""),"") | X62: =IF(ISNUMBER(R62),IF(R62>1,1,0),"") | Y62: =IF(OR(B62="",C62=""),"",B62&"|"&C62)
A63: 58 | K63: =IF(OR(I63="",J63=""),"",I63*J63/1000) | N63: =IF(OR(B63="",C63=""),"",IF(M63<>"",M63,IF(AND(N(L63)>0,N(K63)>0),L63/K63,""))) | O63: =IF(C63="","",IFERROR(INDEX(Agentes!$D$6:$D$60,MATCH(C63,Agentes!$A$6:$A$60,0)),"")) | P63: =IF(OR(H63="",O63=""),"",IF(AND(O63="Inhalable",LEFT(H63,6)="Casete"),"Subestima: el casete cerrado no colecta toda la fracción inhalable",IF(AND(O63="Respirable",LEFT(H63,6)<>"Ciclón"),"Requiere ciclón (fracción respirable)",IF(AND(O63="Inhalable",ISNUMBER(SEARCH("Respirable",IFERROR(INDEX(Agentes!$C$80:$C$87,MATCH(H63,Agentes!$B$80:$B$87,0)),"")))),"El ciclón no colecta la fracción inhalable","Coherente")))) | Q63: =IF(Y63="","",IFERROR(INDEX(GES!$W$6:$W$35,MATCH(Y63,GES!$R$6:$R$35,0)),"")) | R63: =IF(AND(ISNUMBER(N63),ISNUMBER(Q63)),N63/Q63,"") | S63: =IF(C63="","",IFERROR(INDEX(Agentes!$I$6:$I$60,MATCH(C63,Agentes!$A$6:$A$60,0)),"")) | U63: =IF(ISNUMBER(N63),IF(N63>0,LN(N63),""),"") | V63: =IF(ISNUMBER(U63),IFERROR((U63-LN(IFERROR(INDEX(Estadística!$K$6:$K$35,MATCH(Y63,Estadística!$Y$6:$Y$35,0)),0)))^2,""),"") | W63: =IF(ISNUMBER(N63),IFERROR((N63-IFERROR(INDEX(Estadística!$I$6:$I$35,MATCH(Y63,Estadística!$Y$6:$Y$35,0)),0))^2,""),"") | X63: =IF(ISNUMBER(R63),IF(R63>1,1,0),"") | Y63: =IF(OR(B63="",C63=""),"",B63&"|"&C63)
A64: 59 | K64: =IF(OR(I64="",J64=""),"",I64*J64/1000) | N64: =IF(OR(B64="",C64=""),"",IF(M64<>"",M64,IF(AND(N(L64)>0,N(K64)>0),L64/K64,""))) | O64: =IF(C64="","",IFERROR(INDEX(Agentes!$D$6:$D$60,MATCH(C64,Agentes!$A$6:$A$60,0)),"")) | P64: =IF(OR(H64="",O64=""),"",IF(AND(O64="Inhalable",LEFT(H64,6)="Casete"),"Subestima: el casete cerrado no colecta toda la fracción inhalable",IF(AND(O64="Respirable",LEFT(H64,6)<>"Ciclón"),"Requiere ciclón (fracción respirable)",IF(AND(O64="Inhalable",ISNUMBER(SEARCH("Respirable",IFERROR(INDEX(Agentes!$C$80:$C$87,MATCH(H64,Agentes!$B$80:$B$87,0)),"")))),"El ciclón no colecta la fracción inhalable","Coherente")))) | Q64: =IF(Y64="","",IFERROR(INDEX(GES!$W$6:$W$35,MATCH(Y64,GES!$R$6:$R$35,0)),"")) | R64: =IF(AND(ISNUMBER(N64),ISNUMBER(Q64)),N64/Q64,"") | S64: =IF(C64="","",IFERROR(INDEX(Agentes!$I$6:$I$60,MATCH(C64,Agentes!$A$6:$A$60,0)),"")) | U64: =IF(ISNUMBER(N64),IF(N64>0,LN(N64),""),"") | V64: =IF(ISNUMBER(U64),IFERROR((U64-LN(IFERROR(INDEX(Estadística!$K$6:$K$35,MATCH(Y64,Estadística!$Y$6:$Y$35,0)),0)))^2,""),"") | W64: =IF(ISNUMBER(N64),IFERROR((N64-IFERROR(INDEX(Estadística!$I$6:$I$35,MATCH(Y64,Estadística!$Y$6:$Y$35,0)),0))^2,""),"") | X64: =IF(ISNUMBER(R64),IF(R64>1,1,0),"") | Y64: =IF(OR(B64="",C64=""),"",B64&"|"&C64)
A65: 60 | K65: =IF(OR(I65="",J65=""),"",I65*J65/1000) | N65: =IF(OR(B65="",C65=""),"",IF(M65<>"",M65,IF(AND(N(L65)>0,N(K65)>0),L65/K65,""))) | O65: =IF(C65="","",IFERROR(INDEX(Agentes!$D$6:$D$60,MATCH(C65,Agentes!$A$6:$A$60,0)),"")) | P65: =IF(OR(H65="",O65=""),"",IF(AND(O65="Inhalable",LEFT(H65,6)="Casete"),"Subestima: el casete cerrado no colecta toda la fracción inhalable",IF(AND(O65="Respirable",LEFT(H65,6)<>"Ciclón"),"Requiere ciclón (fracción respirable)",IF(AND(O65="Inhalable",ISNUMBER(SEARCH("Respirable",IFERROR(INDEX(Agentes!$C$80:$C$87,MATCH(H65,Agentes!$B$80:$B$87,0)),"")))),"El ciclón no colecta la fracción inhalable","Coherente")))) | Q65: =IF(Y65="","",IFERROR(INDEX(GES!$W$6:$W$35,MATCH(Y65,GES!$R$6:$R$35,0)),"")) | R65: =IF(AND(ISNUMBER(N65),ISNUMBER(Q65)),N65/Q65,"") | S65: =IF(C65="","",IFERROR(INDEX(Agentes!$I$6:$I$60,MATCH(C65,Agentes!$A$6:$A$60,0)),"")) | U65: =IF(ISNUMBER(N65),IF(N65>0,LN(N65),""),"") | V65: =IF(ISNUMBER(U65),IFERROR((U65-LN(IFERROR(INDEX(Estadística!$K$6:$K$35,MATCH(Y65,Estadística!$Y$6:$Y$35,0)),0)))^2,""),"") | W65: =IF(ISNUMBER(N65),IFERROR((N65-IFERROR(INDEX(Estadística!$I$6:$I$35,MATCH(Y65,Estadística!$Y$6:$Y$35,0)),0))^2,""),"") | X65: =IF(ISNUMBER(R65),IF(R65>1,1,0),"") | Y65: =IF(OR(B65="",C65=""),"",B65&"|"&C65)
... A305: 300 | K305: =IF(OR(I305="",J305=""),"",I305*J305/1000) | N305: =IF(OR(B305="",C305=""),"",IF(M305<>"",M305,IF(AND(N(L305)>0,N(K305)>0),L305/K305,""))) | O305: =IF(C305="","",IFERROR(INDEX(Agentes!$D$6:$D$60,MATCH(C305,Agentes!$A$6:$A$60,0)),"")) | P305: =IF(OR(H305="",O305=""),"",IF(AND(O305="Inhalable",LEFT(H305,6)="Casete"),"Subestima: el casete cerrado no colecta toda la fracción inhalable",IF(AND(O305="Respirable",LEFT(H305,6)<>"Ciclón"),"Requiere ciclón (fracción respirable)",IF(AND(O305="Inhalable",ISNUMBER(SEARCH("Respirable",IFERROR(INDEX(Agentes!$C$80:$C$87,MATCH(H305,Agentes!$B$80:$B$87,0)),"")))),"El ciclón no colecta la fracción inhalable","Coherente")))) | Q305: =IF(Y305="","",IFERROR(INDEX(GES!$W$6:$W$35,MATCH(Y305,GES!$R$6:$R$35,0)),"")) | R305: =IF(AND(ISNUMBER(N305),ISNUMBER(Q305)),N305/Q305,"") | S305: =IF(C305="","",IFERROR(INDEX(Agentes!$I$6:$I$60,MATCH(C305,Agentes!$A$6:$A$60,0)),"")) | U305: =IF(ISNUMBER(N305),IF(N305>0,LN(N305),""),"") | V305: =IF(ISNUMBER(U305),IFERROR((U305-LN(IFERROR(INDEX(Estadística!$K$6:$K$35,MATCH(Y305,Estadística!$Y$6:$Y$35,0)),0)))^2,""),"") | W305: =IF(ISNUMBER(N305),IFERROR((N305-IFERROR(INDEX(Estadística!$I$6:$I$35,MATCH(Y305,Estadística!$Y$6:$Y$35,0)),0))^2,""),"") | X305: =IF(ISNUMBER(R305),IF(R305>1,1,0),"") | Y305: =IF(OR(B305="",C305=""),"",B305&"|"&C305)

Sheet Estadística
A1: 4. Estadística por GES × agente y criterio de decisión
A2: AIHA – A Strategy for Assessing and Managing Occupational Exposures: MG, DEG, P95 lognormal, índice de riesgo IR = P95 / TLV ajustado y categoría de control de exposición (0–4). Grado de exposición y frecuencia de reevaluación según la categoría AIHA (adaptado de J. Rock).
A3: DustRisk V1 · Polvos minerales, metales y humos metálicos · SCHO · Celdas amarillas con texto azul = datos a diligenciar; celdas grises = cálculo automático (no editar).
A5: Código GES | B5: Agente | C5: Unidad | D5: n | E5: Muestras mínimas | F5: Suficiencia muestral | G5: Mínimo | H5: Máximo | I5: Media aritmética (MA) | J5: Desv. estándar | K5: Media geométrica (MG) | L5: DEG | M5: % muestras > TLV aj. | N5: TLV ajustado | O5: IE = MA / TLV aj. | P5: P95 estimado | Q5: IR = P95 / TLV aj. (decisión) | R5: Límite DEG | S5: Validez del GES | T5: Categoría AIHA | U5: Clasificación de la exposición | V5: Grado de exposición | W5: Frecuencia de reevaluación | X5: Vigilancia médica | Y5: Clave (aux)
A6: =IF(GES!A6="","",GES!A6) | B6: =IF(A6="","",GES!E6) | C6: =IF(A6="","",GES!X6) | D6: =IF(Y6="","",COUNTIFS(Muestreo!$Y$6:$Y$305,Y6,Muestreo!$N$6:$N$305,">0")) | E6: =IF(A6="","",GES!P6) | F6: =IF(A6="","",IF(N(D6)=0,"Sin muestras",IF(D6>=E6,"Suficiente","Insuficiente (<"&E6&")"))) | G6: =IF(N(D6)=0,"",_xlfn.MINIFS(Muestreo!$N$6:$N$305,Muestreo!$Y$6:$Y$305,Y6)) | H6: =IF(N(D6)=0,"",_xlfn.MAXIFS(Muestreo!$N$6:$N$305,Muestreo!$Y$6:$Y$305,Y6)) | I6: =IF(N(D6)=0,"",AVERAGEIFS(Muestreo!$N$6:$N$305,Muestreo!$Y$6:$Y$305,Y6)) | J6: =IF(N(D6)<2,"",SQRT(SUMIFS(Muestreo!$W$6:$W$305,Muestreo!$Y$6:$Y$305,Y6)/(D6-1))) | K6: =IF(N(D6)=0,"",EXP(AVERAGEIFS(Muestreo!$U$6:$U$305,Muestreo!$Y$6:$Y$305,Y6))) | L6: =IF(N(D6)<2,"",EXP(SQRT(SUMIFS(Muestreo!$V$6:$V$305,Muestreo!$Y$6:$Y$305,Y6)/IF(Agentes!$C$63="n",D6,D6-1)))) | M6: =IF(N(D6)=0,"",SUMIFS(Muestreo!$X$6:$X$305,Muestreo!$Y$6:$Y$305,Y6)/D6) | N6: =IF(A6="","",GES!W6) | O6: =IF(OR(I6="",N(N6)=0),"",I6/N6) | P6: =IF(N(D6)=0,"",IF(L6="",H6,K6*L6^1.645)) | Q6: =IF(OR(P6="",N(N6)=0),"",P6/N6) | R6: =IF(A6="","",Agentes!$C$64) | S6: =IF(L6="",IF(N(D6)=1,"n = 1: se decide con el máximo",""),IF(L6<=R6,"GES aceptable","Revisar conformación del GES (DEG > "&R6&")")) | T6: =IF(Q6="","",IF(Q6<=0.01,0,IF(Q6<=0.1,1,IF(Q6<=0.5,2,IF(Q6<=1,3,4))))) | U6: =IF(A6="","",IF(T6="","Sin datos",CHOOSE(T6+1,"Insignificante (Cat. 0)","Muy baja (Cat. 1)","Controlada (Cat. 2)","Fuera de control – precaución (Cat. 3)","Sobreexposición (Cat. 4)"))) | V6: =IF(T6="","",IF(T6=4,5,IF(T6=3,IF(N(M6)>0,4,3),IF(T6=2,2,1)))) | W6: =IF(V6="","",CHOOSE(V6,"De 3 a 5 años","De 1 a 3 años","De 3 meses a 1 año","De 1 a 3 meses","Evaluación continua")) | X6: =IF(OR(A6="",T6=""),"",IF(IFERROR(INDEX(Agentes!$H$6:$H$60,MATCH(B6,Agentes!$A$6:$A$60,0)),"")="PNOS",IF(T6>=3,"Seguimiento respiratorio (espirometría)","Según criterio médico"),IF(T6>=3,"SVE específico (≥ nivel de acción)",IF(T6=2,"Seguimiento periódico con BEI si aplica","Examen periódico general")))) | Y6: =GES!R6
A7: =IF(GES!A7="","",GES!A7) | B7: =IF(A7="","",GES!E7) | C7: =IF(A7="","",GES!X7) | D7: =IF(Y7="","",COUNTIFS(Muestreo!$Y$6:$Y$305,Y7,Muestreo!$N$6:$N$305,">0")) | E7: =IF(A7="","",GES!P7) | F7: =IF(A7="","",IF(N(D7)=0,"Sin muestras",IF(D7>=E7,"Suficiente","Insuficiente (<"&E7&")"))) | G7: =IF(N(D7)=0,"",_xlfn.MINIFS(Muestreo!$N$6:$N$305,Muestreo!$Y$6:$Y$305,Y7)) | H7: =IF(N(D7)=0,"",_xlfn.MAXIFS(Muestreo!$N$6:$N$305,Muestreo!$Y$6:$Y$305,Y7)) | I7: =IF(N(D7)=0,"",AVERAGEIFS(Muestreo!$N$6:$N$305,Muestreo!$Y$6:$Y$305,Y7)) | J7: =IF(N(D7)<2,"",SQRT(SUMIFS(Muestreo!$W$6:$W$305,Muestreo!$Y$6:$Y$305,Y7)/(D7-1))) | K7: =IF(N(D7)=0,"",EXP(AVERAGEIFS(Muestreo!$U$6:$U$305,Muestreo!$Y$6:$Y$305,Y7))) | L7: =IF(N(D7)<2,"",EXP(SQRT(SUMIFS(Muestreo!$V$6:$V$305,Muestreo!$Y$6:$Y$305,Y7)/IF(Agentes!$C$63="n",D7,D7-1)))) | M7: =IF(N(D7)=0,"",SUMIFS(Muestreo!$X$6:$X$305,Muestreo!$Y$6:$Y$305,Y7)/D7) | N7: =IF(A7="","",GES!W7) | O7: =IF(OR(I7="",N(N7)=0),"",I7/N7) | P7: =IF(N(D7)=0,"",IF(L7="",H7,K7*L7^1.645)) | Q7: =IF(OR(P7="",N(N7)=0),"",P7/N7) | R7: =IF(A7="","",Agentes!$C$64) | S7: =IF(L7="",IF(N(D7)=1,"n = 1: se decide con el máximo",""),IF(L7<=R7,"GES aceptable","Revisar conformación del GES (DEG > "&R7&")")) | T7: =IF(Q7="","",IF(Q7<=0.01,0,IF(Q7<=0.1,1,IF(Q7<=0.5,2,IF(Q7<=1,3,4))))) | U7: =IF(A7="","",IF(T7="","Sin datos",CHOOSE(T7+1,"Insignificante (Cat. 0)","Muy baja (Cat. 1)","Controlada (Cat. 2)","Fuera de control – precaución (Cat. 3)","Sobreexposición (Cat. 4)"))) | V7: =IF(T7="","",IF(T7=4,5,IF(T7=3,IF(N(M7)>0,4,3),IF(T7=2,2,1)))) | W7: =IF(V7="","",CHOOSE(V7,"De 3 a 5 años","De 1 a 3 años","De 3 meses a 1 año","De 1 a 3 meses","Evaluación continua")) | X7: =IF(OR(A7="",T7=""),"",IF(IFERROR(INDEX(Agentes!$H$6:$H$60,MATCH(B7,Agentes!$A$6:$A$60,0)),"")="PNOS",IF(T7>=3,"Seguimiento respiratorio (espirometría)","Según criterio médico"),IF(T7>=3,"SVE específico (≥ nivel de acción)",IF(T7=2,"Seguimiento periódico con BEI si aplica","Examen periódico general")))) | Y7: =GES!R7
A8: =IF(GES!A8="","",GES!A8) | B8: =IF(A8="","",GES!E8) | C8: =IF(A8="","",GES!X8) | D8: =IF(Y8="","",COUNTIFS(Muestreo!$Y$6:$Y$305,Y8,Muestreo!$N$6:$N$305,">0")) | E8: =IF(A8="","",GES!P8) | F8: =IF(A8="","",IF(N(D8)=0,"Sin muestras",IF(D8>=E8,"Suficiente","Insuficiente (<"&E8&")"))) | G8: =IF(N(D8)=0,"",_xlfn.MINIFS(Muestreo!$N$6:$N$305,Muestreo!$Y$6:$Y$305,Y8)) | H8: =IF(N(D8)=0,"",_xlfn.MAXIFS(Muestreo!$N$6:$N$305,Muestreo!$Y$6:$Y$305,Y8)) | I8: =IF(N(D8)=0,"",AVERAGEIFS(Muestreo!$N$6:$N$305,Muestreo!$Y$6:$Y$305,Y8)) | J8: =IF(N(D8)<2,"",SQRT(SUMIFS(Muestreo!$W$6:$W$305,Muestreo!$Y$6:$Y$305,Y8)/(D8-1))) | K8: =IF(N(D8)=0,"",EXP(AVERAGEIFS(Muestreo!$U$6:$U$305,Muestreo!$Y$6:$Y$305,Y8))) | L8: =IF(N(D8)<2,"",EXP(SQRT(SUMIFS(Muestreo!$V$6:$V$305,Muestreo!$Y$6:$Y$305,Y8)/IF(Agentes!$C$63="n",D8,D8-1)))) | M8: =IF(N(D8)=0,"",SUMIFS(Muestreo!$X$6:$X$305,Muestreo!$Y$6:$Y$305,Y8)/D8) | N8: =IF(A8="","",GES!W8) | O8: =IF(OR(I8="",N(N8)=0),"",I8/N8) | P8: =IF(N(D8)=0,"",IF(L8="",H8,K8*L8^1.645)) | Q8: =IF(OR(P8="",N(N8)=0),"",P8/N8) | R8: =IF(A8="","",Agentes!$C$64) | S8: =IF(L8="",IF(N(D8)=1,"n = 1: se decide con el máximo",""),IF(L8<=R8,"GES aceptable","Revisar conformación del GES (DEG > "&R8&")")) | T8: =IF(Q8="","",IF(Q8<=0.01,0,IF(Q8<=0.1,1,IF(Q8<=0.5,2,IF(Q8<=1,3,4))))) | U8: =IF(A8="","",IF(T8="","Sin datos",CHOOSE(T8+1,"Insignificante (Cat. 0)","Muy baja (Cat. 1)","Controlada (Cat. 2)","Fuera de control – precaución (Cat. 3)","Sobreexposición (Cat. 4)"))) | V8: =IF(T8="","",IF(T8=4,5,IF(T8=3,IF(N(M8)>0,4,3),IF(T8=2,2,1)))) | W8: =IF(V8="","",CHOOSE(V8,"De 3 a 5 años","De 1 a 3 años","De 3 meses a 1 año","De 1 a 3 meses","Evaluación continua")) | X8: =IF(OR(A8="",T8=""),"",IF(IFERROR(INDEX(Agentes!$H$6:$H$60,MATCH(B8,Agentes!$A$6:$A$60,0)),"")="PNOS",IF(T8>=3,"Seguimiento respiratorio (espirometría)","Según criterio médico"),IF(T8>=3,"SVE específico (≥ nivel de acción)",IF(T8=2,"Seguimiento periódico con BEI si aplica","Examen periódico general")))) | Y8: =GES!R8
A9: =IF(GES!A9="","",GES!A9) | B9: =IF(A9="","",GES!E9) | C9: =IF(A9="","",GES!X9) | D9: =IF(Y9="","",COUNTIFS(Muestreo!$Y$6:$Y$305,Y9,Muestreo!$N$6:$N$305,">0")) | E9: =IF(A9="","",GES!P9) | F9: =IF(A9="","",IF(N(D9)=0,"Sin muestras",IF(D9>=E9,"Suficiente","Insuficiente (<"&E9&")"))) | G9: =IF(N(D9)=0,"",_xlfn.MINIFS(Muestreo!$N$6:$N$305,Muestreo!$Y$6:$Y$305,Y9)) | H9: =IF(N(D9)=0,"",_xlfn.MAXIFS(Muestreo!$N$6:$N$305,Muestreo!$Y$6:$Y$305,Y9)) | I9: =IF(N(D9)=0,"",AVERAGEIFS(Muestreo!$N$6:$N$305,Muestreo!$Y$6:$Y$305,Y9)) | J9: =IF(N(D9)<2,"",SQRT(SUMIFS(Muestreo!$W$6:$W$305,Muestreo!$Y$6:$Y$305,Y9)/(D9-1))) | K9: =IF(N(D9)=0,"",EXP(AVERAGEIFS(Muestreo!$U$6:$U$305,Muestreo!$Y$6:$Y$305,Y9))) | L9: =IF(N(D9)<2,"",EXP(SQRT(SUMIFS(Muestreo!$V$6:$V$305,Muestreo!$Y$6:$Y$305,Y9)/IF(Agentes!$C$63="n",D9,D9-1)))) | M9: =IF(N(D9)=0,"",SUMIFS(Muestreo!$X$6:$X$305,Muestreo!$Y$6:$Y$305,Y9)/D9) | N9: =IF(A9="","",GES!W9) | O9: =IF(OR(I9="",N(N9)=0),"",I9/N9) | P9: =IF(N(D9)=0,"",IF(L9="",H9,K9*L9^1.645)) | Q9: =IF(OR(P9="",N(N9)=0),"",P9/N9) | R9: =IF(A9="","",Agentes!$C$64) | S9: =IF(L9="",IF(N(D9)=1,"n = 1: se decide con el máximo",""),IF(L9<=R9,"GES aceptable","Revisar conformación del GES (DEG > "&R9&")")) | T9: =IF(Q9="","",IF(Q9<=0.01,0,IF(Q9<=0.1,1,IF(Q9<=0.5,2,IF(Q9<=1,3,4))))) | U9: =IF(A9="","",IF(T9="","Sin datos",CHOOSE(T9+1,"Insignificante (Cat. 0)","Muy baja (Cat. 1)","Controlada (Cat. 2)","Fuera de control – precaución (Cat. 3)","Sobreexposición (Cat. 4)"))) | V9: =IF(T9="","",IF(T9=4,5,IF(T9=3,IF(N(M9)>0,4,3),IF(T9=2,2,1)))) | W9: =IF(V9="","",CHOOSE(V9,"De 3 a 5 años","De 1 a 3 años","De 3 meses a 1 año","De 1 a 3 meses","Evaluación continua")) | X9: =IF(OR(A9="",T9=""),"",IF(IFERROR(INDEX(Agentes!$H$6:$H$60,MATCH(B9,Agentes!$A$6:$A$60,0)),"")="PNOS",IF(T9>=3,"Seguimiento respiratorio (espirometría)","Según criterio médico"),IF(T9>=3,"SVE específico (≥ nivel de acción)",IF(T9=2,"Seguimiento periódico con BEI si aplica","Examen periódico general")))) | Y9: =GES!R9
A10: =IF(GES!A10="","",GES!A10) | B10: =IF(A10="","",GES!E10) | C10: =IF(A10="","",GES!X10) | D10: =IF(Y10="","",COUNTIFS(Muestreo!$Y$6:$Y$305,Y10,Muestreo!$N$6:$N$305,">0")) | E10: =IF(A10="","",GES!P10) | F10: =IF(A10="","",IF(N(D10)=0,"Sin muestras",IF(D10>=E10,"Suficiente","Insuficiente (<"&E10&")"))) | G10: =IF(N(D10)=0,"",_xlfn.MINIFS(Muestreo!$N$6:$N$305,Muestreo!$Y$6:$Y$305,Y10)) | H10: =IF(N(D10)=0,"",_xlfn.MAXIFS(Muestreo!$N$6:$N$305,Muestreo!$Y$6:$Y$305,Y10)) | I10: =IF(N(D10)=0,"",AVERAGEIFS(Muestreo!$N$6:$N$305,Muestreo!$Y$6:$Y$305,Y10)) | J10: =IF(N(D10)<2,"",SQRT(SUMIFS(Muestreo!$W$6:$W$305,Muestreo!$Y$6:$Y$305,Y10)/(D10-1))) | K10: =IF(N(D10)=0,"",EXP(AVERAGEIFS(Muestreo!$U$6:$U$305,Muestreo!$Y$6:$Y$305,Y10))) | L10: =IF(N(D10)<2,"",EXP(SQRT(SUMIFS(Muestreo!$V$6:$V$305,Muestreo!$Y$6:$Y$305,Y10)/IF(Agentes!$C$63="n",D10,D10-1)))) | M10: =IF(N(D10)=0,"",SUMIFS(Muestreo!$X$6:$X$305,Muestreo!$Y$6:$Y$305,Y10)/D10) | N10: =IF(A10="","",GES!W10) | O10: =IF(OR(I10="",N(N10)=0),"",I10/N10) | P10: =IF(N(D10)=0,"",IF(L10="",H10,K10*L10^1.645)) | Q10: =IF(OR(P10="",N(N10)=0),"",P10/N10) | R10: =IF(A10="","",Agentes!$C$64) | S10: =IF(L10="",IF(N(D10)=1,"n = 1: se decide con el máximo",""),IF(L10<=R10,"GES aceptable","Revisar conformación del GES (DEG > "&R10&")")) | T10: =IF(Q10="","",IF(Q10<=0.01,0,IF(Q10<=0.1,1,IF(Q10<=0.5,2,IF(Q10<=1,3,4))))) | U10: =IF(A10="","",IF(T10="","Sin datos",CHOOSE(T10+1,"Insignificante (Cat. 0)","Muy baja (Cat. 1)","Controlada (Cat. 2)","Fuera de control – precaución (Cat. 3)","Sobreexposición (Cat. 4)"))) | V10: =IF(T10="","",IF(T10=4,5,IF(T10=3,IF(N(M10)>0,4,3),IF(T10=2,2,1)))) | W10: =IF(V10="","",CHOOSE(V10,"De 3 a 5 años","De 1 a 3 años","De 3 meses a 1 año","De 1 a 3 meses","Evaluación continua")) | X10: =IF(OR(A10="",T10=""),"",IF(IFERROR(INDEX(Agentes!$H$6:$H$60,MATCH(B10,Agentes!$A$6:$A$60,0)),"")="PNOS",IF(T10>=3,"Seguimiento respiratorio (espirometría)","Según criterio médico"),IF(T10>=3,"SVE específico (≥ nivel de acción)",IF(T10=2,"Seguimiento periódico con BEI si aplica","Examen periódico general")))) | Y10: =GES!R10
A11: =IF(GES!A11="","",GES!A11) | B11: =IF(A11="","",GES!E11) | C11: =IF(A11="","",GES!X11) | D11: =IF(Y11="","",COUNTIFS(Muestreo!$Y$6:$Y$305,Y11,Muestreo!$N$6:$N$305,">0")) | E11: =IF(A11="","",GES!P11) | F11: =IF(A11="","",IF(N(D11)=0,"Sin muestras",IF(D11>=E11,"Suficiente","Insuficiente (<"&E11&")"))) | G11: =IF(N(D11)=0,"",_xlfn.MINIFS(Muestreo!$N$6:$N$305,Muestreo!$Y$6:$Y$305,Y11)) | H11: =IF(N(D11)=0,"",_xlfn.MAXIFS(Muestreo!$N$6:$N$305,Muestreo!$Y$6:$Y$305,Y11)) | I11: =IF(N(D11)=0,"",AVERAGEIFS(Muestreo!$N$6:$N$305,Muestreo!$Y$6:$Y$305,Y11)) | J11: =IF(N(D11)<2,"",SQRT(SUMIFS(Muestreo!$W$6:$W$305,Muestreo!$Y$6:$Y$305,Y11)/(D11-1))) | K11: =IF(N(D11)=0,"",EXP(AVERAGEIFS(Muestreo!$U$6:$U$305,Muestreo!$Y$6:$Y$305,Y11))) | L11: =IF(N(D11)<2,"",EXP(SQRT(SUMIFS(Muestreo!$V$6:$V$305,Muestreo!$Y$6:$Y$305,Y11)/IF(Agentes!$C$63="n",D11,D11-1)))) | M11: =IF(N(D11)=0,"",SUMIFS(Muestreo!$X$6:$X$305,Muestreo!$Y$6:$Y$305,Y11)/D11) | N11: =IF(A11="","",GES!W11) | O11: =IF(OR(I11="",N(N11)=0),"",I11/N11) | P11: =IF(N(D11)=0,"",IF(L11="",H11,K11*L11^1.645)) | Q11: =IF(OR(P11="",N(N11)=0),"",P11/N11) | R11: =IF(A11="","",Agentes!$C$64) | S11: =IF(L11="",IF(N(D11)=1,"n = 1: se decide con el máximo",""),IF(L11<=R11,"GES aceptable","Revisar conformación del GES (DEG > "&R11&")")) | T11: =IF(Q11="","",IF(Q11<=0.01,0,IF(Q11<=0.1,1,IF(Q11<=0.5,2,IF(Q11<=1,3,4))))) | U11: =IF(A11="","",IF(T11="","Sin datos",CHOOSE(T11+1,"Insignificante (Cat. 0)","Muy baja (Cat. 1)","Controlada (Cat. 2)","Fuera de control – precaución (Cat. 3)","Sobreexposición (Cat. 4)"))) | V11: =IF(T11="","",IF(T11=4,5,IF(T11=3,IF(N(M11)>0,4,3),IF(T11=2,2,1)))) | W11: =IF(V11="","",CHOOSE(V11,"De 3 a 5 años","De 1 a 3 años","De 3 meses a 1 año","De 1 a 3 meses","Evaluación continua")) | X11: =IF(OR(A11="",T11=""),"",IF(IFERROR(INDEX(Agentes!$H$6:$H$60,MATCH(B11,Agentes!$A$6:$A$60,0)),"")="PNOS",IF(T11>=3,"Seguimiento respiratorio (espirometría)","Según criterio médico"),IF(T11>=3,"SVE específico (≥ nivel de acción)",IF(T11=2,"Seguimiento periódico con BEI si aplica","Examen periódico general")))) | Y11: =GES!R11
A12: =IF(GES!A12="","",GES!A12) | B12: =IF(A12="","",GES!E12) | C12: =IF(A12="","",GES!X12) | D12: =IF(Y12="","",COUNTIFS(Muestreo!$Y$6:$Y$305,Y12,Muestreo!$N$6:$N$305,">0")) | E12: =IF(A12="","",GES!P12) | F12: =IF(A12="","",IF(N(D12)=0,"Sin muestras",IF(D12>=E12,"Suficiente","Insuficiente (<"&E12&")"))) | G12: =IF(N(D12)=0,"",_xlfn.MINIFS(Muestreo!$N$6:$N$305,Muestreo!$Y$6:$Y$305,Y12)) | H12: =IF(N(D12)=0,"",_xlfn.MAXIFS(Muestreo!$N$6:$N$305,Muestreo!$Y$6:$Y$305,Y12)) | I12: =IF(N(D12)=0,"",AVERAGEIFS(Muestreo!$N$6:$N$305,Muestreo!$Y$6:$Y$305,Y12)) | J12: =IF(N(D12)<2,"",SQRT(SUMIFS(Muestreo!$W$6:$W$305,Muestreo!$Y$6:$Y$305,Y12)/(D12-1))) | K12: =IF(N(D12)=0,"",EXP(AVERAGEIFS(Muestreo!$U$6:$U$305,Muestreo!$Y$6:$Y$305,Y12))) | L12: =IF(N(D12)<2,"",EXP(SQRT(SUMIFS(Muestreo!$V$6:$V$305,Muestreo!$Y$6:$Y$305,Y12)/IF(Agentes!$C$63="n",D12,D12-1)))) | M12: =IF(N(D12)=0,"",SUMIFS(Muestreo!$X$6:$X$305,Muestreo!$Y$6:$Y$305,Y12)/D12) | N12: =IF(A12="","",GES!W12) | O12: =IF(OR(I12="",N(N12)=0),"",I12/N12) | P12: =IF(N(D12)=0,"",IF(L12="",H12,K12*L12^1.645)) | Q12: =IF(OR(P12="",N(N12)=0),"",P12/N12) | R12: =IF(A12="","",Agentes!$C$64) | S12: =IF(L12="",IF(N(D12)=1,"n = 1: se decide con el máximo",""),IF(L12<=R12,"GES aceptable","Revisar conformación del GES (DEG > "&R12&")")) | T12: =IF(Q12="","",IF(Q12<=0.01,0,IF(Q12<=0.1,1,IF(Q12<=0.5,2,IF(Q12<=1,3,4))))) | U12: =IF(A12="","",IF(T12="","Sin datos",CHOOSE(T12+1,"Insignificante (Cat. 0)","Muy baja (Cat. 1)","Controlada (Cat. 2)","Fuera de control – precaución (Cat. 3)","Sobreexposición (Cat. 4)"))) | V12: =IF(T12="","",IF(T12=4,5,IF(T12=3,IF(N(M12)>0,4,3),IF(T12=2,2,1)))) | W12: =IF(V12="","",CHOOSE(V12,"De 3 a 5 años","De 1 a 3 años","De 3 meses a 1 año","De 1 a 3 meses","Evaluación continua")) | X12: =IF(OR(A12="",T12=""),"",IF(IFERROR(INDEX(Agentes!$H$6:$H$60,MATCH(B12,Agentes!$A$6:$A$60,0)),"")="PNOS",IF(T12>=3,"Seguimiento respiratorio (espirometría)","Según criterio médico"),IF(T12>=3,"SVE específico (≥ nivel de acción)",IF(T12=2,"Seguimiento periódico con BEI si aplica","Examen periódico general")))) | Y12: =GES!R12
A13: =IF(GES!A13="","",GES!A13) | B13: =IF(A13="","",GES!E13) | C13: =IF(A13="","",GES!X13) | D13: =IF(Y13="","",COUNTIFS(Muestreo!$Y$6:$Y$305,Y13,Muestreo!$N$6:$N$305,">0")) | E13: =IF(A13="","",GES!P13) | F13: =IF(A13="","",IF(N(D13)=0,"Sin muestras",IF(D13>=E13,"Suficiente","Insuficiente (<"&E13&")"))) | G13: =IF(N(D13)=0,"",_xlfn.MINIFS(Muestreo!$N$6:$N$305,Muestreo!$Y$6:$Y$305,Y13)) | H13: =IF(N(D13)=0,"",_xlfn.MAXIFS(Muestreo!$N$6:$N$305,Muestreo!$Y$6:$Y$305,Y13)) | I13: =IF(N(D13)=0,"",AVERAGEIFS(Muestreo!$N$6:$N$305,Muestreo!$Y$6:$Y$305,Y13)) | J13: =IF(N(D13)<2,"",SQRT(SUMIFS(Muestreo!$W$6:$W$305,Muestreo!$Y$6:$Y$305,Y13)/(D13-1))) | K13: =IF(N(D13)=0,"",EXP(AVERAGEIFS(Muestreo!$U$6:$U$305,Muestreo!$Y$6:$Y$305,Y13))) | L13: =IF(N(D13)<2,"",EXP(SQRT(SUMIFS(Muestreo!$V$6:$V$305,Muestreo!$Y$6:$Y$305,Y13)/IF(Agentes!$C$63="n",D13,D13-1)))) | M13: =IF(N(D13)=0,"",SUMIFS(Muestreo!$X$6:$X$305,Muestreo!$Y$6:$Y$305,Y13)/D13) | N13: =IF(A13="","",GES!W13) | O13: =IF(OR(I13="",N(N13)=0),"",I13/N13) | P13: =IF(N(D13)=0,"",IF(L13="",H13,K13*L13^1.645)) | Q13: =IF(OR(P13="",N(N13)=0),"",P13/N13) | R13: =IF(A13="","",Agentes!$C$64) | S13: =IF(L13="",IF(N(D13)=1,"n = 1: se decide con el máximo",""),IF(L13<=R13,"GES aceptable","Revisar conformación del GES (DEG > "&R13&")")) | T13: =IF(Q13="","",IF(Q13<=0.01,0,IF(Q13<=0.1,1,IF(Q13<=0.5,2,IF(Q13<=1,3,4))))) | U13: =IF(A13="","",IF(T13="","Sin datos",CHOOSE(T13+1,"Insignificante (Cat. 0)","Muy baja (Cat. 1)","Controlada (Cat. 2)","Fuera de control – precaución (Cat. 3)","Sobreexposición (Cat. 4)"))) | V13: =IF(T13="","",IF(T13=4,5,IF(T13=3,IF(N(M13)>0,4,3),IF(T13=2,2,1)))) | W13: =IF(V13="","",CHOOSE(V13,"De 3 a 5 años","De 1 a 3 años","De 3 meses a 1 año","De 1 a 3 meses","Evaluación continua")) | X13: =IF(OR(A13="",T13=""),"",IF(IFERROR(INDEX(Agentes!$H$6:$H$60,MATCH(B13,Agentes!$A$6:$A$60,0)),"")="PNOS",IF(T13>=3,"Seguimiento respiratorio (espirometría)","Según criterio médico"),IF(T13>=3,"SVE específico (≥ nivel de acción)",IF(T13=2,"Seguimiento periódico con BEI si aplica","Examen periódico general")))) | Y13: =GES!R13
A14: =IF(GES!A14="","",GES!A14) | B14: =IF(A14="","",GES!E14) | C14: =IF(A14="","",GES!X14) | D14: =IF(Y14="","",COUNTIFS(Muestreo!$Y$6:$Y$305,Y14,Muestreo!$N$6:$N$305,">0")) | E14: =IF(A14="","",GES!P14) | F14: =IF(A14="","",IF(N(D14)=0,"Sin muestras",IF(D14>=E14,"Suficiente","Insuficiente (<"&E14&")"))) | G14: =IF(N(D14)=0,"",_xlfn.MINIFS(Muestreo!$N$6:$N$305,Muestreo!$Y$6:$Y$305,Y14)) | H14: =IF(N(D14)=0,"",_xlfn.MAXIFS(Muestreo!$N$6:$N$305,Muestreo!$Y$6:$Y$305,Y14)) | I14: =IF(N(D14)=0,"",AVERAGEIFS(Muestreo!$N$6:$N$305,Muestreo!$Y$6:$Y$305,Y14)) | J14: =IF(N(D14)<2,"",SQRT(SUMIFS(Muestreo!$W$6:$W$305,Muestreo!$Y$6:$Y$305,Y14)/(D14-1))) | K14: =IF(N(D14)=0,"",EXP(AVERAGEIFS(Muestreo!$U$6:$U$305,Muestreo!$Y$6:$Y$305,Y14))) | L14: =IF(N(D14)<2,"",EXP(SQRT(SUMIFS(Muestreo!$V$6:$V$305,Muestreo!$Y$6:$Y$305,Y14)/IF(Agentes!$C$63="n",D14,D14-1)))) | M14: =IF(N(D14)=0,"",SUMIFS(Muestreo!$X$6:$X$305,Muestreo!$Y$6:$Y$305,Y14)/D14) | N14: =IF(A14="","",GES!W14) | O14: =IF(OR(I14="",N(N14)=0),"",I14/N14) | P14: =IF(N(D14)=0,"",IF(L14="",H14,K14*L14^1.645)) | Q14: =IF(OR(P14="",N(N14)=0),"",P14/N14) | R14: =IF(A14="","",Agentes!$C$64) | S14: =IF(L14="",IF(N(D14)=1,"n = 1: se decide con el máximo",""),IF(L14<=R14,"GES aceptable","Revisar conformación del GES (DEG > "&R14&")")) | T14: =IF(Q14="","",IF(Q14<=0.01,0,IF(Q14<=0.1,1,IF(Q14<=0.5,2,IF(Q14<=1,3,4))))) | U14: =IF(A14="","",IF(T14="","Sin datos",CHOOSE(T14+1,"Insignificante (Cat. 0)","Muy baja (Cat. 1)","Controlada (Cat. 2)","Fuera de control – precaución (Cat. 3)","Sobreexposición (Cat. 4)"))) | V14: =IF(T14="","",IF(T14=4,5,IF(T14=3,IF(N(M14)>0,4,3),IF(T14=2,2,1)))) | W14: =IF(V14="","",CHOOSE(V14,"De 3 a 5 años","De 1 a 3 años","De 3 meses a 1 año","De 1 a 3 meses","Evaluación continua")) | X14: =IF(OR(A14="",T14=""),"",IF(IFERROR(INDEX(Agentes!$H$6:$H$60,MATCH(B14,Agentes!$A$6:$A$60,0)),"")="PNOS",IF(T14>=3,"Seguimiento respiratorio (espirometría)","Según criterio médico"),IF(T14>=3,"SVE específico (≥ nivel de acción)",IF(T14=2,"Seguimiento periódico con BEI si aplica","Examen periódico general")))) | Y14: =GES!R14
A15: =IF(GES!A15="","",GES!A15) | B15: =IF(A15="","",GES!E15) | C15: =IF(A15="","",GES!X15) | D15: =IF(Y15="","",COUNTIFS(Muestreo!$Y$6:$Y$305,Y15,Muestreo!$N$6:$N$305,">0")) | E15: =IF(A15="","",GES!P15) | F15: =IF(A15="","",IF(N(D15)=0,"Sin muestras",IF(D15>=E15,"Suficiente","Insuficiente (<"&E15&")"))) | G15: =IF(N(D15)=0,"",_xlfn.MINIFS(Muestreo!$N$6:$N$305,Muestreo!$Y$6:$Y$305,Y15)) | H15: =IF(N(D15)=0,"",_xlfn.MAXIFS(Muestreo!$N$6:$N$305,Muestreo!$Y$6:$Y$305,Y15)) | I15: =IF(N(D15)=0,"",AVERAGEIFS(Muestreo!$N$6:$N$305,Muestreo!$Y$6:$Y$305,Y15)) | J15: =IF(N(D15)<2,"",SQRT(SUMIFS(Muestreo!$W$6:$W$305,Muestreo!$Y$6:$Y$305,Y15)/(D15-1))) | K15: =IF(N(D15)=0,"",EXP(AVERAGEIFS(Muestreo!$U$6:$U$305,Muestreo!$Y$6:$Y$305,Y15))) | L15: =IF(N(D15)<2,"",EXP(SQRT(SUMIFS(Muestreo!$V$6:$V$305,Muestreo!$Y$6:$Y$305,Y15)/IF(Agentes!$C$63="n",D15,D15-1)))) | M15: =IF(N(D15)=0,"",SUMIFS(Muestreo!$X$6:$X$305,Muestreo!$Y$6:$Y$305,Y15)/D15) | N15: =IF(A15="","",GES!W15) | O15: =IF(OR(I15="",N(N15)=0),"",I15/N15) | P15: =IF(N(D15)=0,"",IF(L15="",H15,K15*L15^1.645)) | Q15: =IF(OR(P15="",N(N15)=0),"",P15/N15) | R15: =IF(A15="","",Agentes!$C$64) | S15: =IF(L15="",IF(N(D15)=1,"n = 1: se decide con el máximo",""),IF(L15<=R15,"GES aceptable","Revisar conformación del GES (DEG > "&R15&")")) | T15: =IF(Q15="","",IF(Q15<=0.01,0,IF(Q15<=0.1,1,IF(Q15<=0.5,2,IF(Q15<=1,3,4))))) | U15: =IF(A15="","",IF(T15="","Sin datos",CHOOSE(T15+1,"Insignificante (Cat. 0)","Muy baja (Cat. 1)","Controlada (Cat. 2)","Fuera de control – precaución (Cat. 3)","Sobreexposición (Cat. 4)"))) | V15: =IF(T15="","",IF(T15=4,5,IF(T15=3,IF(N(M15)>0,4,3),IF(T15=2,2,1)))) | W15: =IF(V15="","",CHOOSE(V15,"De 3 a 5 años","De 1 a 3 años","De 3 meses a 1 año","De 1 a 3 meses","Evaluación continua")) | X15: =IF(OR(A15="",T15=""),"",IF(IFERROR(INDEX(Agentes!$H$6:$H$60,MATCH(B15,Agentes!$A$6:$A$60,0)),"")="PNOS",IF(T15>=3,"Seguimiento respiratorio (espirometría)","Según criterio médico"),IF(T15>=3,"SVE específico (≥ nivel de acción)",IF(T15=2,"Seguimiento periódico con BEI si aplica","Examen periódico general")))) | Y15: =GES!R15
A16: =IF(GES!A16="","",GES!A16) | B16: =IF(A16="","",GES!E16) | C16: =IF(A16="","",GES!X16) | D16: =IF(Y16="","",COUNTIFS(Muestreo!$Y$6:$Y$305,Y16,Muestreo!$N$6:$N$305,">0")) | E16: =IF(A16="","",GES!P16) | F16: =IF(A16="","",IF(N(D16)=0,"Sin muestras",IF(D16>=E16,"Suficiente","Insuficiente (<"&E16&")"))) | G16: =IF(N(D16)=0,"",_xlfn.MINIFS(Muestreo!$N$6:$N$305,Muestreo!$Y$6:$Y$305,Y16)) | H16: =IF(N(D16)=0,"",_xlfn.MAXIFS(Muestreo!$N$6:$N$305,Muestreo!$Y$6:$Y$305,Y16)) | I16: =IF(N(D16)=0,"",AVERAGEIFS(Muestreo!$N$6:$N$305,Muestreo!$Y$6:$Y$305,Y16)) | J16: =IF(N(D16)<2,"",SQRT(SUMIFS(Muestreo!$W$6:$W$305,Muestreo!$Y$6:$Y$305,Y16)/(D16-1))) | K16: =IF(N(D16)=0,"",EXP(AVERAGEIFS(Muestreo!$U$6:$U$305,Muestreo!$Y$6:$Y$305,Y16))) | L16: =IF(N(D16)<2,"",EXP(SQRT(SUMIFS(Muestreo!$V$6:$V$305,Muestreo!$Y$6:$Y$305,Y16)/IF(Agentes!$C$63="n",D16,D16-1)))) | M16: =IF(N(D16)=0,"",SUMIFS(Muestreo!$X$6:$X$305,Muestreo!$Y$6:$Y$305,Y16)/D16) | N16: =IF(A16="","",GES!W16) | O16: =IF(OR(I16="",N(N16)=0),"",I16/N16) | P16: =IF(N(D16)=0,"",IF(L16="",H16,K16*L16^1.645)) | Q16: =IF(OR(P16="",N(N16)=0),"",P16/N16) | R16: =IF(A16="","",Agentes!$C$64) | S16: =IF(L16="",IF(N(D16)=1,"n = 1: se decide con el máximo",""),IF(L16<=R16,"GES aceptable","Revisar conformación del GES (DEG > "&R16&")")) | T16: =IF(Q16="","",IF(Q16<=0.01,0,IF(Q16<=0.1,1,IF(Q16<=0.5,2,IF(Q16<=1,3,4))))) | U16: =IF(A16="","",IF(T16="","Sin datos",CHOOSE(T16+1,"Insignificante (Cat. 0)","Muy baja (Cat. 1)","Controlada (Cat. 2)","Fuera de control – precaución (Cat. 3)","Sobreexposición (Cat. 4)"))) | V16: =IF(T16="","",IF(T16=4,5,IF(T16=3,IF(N(M16)>0,4,3),IF(T16=2,2,1)))) | W16: =IF(V16="","",CHOOSE(V16,"De 3 a 5 años","De 1 a 3 años","De 3 meses a 1 año","De 1 a 3 meses","Evaluación continua")) | X16: =IF(OR(A16="",T16=""),"",IF(IFERROR(INDEX(Agentes!$H$6:$H$60,MATCH(B16,Agentes!$A$6:$A$60,0)),"")="PNOS",IF(T16>=3,"Seguimiento respiratorio (espirometría)","Según criterio médico"),IF(T16>=3,"SVE específico (≥ nivel de acción)",IF(T16=2,"Seguimiento periódico con BEI si aplica","Examen periódico general")))) | Y16: =GES!R16
A17: =IF(GES!A17="","",GES!A17) | B17: =IF(A17="","",GES!E17) | C17: =IF(A17="","",GES!X17) | D17: =IF(Y17="","",COUNTIFS(Muestreo!$Y$6:$Y$305,Y17,Muestreo!$N$6:$N$305,">0")) | E17: =IF(A17="","",GES!P17) | F17: =IF(A17="","",IF(N(D17)=0,"Sin muestras",IF(D17>=E17,"Suficiente","Insuficiente (<"&E17&")"))) | G17: =IF(N(D17)=0,"",_xlfn.MINIFS(Muestreo!$N$6:$N$305,Muestreo!$Y$6:$Y$305,Y17)) | H17: =IF(N(D17)=0,"",_xlfn.MAXIFS(Muestreo!$N$6:$N$305,Muestreo!$Y$6:$Y$305,Y17)) | I17: =IF(N(D17)=0,"",AVERAGEIFS(Muestreo!$N$6:$N$305,Muestreo!$Y$6:$Y$305,Y17)) | J17: =IF(N(D17)<2,"",SQRT(SUMIFS(Muestreo!$W$6:$W$305,Muestreo!$Y$6:$Y$305,Y17)/(D17-1))) | K17: =IF(N(D17)=0,"",EXP(AVERAGEIFS(Muestreo!$U$6:$U$305,Muestreo!$Y$6:$Y$305,Y17))) | L17: =IF(N(D17)<2,"",EXP(SQRT(SUMIFS(Muestreo!$V$6:$V$305,Muestreo!$Y$6:$Y$305,Y17)/IF(Agentes!$C$63="n",D17,D17-1)))) | M17: =IF(N(D17)=0,"",SUMIFS(Muestreo!$X$6:$X$305,Muestreo!$Y$6:$Y$305,Y17)/D17) | N17: =IF(A17="","",GES!W17) | O17: =IF(OR(I17="",N(N17)=0),"",I17/N17) | P17: =IF(N(D17)=0,"",IF(L17="",H17,K17*L17^1.645)) | Q17: =IF(OR(P17="",N(N17)=0),"",P17/N17) | R17: =IF(A17="","",Agentes!$C$64) | S17: =IF(L17="",IF(N(D17)=1,"n = 1: se decide con el máximo",""),IF(L17<=R17,"GES aceptable","Revisar conformación del GES (DEG > "&R17&")")) | T17: =IF(Q17="","",IF(Q17<=0.01,0,IF(Q17<=0.1,1,IF(Q17<=0.5,2,IF(Q17<=1,3,4))))) | U17: =IF(A17="","",IF(T17="","Sin datos",CHOOSE(T17+1,"Insignificante (Cat. 0)","Muy baja (Cat. 1)","Controlada (Cat. 2)","Fuera de control – precaución (Cat. 3)","Sobreexposición (Cat. 4)"))) | V17: =IF(T17="","",IF(T17=4,5,IF(T17=3,IF(N(M17)>0,4,3),IF(T17=2,2,1)))) | W17: =IF(V17="","",CHOOSE(V17,"De 3 a 5 años","De 1 a 3 años","De 3 meses a 1 año","De 1 a 3 meses","Evaluación continua")) | X17: =IF(OR(A17="",T17=""),"",IF(IFERROR(INDEX(Agentes!$H$6:$H$60,MATCH(B17,Agentes!$A$6:$A$60,0)),"")="PNOS",IF(T17>=3,"Seguimiento respiratorio (espirometría)","Según criterio médico"),IF(T17>=3,"SVE específico (≥ nivel de acción)",IF(T17=2,"Seguimiento periódico con BEI si aplica","Examen periódico general")))) | Y17: =GES!R17
... A35: =IF(GES!A35="","",GES!A35) | B35: =IF(A35="","",GES!E35) | C35: =IF(A35="","",GES!X35) | D35: =IF(Y35="","",COUNTIFS(Muestreo!$Y$6:$Y$305,Y35,Muestreo!$N$6:$N$305,">0")) | E35: =IF(A35="","",GES!P35) | F35: =IF(A35="","",IF(N(D35)=0,"Sin muestras",IF(D35>=E35,"Suficiente","Insuficiente (<"&E35&")"))) | G35: =IF(N(D35)=0,"",_xlfn.MINIFS(Muestreo!$N$6:$N$305,Muestreo!$Y$6:$Y$305,Y35)) | H35: =IF(N(D35)=0,"",_xlfn.MAXIFS(Muestreo!$N$6:$N$305,Muestreo!$Y$6:$Y$305,Y35)) | I35: =IF(N(D35)=0,"",AVERAGEIFS(Muestreo!$N$6:$N$305,Muestreo!$Y$6:$Y$305,Y35)) | J35: =IF(N(D35)<2,"",SQRT(SUMIFS(Muestreo!$W$6:$W$305,Muestreo!$Y$6:$Y$305,Y35)/(D35-1))) | K35: =IF(N(D35)=0,"",EXP(AVERAGEIFS(Muestreo!$U$6:$U$305,Muestreo!$Y$6:$Y$305,Y35))) | L35: =IF(N(D35)<2,"",EXP(SQRT(SUMIFS(Muestreo!$V$6:$V$305,Muestreo!$Y$6:$Y$305,Y35)/IF(Agentes!$C$63="n",D35,D35-1)))) | M35: =IF(N(D35)=0,"",SUMIFS(Muestreo!$X$6:$X$305,Muestreo!$Y$6:$Y$305,Y35)/D35) | N35: =IF(A35="","",GES!W35) | O35: =IF(OR(I35="",N(N35)=0),"",I35/N35) | P35: =IF(N(D35)=0,"",IF(L35="",H35,K35*L35^1.645)) | Q35: =IF(OR(P35="",N(N35)=0),"",P35/N35) | R35: =IF(A35="","",Agentes!$C$64) | S35: =IF(L35="",IF(N(D35)=1,"n = 1: se decide con el máximo",""),IF(L35<=R35,"GES aceptable","Revisar conformación del GES (DEG > "&R35&")")) | T35: =IF(Q35="","",IF(Q35<=0.01,0,IF(Q35<=0.1,1,IF(Q35<=0.5,2,IF(Q35<=1,3,4))))) | U35: =IF(A35="","",IF(T35="","Sin datos",CHOOSE(T35+1,"Insignificante (Cat. 0)","Muy baja (Cat. 1)","Controlada (Cat. 2)","Fuera de control – precaución (Cat. 3)","Sobreexposición (Cat. 4)"))) | V35: =IF(T35="","",IF(T35=4,5,IF(T35=3,IF(N(M35)>0,4,3),IF(T35=2,2,1)))) | W35: =IF(V35="","",CHOOSE(V35,"De 3 a 5 años","De 1 a 3 años","De 3 meses a 1 año","De 1 a 3 meses","Evaluación continua")) | X35: =IF(OR(A35="",T35=""),"",IF(IFERROR(INDEX(Agentes!$H$6:$H$60,MATCH(B35,Agentes!$A$6:$A$60,0)),"")="PNOS",IF(T35>=3,"Seguimiento respiratorio (espirometría)","Según criterio médico"),IF(T35>=3,"SVE específico (≥ nivel de acción)",IF(T35=2,"Seguimiento periódico con BEI si aplica","Examen periódico general")))) | Y35: =GES!R35

Sheet Mezclas
A1: 5. Mezclas – regla de efectos aditivos (ACGIH)
A2: Para agentes con el mismo efecto u órgano blanco medidos en la misma muestra o jornada: Σ Cᵢ / TLVᵢ ajustado. Si la suma supera 1, la mezcla excede el valor límite aunque cada agente esté por debajo de su TLV.
A3: DustRisk V1 · Polvos minerales, metales y humos metálicos · SCHO · Celdas amarillas con texto azul = datos a diligenciar; celdas grises = cálculo automático (no editar).
A5: ID muestra / jornada | B5: Grupo de efecto | C5: Nº de agentes en la muestra con ese efecto | D5: Σ C / TLV aj. | E5: Resultado | F5: Observaciones
A6: G02-D1 | B6: Cáncer de pulmón | C6: =IF(OR(A6="",B6=""),"",COUNTIFS(Muestreo!$F$6:$F$305,A6,Muestreo!$S$6:$S$305,B6,Muestreo!$R$6:$R$305,">=0")) | D6: =IF(N(C6)=0,"",SUMIFS(Muestreo!$R$6:$R$305,Muestreo!$F$6:$F$305,A6,Muestreo!$S$6:$S$305,B6)) | E6: =IF(D6="","",IF(C6<2,"Un solo agente: evalúe en Estadística",IF(D6>1,"La mezcla excede el valor límite (Σ > 1)",IF(D6>0.5,"Mezcla sobre el nivel de acción (Σ > 0,5)","Mezcla controlada")))) | F6: Cr(VI) y níquel insoluble comparten efecto (cáncer de pulmón, A1): se suman
A7: G02-D2 | B7: Cáncer de pulmón | C7: =IF(OR(A7="",B7=""),"",COUNTIFS(Muestreo!$F$6:$F$305,A7,Muestreo!$S$6:$S$305,B7,Muestreo!$R$6:$R$305,">=0")) | D7: =IF(N(C7)=0,"",SUMIFS(Muestreo!$R$6:$R$305,Muestreo!$F$6:$F$305,A7,Muestreo!$S$6:$S$305,B7)) | E7: =IF(D7="","",IF(C7<2,"Un solo agente: evalúe en Estadística",IF(D7>1,"La mezcla excede el valor límite (Σ > 1)",IF(D7>0.5,"Mezcla sobre el nivel de acción (Σ > 0,5)","Mezcla controlada"))))
A8: G02-D3 | B8: Cáncer de pulmón | C8: =IF(OR(A8="",B8=""),"",COUNTIFS(Muestreo!$F$6:$F$305,A8,Muestreo!$S$6:$S$305,B8,Muestreo!$R$6:$R$305,">=0")) | D8: =IF(N(C8)=0,"",SUMIFS(Muestreo!$R$6:$R$305,Muestreo!$F$6:$F$305,A8,Muestreo!$S$6:$S$305,B8)) | E8: =IF(D8="","",IF(C8<2,"Un solo agente: evalúe en Estadística",IF(D8>1,"La mezcla excede el valor límite (Σ > 1)",IF(D8>0.5,"Mezcla sobre el nivel de acción (Σ > 0,5)","Mezcla controlada"))))
A9: G02-D4 | B9: Cáncer de pulmón | C9: =IF(OR(A9="",B9=""),"",COUNTIFS(Muestreo!$F$6:$F$305,A9,Muestreo!$S$6:$S$305,B9,Muestreo!$R$6:$R$305,">=0")) | D9: =IF(N(C9)=0,"",SUMIFS(Muestreo!$R$6:$R$305,Muestreo!$F$6:$F$305,A9,Muestreo!$S$6:$S$305,B9)) | E9: =IF(D9="","",IF(C9<2,"Un solo agente: evalúe en Estadística",IF(D9>1,"La mezcla excede el valor límite (Σ > 1)",IF(D9>0.5,"Mezcla sobre el nivel de acción (Σ > 0,5)","Mezcla controlada"))))
A10: G02-D5 | B10: Cáncer de pulmón | C10: =IF(OR(A10="",B10=""),"",COUNTIFS(Muestreo!$F$6:$F$305,A10,Muestreo!$S$6:$S$305,B10,Muestreo!$R$6:$R$305,">=0")) | D10: =IF(N(C10)=0,"",SUMIFS(Muestreo!$R$6:$R$305,Muestreo!$F$6:$F$305,A10,Muestreo!$S$6:$S$305,B10)) | E10: =IF(D10="","",IF(C10<2,"Un solo agente: evalúe en Estadística",IF(D10>1,"La mezcla excede el valor límite (Σ > 1)",IF(D10>0.5,"Mezcla sobre el nivel de acción (Σ > 0,5)","Mezcla controlada"))))
A11: G02-D6 | B11: Cáncer de pulmón | C11: =IF(OR(A11="",B11=""),"",COUNTIFS(Muestreo!$F$6:$F$305,A11,Muestreo!$S$6:$S$305,B11,Muestreo!$R$6:$R$305,">=0")) | D11: =IF(N(C11)=0,"",SUMIFS(Muestreo!$R$6:$R$305,Muestreo!$F$6:$F$305,A11,Muestreo!$S$6:$S$305,B11)) | E11: =IF(D11="","",IF(C11<2,"Un solo agente: evalúe en Estadística",IF(D11>1,"La mezcla excede el valor límite (Σ > 1)",IF(D11>0.5,"Mezcla sobre el nivel de acción (Σ > 0,5)","Mezcla controlada"))))
C12: =IF(OR(A12="",B12=""),"",COUNTIFS(Muestreo!$F$6:$F$305,A12,Muestreo!$S$6:$S$305,B12,Muestreo!$R$6:$R$305,">=0")) | D12: =IF(N(C12)=0,"",SUMIFS(Muestreo!$R$6:$R$305,Muestreo!$F$6:$F$305,A12,Muestreo!$S$6:$S$305,B12)) | E12: =IF(D12="","",IF(C12<2,"Un solo agente: evalúe en Estadística",IF(D12>1,"La mezcla excede el valor límite (Σ > 1)",IF(D12>0.5,"Mezcla sobre el nivel de acción (Σ > 0,5)","Mezcla controlada"))))
C13: =IF(OR(A13="",B13=""),"",COUNTIFS(Muestreo!$F$6:$F$305,A13,Muestreo!$S$6:$S$305,B13,Muestreo!$R$6:$R$305,">=0")) | D13: =IF(N(C13)=0,"",SUMIFS(Muestreo!$R$6:$R$305,Muestreo!$F$6:$F$305,A13,Muestreo!$S$6:$S$305,B13)) | E13: =IF(D13="","",IF(C13<2,"Un solo agente: evalúe en Estadística",IF(D13>1,"La mezcla excede el valor límite (Σ > 1)",IF(D13>0.5,"Mezcla sobre el nivel de acción (Σ > 0,5)","Mezcla controlada"))))
C14: =IF(OR(A14="",B14=""),"",COUNTIFS(Muestreo!$F$6:$F$305,A14,Muestreo!$S$6:$S$305,B14,Muestreo!$R$6:$R$305,">=0")) | D14: =IF(N(C14)=0,"",SUMIFS(Muestreo!$R$6:$R$305,Muestreo!$F$6:$F$305,A14,Muestreo!$S$6:$S$305,B14)) | E14: =IF(D14="","",IF(C14<2,"Un solo agente: evalúe en Estadística",IF(D14>1,"La mezcla excede el valor límite (Σ > 1)",IF(D14>0.5,"Mezcla sobre el nivel de acción (Σ > 0,5)","Mezcla controlada"))))
C15: =IF(OR(A15="",B15=""),"",COUNTIFS(Muestreo!$F$6:$F$305,A15,Muestreo!$S$6:$S$305,B15,Muestreo!$R$6:$R$305,">=0")) | D15: =IF(N(C15)=0,"",SUMIFS(Muestreo!$R$6:$R$305,Muestreo!$F$6:$F$305,A15,Muestreo!$S$6:$S$305,B15)) | E15: =IF(D15="","",IF(C15<2,"Un solo agente: evalúe en Estadística",IF(D15>1,"La mezcla excede el valor límite (Σ > 1)",IF(D15>0.5,"Mezcla sobre el nivel de acción (Σ > 0,5)","Mezcla controlada"))))
C16: =IF(OR(A16="",B16=""),"",COUNTIFS(Muestreo!$F$6:$F$305,A16,Muestreo!$S$6:$S$305,B16,Muestreo!$R$6:$R$305,">=0")) | D16: =IF(N(C16)=0,"",SUMIFS(Muestreo!$R$6:$R$305,Muestreo!$F$6:$F$305,A16,Muestreo!$S$6:$S$305,B16)) | E16: =IF(D16="","",IF(C16<2,"Un solo agente: evalúe en Estadística",IF(D16>1,"La mezcla excede el valor límite (Σ > 1)",IF(D16>0.5,"Mezcla sobre el nivel de acción (Σ > 0,5)","Mezcla controlada"))))
C17: =IF(OR(A17="",B17=""),"",COUNTIFS(Muestreo!$F$6:$F$305,A17,Muestreo!$S$6:$S$305,B17,Muestreo!$R$6:$R$305,">=0")) | D17: =IF(N(C17)=0,"",SUMIFS(Muestreo!$R$6:$R$305,Muestreo!$F$6:$F$305,A17,Muestreo!$S$6:$S$305,B17)) | E17: =IF(D17="","",IF(C17<2,"Un solo agente: evalúe en Estadística",IF(D17>1,"La mezcla excede el valor límite (Σ > 1)",IF(D17>0.5,"Mezcla sobre el nivel de acción (Σ > 0,5)","Mezcla controlada"))))
C18: =IF(OR(A18="",B18=""),"",COUNTIFS(Muestreo!$F$6:$F$305,A18,Muestreo!$S$6:$S$305,B18,Muestreo!$R$6:$R$305,">=0")) | D18: =IF(N(C18)=0,"",SUMIFS(Muestreo!$R$6:$R$305,Muestreo!$F$6:$F$305,A18,Muestreo!$S$6:$S$305,B18)) | E18: =IF(D18="","",IF(C18<2,"Un solo agente: evalúe en Estadística",IF(D18>1,"La mezcla excede el valor límite (Σ > 1)",IF(D18>0.5,"Mezcla sobre el nivel de acción (Σ > 0,5)","Mezcla controlada"))))
C19: =IF(OR(A19="",B19=""),"",COUNTIFS(Muestreo!$F$6:$F$305,A19,Muestreo!$S$6:$S$305,B19,Muestreo!$R$6:$R$305,">=0")) | D19: =IF(N(C19)=0,"",SUMIFS(Muestreo!$R$6:$R$305,Muestreo!$F$6:$F$305,A19,Muestreo!$S$6:$S$305,B19)) | E19: =IF(D19="","",IF(C19<2,"Un solo agente: evalúe en Estadística",IF(D19>1,"La mezcla excede el valor límite (Σ > 1)",IF(D19>0.5,"Mezcla sobre el nivel de acción (Σ > 0,5)","Mezcla controlada"))))
C20: =IF(OR(A20="",B20=""),"",COUNTIFS(Muestreo!$F$6:$F$305,A20,Muestreo!$S$6:$S$305,B20,Muestreo!$R$6:$R$305,">=0")) | D20: =IF(N(C20)=0,"",SUMIFS(Muestreo!$R$6:$R$305,Muestreo!$F$6:$F$305,A20,Muestreo!$S$6:$S$305,B20)) | E20: =IF(D20="","",IF(C20<2,"Un solo agente: evalúe en Estadística",IF(D20>1,"La mezcla excede el valor límite (Σ > 1)",IF(D20>0.5,"Mezcla sobre el nivel de acción (Σ > 0,5)","Mezcla controlada"))))
C21: =IF(OR(A21="",B21=""),"",COUNTIFS(Muestreo!$F$6:$F$305,A21,Muestreo!$S$6:$S$305,B21,Muestreo!$R$6:$R$305,">=0")) | D21: =IF(N(C21)=0,"",SUMIFS(Muestreo!$R$6:$R$305,Muestreo!$F$6:$F$305,A21,Muestreo!$S$6:$S$305,B21)) | E21: =IF(D21="","",IF(C21<2,"Un solo agente: evalúe en Estadística",IF(D21>1,"La mezcla excede el valor límite (Σ > 1)",IF(D21>0.5,"Mezcla sobre el nivel de acción (Σ > 0,5)","Mezcla controlada"))))
C22: =IF(OR(A22="",B22=""),"",COUNTIFS(Muestreo!$F$6:$F$305,A22,Muestreo!$S$6:$S$305,B22,Muestreo!$R$6:$R$305,">=0")) | D22: =IF(N(C22)=0,"",SUMIFS(Muestreo!$R$6:$R$305,Muestreo!$F$6:$F$305,A22,Muestreo!$S$6:$S$305,B22)) | E22: =IF(D22="","",IF(C22<2,"Un solo agente: evalúe en Estadística",IF(D22>1,"La mezcla excede el valor límite (Σ > 1)",IF(D22>0.5,"Mezcla sobre el nivel de acción (Σ > 0,5)","Mezcla controlada"))))
C23: =IF(OR(A23="",B23=""),"",COUNTIFS(Muestreo!$F$6:$F$305,A23,Muestreo!$S$6:$S$305,B23,Muestreo!$R$6:$R$305,">=0")) | D23: =IF(N(C23)=0,"",SUMIFS(Muestreo!$R$6:$R$305,Muestreo!$F$6:$F$305,A23,Muestreo!$S$6:$S$305,B23)) | E23: =IF(D23="","",IF(C23<2,"Un solo agente: evalúe en Estadística",IF(D23>1,"La mezcla excede el valor límite (Σ > 1)",IF(D23>0.5,"Mezcla sobre el nivel de acción (Σ > 0,5)","Mezcla controlada"))))
... C55: =IF(OR(A55="",B55=""),"",COUNTIFS(Muestreo!$F$6:$F$305,A55,Muestreo!$S$6:$S$305,B55,Muestreo!$R$6:$R$305,">=0")) | D55: =IF(N(C55)=0,"",SUMIFS(Muestreo!$R$6:$R$305,Muestreo!$F$6:$F$305,A55,Muestreo!$S$6:$S$305,B55)) | E55: =IF(D55="","",IF(C55<2,"Un solo agente: evalúe en Estadística",IF(D55>1,"La mezcla excede el valor límite (Σ > 1)",IF(D55>0.5,"Mezcla sobre el nivel de acción (Σ > 0,5)","Mezcla controlada"))))

Sheet Plan de Control
A1: 6. Plan de Control por GES × agente
A2: Recomendaciones automáticas según la familia del agente y la clasificación (códigos B## en la Biblioteca). Diligencie las medidas adoptadas, responsables y seguimiento.
A3: DustRisk V1 · Polvos minerales, metales y humos metálicos · SCHO · Celdas amarillas con texto azul = datos a diligenciar; celdas grises = cálculo automático (no editar).
A5: Código GES | B5: Agente | C5: Clasificación | D5: Categoría AIHA | E5: Prioridad | F5: Medidas recomendadas (automático) | G5: Medida(s) adoptada(s) | H5: Jerarquía | I5: Responsable | J5: Fecha compromiso | K5: Estado | L5: Verificación de eficacia (remuestreo) | M5: Observaciones
A6: =Estadística!A6 | B6: =Estadística!B6 | C6: =Estadística!U6 | D6: =Estadística!T6 | E6: =IF(A6="","",IF(D6="","Evaluar",CHOOSE(D6+1,"Mantener","Mantener","Mantener y reevaluar","Alta (≤ 1–3 meses)","Inmediata"))) | F6: =IF(A6="","",IF(C6="Sin datos","Realizar evaluación cuantitativa con 6 a 10 muestras personales por GES y agente (AIHA).",IFERROR(INDEX(Biblioteca!$I$6:$I$17,MATCH(IFERROR(INDEX(Agentes!$H$6:$H$60,MATCH(B6,Agentes!$A$6:$A$60,0)),"")&"|"&IF(LEFT(C6,5)="Sobre","Sobreexposición",IF(LEFT(C6,5)="Fuera","Fuera de control","Controlada")),Biblioteca!$H$6:$H$17,0)),""))) | G6: Extracción localizada con brazo articulado en cada puesto; electrodos de bajo manganeso | H6: Ingeniería – fuente | I6: Jefe de taller | J6: 46371 | K6: En curso | L6: Remuestreo de 6 muestras en feb-2027
A7: =Estadística!A7 | B7: =Estadística!B7 | C7: =Estadística!U7 | D7: =Estadística!T7 | E7: =IF(A7="","",IF(D7="","Evaluar",CHOOSE(D7+1,"Mantener","Mantener","Mantener y reevaluar","Alta (≤ 1–3 meses)","Inmediata"))) | F7: =IF(A7="","",IF(C7="Sin datos","Realizar evaluación cuantitativa con 6 a 10 muestras personales por GES y agente (AIHA).",IFERROR(INDEX(Biblioteca!$I$6:$I$17,MATCH(IFERROR(INDEX(Agentes!$H$6:$H$60,MATCH(B7,Agentes!$A$6:$A$60,0)),"")&"|"&IF(LEFT(C7,5)="Sobre","Sobreexposición",IF(LEFT(C7,5)="Fuera","Fuera de control","Controlada")),Biblioteca!$H$6:$H$17,0)),"")))
A8: =Estadística!A8 | B8: =Estadística!B8 | C8: =Estadística!U8 | D8: =Estadística!T8 | E8: =IF(A8="","",IF(D8="","Evaluar",CHOOSE(D8+1,"Mantener","Mantener","Mantener y reevaluar","Alta (≤ 1–3 meses)","Inmediata"))) | F8: =IF(A8="","",IF(C8="Sin datos","Realizar evaluación cuantitativa con 6 a 10 muestras personales por GES y agente (AIHA).",IFERROR(INDEX(Biblioteca!$I$6:$I$17,MATCH(IFERROR(INDEX(Agentes!$H$6:$H$60,MATCH(B8,Agentes!$A$6:$A$60,0)),"")&"|"&IF(LEFT(C8,5)="Sobre","Sobreexposición",IF(LEFT(C8,5)="Fuera","Fuera de control","Controlada")),Biblioteca!$H$6:$H$17,0)),""))) | G8: Antorchas con extracción integrada en todos los puestos; PAPR con careta de soldar mientras tanto | H8: Ingeniería – fuente | I8: Ingeniero de procesos | J8: 46356 | K8: Pendiente | L8: Remuestreo trimestral
A9: =Estadística!A9 | B9: =Estadística!B9 | C9: =Estadística!U9 | D9: =Estadística!T9 | E9: =IF(A9="","",IF(D9="","Evaluar",CHOOSE(D9+1,"Mantener","Mantener","Mantener y reevaluar","Alta (≤ 1–3 meses)","Inmediata"))) | F9: =IF(A9="","",IF(C9="Sin datos","Realizar evaluación cuantitativa con 6 a 10 muestras personales por GES y agente (AIHA).",IFERROR(INDEX(Biblioteca!$I$6:$I$17,MATCH(IFERROR(INDEX(Agentes!$H$6:$H$60,MATCH(B9,Agentes!$A$6:$A$60,0)),"")&"|"&IF(LEFT(C9,5)="Sobre","Sobreexposición",IF(LEFT(C9,5)="Fuera","Fuera de control","Controlada")),Biblioteca!$H$6:$H$17,0)),"")))
A10: =Estadística!A10 | B10: =Estadística!B10 | C10: =Estadística!U10 | D10: =Estadística!T10 | E10: =IF(A10="","",IF(D10="","Evaluar",CHOOSE(D10+1,"Mantener","Mantener","Mantener y reevaluar","Alta (≤ 1–3 meses)","Inmediata"))) | F10: =IF(A10="","",IF(C10="Sin datos","Realizar evaluación cuantitativa con 6 a 10 muestras personales por GES y agente (AIHA).",IFERROR(INDEX(Biblioteca!$I$6:$I$17,MATCH(IFERROR(INDEX(Agentes!$H$6:$H$60,MATCH(B10,Agentes!$A$6:$A$60,0)),"")&"|"&IF(LEFT(C10,5)="Sobre","Sobreexposición",IF(LEFT(C10,5)="Fuera","Fuera de control","Controlada")),Biblioteca!$H$6:$H$17,0)),""))) | G10: Mantenimiento de la campana de la ensacadora y del colector; aspiración HEPA para limpieza | H10: Ingeniería – fuente | I10: Jefe de planta | J10: 46341 | K10: En curso | L10: Verificar velocidad de captura
A11: =Estadística!A11 | B11: =Estadística!B11 | C11: =Estadística!U11 | D11: =Estadística!T11 | E11: =IF(A11="","",IF(D11="","Evaluar",CHOOSE(D11+1,"Mantener","Mantener","Mantener y reevaluar","Alta (≤ 1–3 meses)","Inmediata"))) | F11: =IF(A11="","",IF(C11="Sin datos","Realizar evaluación cuantitativa con 6 a 10 muestras personales por GES y agente (AIHA).",IFERROR(INDEX(Biblioteca!$I$6:$I$17,MATCH(IFERROR(INDEX(Agentes!$H$6:$H$60,MATCH(B11,Agentes!$A$6:$A$60,0)),"")&"|"&IF(LEFT(C11,5)="Sobre","Sobreexposición",IF(LEFT(C11,5)="Fuera","Fuera de control","Controlada")),Biblioteca!$H$6:$H$17,0)),"")))
A12: =Estadística!A12 | B12: =Estadística!B12 | C12: =Estadística!U12 | D12: =Estadística!T12 | E12: =IF(A12="","",IF(D12="","Evaluar",CHOOSE(D12+1,"Mantener","Mantener","Mantener y reevaluar","Alta (≤ 1–3 meses)","Inmediata"))) | F12: =IF(A12="","",IF(C12="Sin datos","Realizar evaluación cuantitativa con 6 a 10 muestras personales por GES y agente (AIHA).",IFERROR(INDEX(Biblioteca!$I$6:$I$17,MATCH(IFERROR(INDEX(Agentes!$H$6:$H$60,MATCH(B12,Agentes!$A$6:$A$60,0)),"")&"|"&IF(LEFT(C12,5)="Sobre","Sobreexposición",IF(LEFT(C12,5)="Fuera","Fuera de control","Controlada")),Biblioteca!$H$6:$H$17,0)),""))) | G12: Mejorar la captación de la campana del horno; ropa exclusiva, duchas y comedor separado | H12: Ingeniería – fuente | I12: Coordinador SST | J12: 46357 | K12: Pendiente | L12: Remuestreo y plombemias en ene-2027
A13: =Estadística!A13 | B13: =Estadística!B13 | C13: =Estadística!U13 | D13: =Estadística!T13 | E13: =IF(A13="","",IF(D13="","Evaluar",CHOOSE(D13+1,"Mantener","Mantener","Mantener y reevaluar","Alta (≤ 1–3 meses)","Inmediata"))) | F13: =IF(A13="","",IF(C13="Sin datos","Realizar evaluación cuantitativa con 6 a 10 muestras personales por GES y agente (AIHA).",IFERROR(INDEX(Biblioteca!$I$6:$I$17,MATCH(IFERROR(INDEX(Agentes!$H$6:$H$60,MATCH(B13,Agentes!$A$6:$A$60,0)),"")&"|"&IF(LEFT(C13,5)="Sobre","Sobreexposición",IF(LEFT(C13,5)="Fuera","Fuera de control","Controlada")),Biblioteca!$H$6:$H$17,0)),"")))
A14: =Estadística!A14 | B14: =Estadística!B14 | C14: =Estadística!U14 | D14: =Estadística!T14 | E14: =IF(A14="","",IF(D14="","Evaluar",CHOOSE(D14+1,"Mantener","Mantener","Mantener y reevaluar","Alta (≤ 1–3 meses)","Inmediata"))) | F14: =IF(A14="","",IF(C14="Sin datos","Realizar evaluación cuantitativa con 6 a 10 muestras personales por GES y agente (AIHA).",IFERROR(INDEX(Biblioteca!$I$6:$I$17,MATCH(IFERROR(INDEX(Agentes!$H$6:$H$60,MATCH(B14,Agentes!$A$6:$A$60,0)),"")&"|"&IF(LEFT(C14,5)="Sobre","Sobreexposición",IF(LEFT(C14,5)="Fuera","Fuera de control","Controlada")),Biblioteca!$H$6:$H$17,0)),"")))
A15: =Estadística!A15 | B15: =Estadística!B15 | C15: =Estadística!U15 | D15: =Estadística!T15 | E15: =IF(A15="","",IF(D15="","Evaluar",CHOOSE(D15+1,"Mantener","Mantener","Mantener y reevaluar","Alta (≤ 1–3 meses)","Inmediata"))) | F15: =IF(A15="","",IF(C15="Sin datos","Realizar evaluación cuantitativa con 6 a 10 muestras personales por GES y agente (AIHA).",IFERROR(INDEX(Biblioteca!$I$6:$I$17,MATCH(IFERROR(INDEX(Agentes!$H$6:$H$60,MATCH(B15,Agentes!$A$6:$A$60,0)),"")&"|"&IF(LEFT(C15,5)="Sobre","Sobreexposición",IF(LEFT(C15,5)="Fuera","Fuera de control","Controlada")),Biblioteca!$H$6:$H$17,0)),"")))
A16: =Estadística!A16 | B16: =Estadística!B16 | C16: =Estadística!U16 | D16: =Estadística!T16 | E16: =IF(A16="","",IF(D16="","Evaluar",CHOOSE(D16+1,"Mantener","Mantener","Mantener y reevaluar","Alta (≤ 1–3 meses)","Inmediata"))) | F16: =IF(A16="","",IF(C16="Sin datos","Realizar evaluación cuantitativa con 6 a 10 muestras personales por GES y agente (AIHA).",IFERROR(INDEX(Biblioteca!$I$6:$I$17,MATCH(IFERROR(INDEX(Agentes!$H$6:$H$60,MATCH(B16,Agentes!$A$6:$A$60,0)),"")&"|"&IF(LEFT(C16,5)="Sobre","Sobreexposición",IF(LEFT(C16,5)="Fuera","Fuera de control","Controlada")),Biblioteca!$H$6:$H$17,0)),"")))
A17: =Estadística!A17 | B17: =Estadística!B17 | C17: =Estadística!U17 | D17: =Estadística!T17 | E17: =IF(A17="","",IF(D17="","Evaluar",CHOOSE(D17+1,"Mantener","Mantener","Mantener y reevaluar","Alta (≤ 1–3 meses)","Inmediata"))) | F17: =IF(A17="","",IF(C17="Sin datos","Realizar evaluación cuantitativa con 6 a 10 muestras personales por GES y agente (AIHA).",IFERROR(INDEX(Biblioteca!$I$6:$I$17,MATCH(IFERROR(INDEX(Agentes!$H$6:$H$60,MATCH(B17,Agentes!$A$6:$A$60,0)),"")&"|"&IF(LEFT(C17,5)="Sobre","Sobreexposición",IF(LEFT(C17,5)="Fuera","Fuera de control","Controlada")),Biblioteca!$H$6:$H$17,0)),"")))
A18: =Estadística!A18 | B18: =Estadística!B18 | C18: =Estadística!U18 | D18: =Estadística!T18 | E18: =IF(A18="","",IF(D18="","Evaluar",CHOOSE(D18+1,"Mantener","Mantener","Mantener y reevaluar","Alta (≤ 1–3 meses)","Inmediata"))) | F18: =IF(A18="","",IF(C18="Sin datos","Realizar evaluación cuantitativa con 6 a 10 muestras personales por GES y agente (AIHA).",IFERROR(INDEX(Biblioteca!$I$6:$I$17,MATCH(IFERROR(INDEX(Agentes!$H$6:$H$60,MATCH(B18,Agentes!$A$6:$A$60,0)),"")&"|"&IF(LEFT(C18,5)="Sobre","Sobreexposición",IF(LEFT(C18,5)="Fuera","Fuera de control","Controlada")),Biblioteca!$H$6:$H$17,0)),"")))
A19: =Estadística!A19 | B19: =Estadística!B19 | C19: =Estadística!U19 | D19: =Estadística!T19 | E19: =IF(A19="","",IF(D19="","Evaluar",CHOOSE(D19+1,"Mantener","Mantener","Mantener y reevaluar","Alta (≤ 1–3 meses)","Inmediata"))) | F19: =IF(A19="","",IF(C19="Sin datos","Realizar evaluación cuantitativa con 6 a 10 muestras personales por GES y agente (AIHA).",IFERROR(INDEX(Biblioteca!$I$6:$I$17,MATCH(IFERROR(INDEX(Agentes!$H$6:$H$60,MATCH(B19,Agentes!$A$6:$A$60,0)),"")&"|"&IF(LEFT(C19,5)="Sobre","Sobreexposición",IF(LEFT(C19,5)="Fuera","Fuera de control","Controlada")),Biblioteca!$H$6:$H$17,0)),"")))
A20: =Estadística!A20 | B20: =Estadística!B20 | C20: =Estadística!U20 | D20: =Estadística!T20 | E20: =IF(A20="","",IF(D20="","Evaluar",CHOOSE(D20+1,"Mantener","Mantener","Mantener y reevaluar","Alta (≤ 1–3 meses)","Inmediata"))) | F20: =IF(A20="","",IF(C20="Sin datos","Realizar evaluación cuantitativa con 6 a 10 muestras personales por GES y agente (AIHA).",IFERROR(INDEX(Biblioteca!$I$6:$I$17,MATCH(IFERROR(INDEX(Agentes!$H$6:$H$60,MATCH(B20,Agentes!$A$6:$A$60,0)),"")&"|"&IF(LEFT(C20,5)="Sobre","Sobreexposición",IF(LEFT(C20,5)="Fuera","Fuera de control","Controlada")),Biblioteca!$H$6:$H$17,0)),"")))
A21: =Estadística!A21 | B21: =Estadística!B21 | C21: =Estadística!U21 | D21: =Estadística!T21 | E21: =IF(A21="","",IF(D21="","Evaluar",CHOOSE(D21+1,"Mantener","Mantener","Mantener y reevaluar","Alta (≤ 1–3 meses)","Inmediata"))) | F21: =IF(A21="","",IF(C21="Sin datos","Realizar evaluación cuantitativa con 6 a 10 muestras personales por GES y agente (AIHA).",IFERROR(INDEX(Biblioteca!$I$6:$I$17,MATCH(IFERROR(INDEX(Agentes!$H$6:$H$60,MATCH(B21,Agentes!$A$6:$A$60,0)),"")&"|"&IF(LEFT(C21,5)="Sobre","Sobreexposición",IF(LEFT(C21,5)="Fuera","Fuera de control","Controlada")),Biblioteca!$H$6:$H$17,0)),"")))
A22: =Estadística!A22 | B22: =Estadística!B22 | C22: =Estadística!U22 | D22: =Estadística!T22 | E22: =IF(A22="","",IF(D22="","Evaluar",CHOOSE(D22+1,"Mantener","Mantener","Mantener y reevaluar","Alta (≤ 1–3 meses)","Inmediata"))) | F22: =IF(A22="","",IF(C22="Sin datos","Realizar evaluación cuantitativa con 6 a 10 muestras personales por GES y agente (AIHA).",IFERROR(INDEX(Biblioteca!$I$6:$I$17,MATCH(IFERROR(INDEX(Agentes!$H$6:$H$60,MATCH(B22,Agentes!$A$6:$A$60,0)),"")&"|"&IF(LEFT(C22,5)="Sobre","Sobreexposición",IF(LEFT(C22,5)="Fuera","Fuera de control","Controlada")),Biblioteca!$H$6:$H$17,0)),"")))
A23: =Estadística!A23 | B23: =Estadística!B23 | C23: =Estadística!U23 | D23: =Estadística!T23 | E23: =IF(A23="","",IF(D23="","Evaluar",CHOOSE(D23+1,"Mantener","Mantener","Mantener y reevaluar","Alta (≤ 1–3 meses)","Inmediata"))) | F23: =IF(A23="","",IF(C23="Sin datos","Realizar evaluación cuantitativa con 6 a 10 muestras personales por GES y agente (AIHA).",IFERROR(INDEX(Biblioteca!$I$6:$I$17,MATCH(IFERROR(INDEX(Agentes!$H$6:$H$60,MATCH(B23,Agentes!$A$6:$A$60,0)),"")&"|"&IF(LEFT(C23,5)="Sobre","Sobreexposición",IF(LEFT(C23,5)="Fuera","Fuera de control","Controlada")),Biblioteca!$H$6:$H$17,0)),"")))
A24: =Estadística!A24 | B24: =Estadística!B24 | C24: =Estadística!U24 | D24: =Estadística!T24 | E24: =IF(A24="","",IF(D24="","Evaluar",CHOOSE(D24+1,"Mantener","Mantener","Mantener y reevaluar","Alta (≤ 1–3 meses)","Inmediata"))) | F24: =IF(A24="","",IF(C24="Sin datos","Realizar evaluación cuantitativa con 6 a 10 muestras personales por GES y agente (AIHA).",IFERROR(INDEX(Biblioteca!$I$6:$I$17,MATCH(IFERROR(INDEX(Agentes!$H$6:$H$60,MATCH(B24,Agentes!$A$6:$A$60,0)),"")&"|"&IF(LEFT(C24,5)="Sobre","Sobreexposición",IF(LEFT(C24,5)="Fuera","Fuera de control","Controlada")),Biblioteca!$H$6:$H$17,0)),"")))
... A35: =Estadística!A35 | B35: =Estadística!B35 | C35: =Estadística!U35 | D35: =Estadística!T35 | E35: =IF(A35="","",IF(D35="","Evaluar",CHOOSE(D35+1,"Mantener","Mantener","Mantener y reevaluar","Alta (≤ 1–3 meses)","Inmediata"))) | F35: =IF(A35="","",IF(C35="Sin datos","Realizar evaluación cuantitativa con 6 a 10 muestras personales por GES y agente (AIHA).",IFERROR(INDEX(Biblioteca!$I$6:$I$17,MATCH(IFERROR(INDEX(Agentes!$H$6:$H$60,MATCH(B35,Agentes!$A$6:$A$60,0)),"")&"|"&IF(LEFT(C35,5)="Sobre","Sobreexposición",IF(LEFT(C35,5)="Fuera","Fuera de control","Controlada")),Biblioteca!$H$6:$H$17,0)),"")))

Sheet Biblioteca
A1: Biblioteca de Controles
A2: Jerarquía de controles (Decreto 1072/2015) · ACGIH Industrial Ventilation · HSE COSHH essentials · NIOSH · OSHA. Enlaces de las hojas de control vigentes a octubre de 2026.
A3: DustRisk V1 · Polvos minerales, metales y humos metálicos · SCHO · Celdas amarillas con texto azul = datos a diligenciar; celdas grises = cálculo automático (no editar).
A5: Código | B5: Aplica a | C5: Jerarquía | D5: Medida de control | E5: Aplicación típica | F5: Fuente / enlace | H5: Clave (familia|clasificación) | I5: Recomendación automática para el Plan de Control
A6: B01 | B6: Metales | C6: Eliminación / Sustitución | D6: Sustituir pigmentos, esmaltes y soldaduras con plomo o cadmio por alternativas sin estos metales (p. ej., soldaduras de plata sin cadmio, esmaltes sin plomo) | E6: Cerámica, pinturas, soldadura blanda | F6: Araque G.A., Aerosoles (SCHO); ACGIH | H6: PNOS|Controlada | I6: Mantener los controles existentes y el orden y aseo con aspiración HEPA o métodos húmedos (B14–B15). Capacitación (B21). Reevaluar según la frecuencia indicada.
A7: B02 | B7: Metales | C7: Sustitución | D7: Seleccionar procesos y consumibles de menor emisión: TIG o MIG en lugar de electrodo revestido (SMAW); electrodos y alambres de bajo manganeso; consumibles sin cromo hexavalente cuando el material lo permita | E7: Soldadura de acero al carbono e inoxidable | F7: HSE COSHH essentials WL0/WL3: https://www.hse.gov.uk/coshh/essentials/direct-advice/welding.htm | H7: PNOS|Fuera de control | I7: Nivel de acción alcanzado: controles de ingeniería generales en la fuente (B05–B06, B08), orden y aseo sin barrido en seco (B14). Verificar el desempeño de la LEV (B13). Seguimiento respiratorio.
A8: B03 | B8: Todos | C8: Sustitución | D8: Usar materias primas en forma menos pulverulenta: pellets, gránulos, pastas, suspensiones o bolsas solubles en lugar de polvos finos | E8: Manejo de pigmentos, cemento, cargas minerales | F8: HSE COSHH essentials; ILO ICCT | H8: PNOS|Sobreexposición | I8: Polvo sobre el TLV: encerrar o extraer en la fuente (B05–B06, B08), evaluar materias primas menos pulverulentas (B03), reducir tiempos (B18) y protección respiratoria temporal según el FPR (B23). Confirmar que el polvo no contenga sílice cristalina ≥ 1 % (usar NeumoRisk).
A9: B04 | B9: Abrasivos | C9: Sustitución | D9: Limpieza abrasiva con granalla de acero, escoria o carburo de silicio en lugar de arena; no usar el chorro sobre pinturas con plomo sin control específico | E9: Preparación de superficies | F9: Araque G.A., Aerosoles (SCHO); HSE WL18–WL20 | H9: Mineral|Controlada | I9: Mantener controles y métodos húmedos (B09), orden y aseo (B14–B15). Capacitación anual (B21). Reevaluar según la frecuencia indicada.
A10: B05 | B10: Todos | C10: Ingeniería – fuente | D10: Encerramiento total o parcial de molinos, tamices, mezcladoras, transportadores y puntos de transferencia, con extracción | E10: Molienda, tamizado, transferencia | F10: ACGIH Industrial Ventilation Manual | H10: Mineral|Fuera de control | I10: Priorizar humectación (B09), LEV en ensacado y transferencia (B06, B10) y verificación de la ventilación (B13). Protección respiratoria complementaria (B23). Ingreso al seguimiento respiratorio.
A11: B06 | B11: Todos | C11: Ingeniería – fuente | D11: Ventilación local exhaustiva (LEV) con captación en el punto de generación y colector de alta eficiencia; diseño según el Manual de Ventilación Industrial ACGIH | E11: Mesas de pulido, puntos de carga, estaciones de ensacado | F11: ACGIH Industrial Ventilation Manual | H11: Mineral|Sobreexposición | I11: Control inmediato: encerramiento y LEV (B05–B06, B10), humectación (B09), cabinas (B11). Mientras tanto, reducir tiempos (B18), demarcar (B19) y protección respiratoria según el FPR (B23). Verificar el contenido de sílice cristalina.
A12: B07 | B12: Humos metálicos | C12: Ingeniería – fuente | D12: Extracción de humos de soldadura: antorcha con extracción integrada, brazo articulado o mesa con extracción descendente; captación a menos de un diámetro de la campana | E12: Puestos de soldadura fijos y semimóviles | F12: HSE WL3 Welding Fume Control: https://www.hse.gov.uk/coshh/essentials/direct-advice/welding.htm | H12: Metal|Controlada | I12: Mantener la LEV y su mantenimiento (B13), higiene personal (B16) y capacitación (B21). Reevaluar según la frecuencia indicada; monitoreo biológico si el agente tiene BEI (B26).
A13: B08 | B13: Todos | C13: Ingeniería – fuente | D13: Herramientas eléctricas con aspiración incorporada (cubierta y aspiradora con filtro HEPA) para corte, desbaste y lijado | E13: Desbaste, pulido, corte de piezas | F13: HSE COSHH essentials | H13: Metal|Fuera de control | I13: Reforzar la extracción en la fuente (B06–B08), evaluar consumibles o procesos de menor emisión (B02), higiene personal y ropa exclusiva (B16–B17). Protección respiratoria complementaria (B23–B24). Monitoreo biológico (B26).
A14: B09 | B14: Minerales | C14: Ingeniería – fuente | D14: Métodos húmedos: humectación del material, aspersión o niebla de agua en el punto de generación | E14: Trituración, corte, cargue, vías internas | F14: Araque G.A., Aerosoles (SCHO) | H14: Metal|Sobreexposición | I14: Control inmediato: sustitución o cambio de proceso (B01–B02), extracción en la fuente (B06–B07), reducir tiempos (B18). Protección respiratoria según el FPR (B23–B24), higiene y ropa (B16–B17) y monitoreo biológico prioritario (B26).
A15: B10 | B15: Minerales | C15: Ingeniería – fuente | D15: Ensacadoras y vaciado de sacos con campana de extracción, compactación de sacos vacíos con captación y descarga en circuito cerrado | E15: Ensacado de cemento, cal, talco, caolín | F15: ILO / HSE COSHH essentials (hojas de vaciado y llenado de sacos) | H15: Metal carcinógeno|Controlada | I15: Agente carcinógeno: mantener la exposición tan baja como sea posible. Conservar la LEV (B06–B07, B13), higiene personal y ropa exclusiva (B16–B17). Monitoreo biológico si aplica (B26).
A16: B11 | B16: Todos | C16: Ingeniería – medio | D16: Separar o aislar las operaciones polvorientas (barreras, cabinas, áreas dedicadas) y cabinas de control presurizadas con aire filtrado | E16: Plantas de molienda, fundición | F16: ACGIH Industrial Ventilation Manual | H16: Metal carcinógeno|Fuera de control | I16: Agente carcinógeno con exposición sobre el nivel de acción: evaluar sustitución (B01–B02), reforzar la extracción en la fuente (B06–B07), zona demarcada (B19), ropa y ducha (B17), respirador con filtro P100 (B24) y vigilancia médica específica (B26).
A17: B12 | B17: Todos | C17: Ingeniería – medio | D17: Ventilación general como complemento (no sustituye a la LEV en aerosoles); verificar renovaciones y que no resuspenda el polvo | E17: Naves de producción | F17: Araque G.A., Aerosoles (SCHO) | H17: Metal carcinógeno|Sobreexposición | I17: Control inmediato de un carcinógeno: suspender o reducir la tarea hasta implementar sustitución o encerramiento con extracción (B01–B02, B05–B07). Respirador con filtro P100 según el FPR (B24), demarcación (B19), ropa y ducha (B17), vigilancia médica prioritaria (B26).
A18: B13 | B18: Todos | C18: Administrativo | D18: Mantenimiento preventivo y verificación periódica de la LEV y de los colectores (caudal, velocidad de captura, presión estática, estado de filtros) | E18: LEV, colectores, cabinas | F18: ACGIH Industrial Ventilation Manual
A19: B14 | B19: Todos | C19: Administrativo | D19: Prohibir el barrido en seco y el aire comprimido para limpieza; usar aspiración industrial HEPA o métodos húmedos | E19: Orden y aseo de pisos y equipos | F19: OSHA 1910.1025 (plomo); HSE COSHH essentials
A20: B15 | B20: Todos | C20: Administrativo | D20: Programa de orden y aseo que evite la acumulación de polvo en pisos, vigas y equipos | E20: Todas las áreas | F20: Araque G.A., Aerosoles (SCHO)
A21: B16 | B21: Metales | C21: Administrativo | D21: Higiene personal: prohibir comer, beber y fumar en áreas de trabajo; lavado de manos y cara antes de comer; comedor separado | E21: Plomo, cadmio, arsénico, cromo | F21: OSHA 1910.1025; Araque G.A., Aerosoles (SCHO)
A22: B17 | B22: Metales | C22: Administrativo | D22: Ropa de trabajo exclusiva, vestidores con casilleros separados (ropa limpia y sucia), ducha al final de la jornada y lavado de ropa en la empresa | E22: Plomo, cadmio, cromo VI, berilio | F22: OSHA 1910.1025; OSHA 1910.1026
A23: B18 | B23: Todos | C23: Administrativo | D23: Reducir el tiempo de exposición (rotación de tareas) mientras se implementan controles de ingeniería | E23: GES con sobreexposición | F23: Decreto 1072 de 2015
A24: B19 | B24: Todos | C24: Administrativo | D24: Señalización, demarcación de zonas de riesgo y control de acceso | E24: Áreas en categoría 3 o 4 | F24: Decreto 1072 de 2015
A25: B20 | B25: Humos metálicos | C25: Administrativo | D25: Posición de trabajo: mantener la cabeza fuera de la columna de humo; no soldar en espacios confinados sin extracción y suministro de aire | E25: Soldadura y corte | F25: HSE WL2 y WL3
A26: B21 | B26: Todos | C26: Administrativo | D26: Capacitación al ingreso y mínimo anual: fuentes, efectos, uso de la LEV, orden y aseo, protección respiratoria y vigilancia médica | E26: Todos los expuestos | F26: Decreto 1072 de 2015
A27: B22 | B27: Todos | C27: Administrativo | D27: Repetir la evaluación ambiental ante cambios de proceso, materias primas, consumibles o equipos | E27: Gestión del cambio | F27: AIHA, A Strategy for Assessing and Managing Occupational Exposures
A28: B23 | B28: Todos | C28: EPP | D28: Programa de protección respiratoria: selección por APF, evaluación médica, pruebas de ajuste anuales, mantenimiento, entrenamiento y registros | E28: Mientras se implementan controles o como complemento | F28: OSHA 29 CFR 1910.134
A29: B24 | B29: Metales carcinógenos / humos | C29: EPP | D29: Filtros P100 (HEPA); para humos de soldadura, respirador compatible con la careta o PAPR con careta de soldar | E29: Cromo VI, níquel, cadmio, berilio, arsénico; soldadura | F29: OSHA 1910.134; NIOSH 42 CFR 84
... A31: B26 | B31: Metales | C31: Vigilancia | D31: Monitoreo biológico con BEI (p. ej., plomo en sangre, cadmio en orina, cromo en orina, cobalto en orina) complementario al monitoreo ambiental | E31: Agentes con BEI de la ACGIH | F31: ACGIH TLVs and BEIs 2026

Sheet Protección Respiratoria
A1: 7. Selección de protección respiratoria y vida útil de filtros
A2: Medida provisional mientras se implementan controles de ingeniería. FPR = P95 / TLV ajustado → respirador con APF ≥ FPR (OSHA 1910.134). Humos metálicos y metales carcinógenos: filtros P100.
A3: DustRisk V1 · Polvos minerales, metales y humos metálicos · SCHO · Celdas amarillas con texto azul = datos a diligenciar; celdas grises = cálculo automático (no editar).
A5: Código GES | B5: Agente | C5: Concentración de referencia (P95 o máx.) | D5: TLV ajustado | E5: Factor de protección requerido (FPR) | F5: Respirador mínimo (APF ≥ FPR) | G5: APF | H5: Filtro | I5: Polvo o humo total en el aire (mg/m³) | J5: Horas de uso por jornada | K5: Nº de filtros del respirador | L5: Carga diaria por filtro (mg) | M5: Reemplazo estimado serie N (jornadas) | N5: Observaciones
A6: =Estadística!A6 | B6: =Estadística!B6 | C6: =IF(A6="","",Estadística!P6) | D6: =IF(A6="","",Estadística!N6) | E6: =IF(OR(N(C6)=0,N(D6)=0),"",C6/D6) | F6: =IF(E6="","",IF(E6<=1,"No requerido por concentración; usar si hay picos o tareas no rutinarias",IF(E6<=10,IF(IFERROR(INDEX(Agentes!$H$6:$H$60,MATCH(B6,Agentes!$A$6:$A$60,0)),"")="Metal carcinógeno","Media cara elastomérica con filtros P100","Pieza facial filtrante o media cara elastomérica"),IF(E6<=25,"PAPR con capucha o careta holgada",IF(E6<=50,"Cara completa elastomérica P100 o PAPR con media cara",IF(E6<=1000,"PAPR con cara completa o línea de aire","SCBA a presión positiva: controle primero la fuente")))))) | G6: =IF(E6="","",IF(E6<=1,"—",IF(E6<=10,10,IF(E6<=25,25,IF(E6<=50,50,IF(E6<=1000,1000,10000)))))) | H6: =IF(A6="","",IF(OR(IFERROR(INDEX(Agentes!$H$6:$H$60,MATCH(B6,Agentes!$A$6:$A$60,0)),"")="Metal carcinógeno",IFERROR(INDEX(Agentes!$D$6:$D$60,MATCH(B6,Agentes!$A$6:$A$60,0)),"")="Humo"),"P100 (HEPA)",IF(IFERROR(INDEX(Agentes!$H$6:$H$60,MATCH(B6,Agentes!$A$6:$A$60,0)),"")="Metal","N100/R100/P100 (N95 como mínimo)","N95 o superior; serie P si hay nieblas de aceite"))) | I6: 4.5 | J6: 8 | K6: 1 | L6: =IF(OR(N(I6)=0,N(J6)=0,N(K6)=0),"",I6*Agentes!$C$65*60*J6/1000/K6) | M6: =IF(L6="","",ROUNDDOWN(Agentes!$C$66/L6,0)) | N6: Humo total de soldadura medido por gravimetría
A7: =Estadística!A7 | B7: =Estadística!B7 | C7: =IF(A7="","",Estadística!P7) | D7: =IF(A7="","",Estadística!N7) | E7: =IF(OR(N(C7)=0,N(D7)=0),"",C7/D7) | F7: =IF(E7="","",IF(E7<=1,"No requerido por concentración; usar si hay picos o tareas no rutinarias",IF(E7<=10,IF(IFERROR(INDEX(Agentes!$H$6:$H$60,MATCH(B7,Agentes!$A$6:$A$60,0)),"")="Metal carcinógeno","Media cara elastomérica con filtros P100","Pieza facial filtrante o media cara elastomérica"),IF(E7<=25,"PAPR con capucha o careta holgada",IF(E7<=50,"Cara completa elastomérica P100 o PAPR con media cara",IF(E7<=1000,"PAPR con cara completa o línea de aire","SCBA a presión positiva: controle primero la fuente")))))) | G7: =IF(E7="","",IF(E7<=1,"—",IF(E7<=10,10,IF(E7<=25,25,IF(E7<=50,50,IF(E7<=1000,1000,10000)))))) | H7: =IF(A7="","",IF(OR(IFERROR(INDEX(Agentes!$H$6:$H$60,MATCH(B7,Agentes!$A$6:$A$60,0)),"")="Metal carcinógeno",IFERROR(INDEX(Agentes!$D$6:$D$60,MATCH(B7,Agentes!$A$6:$A$60,0)),"")="Humo"),"P100 (HEPA)",IF(IFERROR(INDEX(Agentes!$H$6:$H$60,MATCH(B7,Agentes!$A$6:$A$60,0)),"")="Metal","N100/R100/P100 (N95 como mínimo)","N95 o superior; serie P si hay nieblas de aceite"))) | L7: =IF(OR(N(I7)=0,N(J7)=0,N(K7)=0),"",I7*Agentes!$C$65*60*J7/1000/K7) | M7: =IF(L7="","",ROUNDDOWN(Agentes!$C$66/L7,0))
A8: =Estadística!A8 | B8: =Estadística!B8 | C8: =IF(A8="","",Estadística!P8) | D8: =IF(A8="","",Estadística!N8) | E8: =IF(OR(N(C8)=0,N(D8)=0),"",C8/D8) | F8: =IF(E8="","",IF(E8<=1,"No requerido por concentración; usar si hay picos o tareas no rutinarias",IF(E8<=10,IF(IFERROR(INDEX(Agentes!$H$6:$H$60,MATCH(B8,Agentes!$A$6:$A$60,0)),"")="Metal carcinógeno","Media cara elastomérica con filtros P100","Pieza facial filtrante o media cara elastomérica"),IF(E8<=25,"PAPR con capucha o careta holgada",IF(E8<=50,"Cara completa elastomérica P100 o PAPR con media cara",IF(E8<=1000,"PAPR con cara completa o línea de aire","SCBA a presión positiva: controle primero la fuente")))))) | G8: =IF(E8="","",IF(E8<=1,"—",IF(E8<=10,10,IF(E8<=25,25,IF(E8<=50,50,IF(E8<=1000,1000,10000)))))) | H8: =IF(A8="","",IF(OR(IFERROR(INDEX(Agentes!$H$6:$H$60,MATCH(B8,Agentes!$A$6:$A$60,0)),"")="Metal carcinógeno",IFERROR(INDEX(Agentes!$D$6:$D$60,MATCH(B8,Agentes!$A$6:$A$60,0)),"")="Humo"),"P100 (HEPA)",IF(IFERROR(INDEX(Agentes!$H$6:$H$60,MATCH(B8,Agentes!$A$6:$A$60,0)),"")="Metal","N100/R100/P100 (N95 como mínimo)","N95 o superior; serie P si hay nieblas de aceite"))) | I8: 1.2 | J8: 8 | K8: 2 | L8: =IF(OR(N(I8)=0,N(J8)=0,N(K8)=0),"",I8*Agentes!$C$65*60*J8/1000/K8) | M8: =IF(L8="","",ROUNDDOWN(Agentes!$C$66/L8,0))
A9: =Estadística!A9 | B9: =Estadística!B9 | C9: =IF(A9="","",Estadística!P9) | D9: =IF(A9="","",Estadística!N9) | E9: =IF(OR(N(C9)=0,N(D9)=0),"",C9/D9) | F9: =IF(E9="","",IF(E9<=1,"No requerido por concentración; usar si hay picos o tareas no rutinarias",IF(E9<=10,IF(IFERROR(INDEX(Agentes!$H$6:$H$60,MATCH(B9,Agentes!$A$6:$A$60,0)),"")="Metal carcinógeno","Media cara elastomérica con filtros P100","Pieza facial filtrante o media cara elastomérica"),IF(E9<=25,"PAPR con capucha o careta holgada",IF(E9<=50,"Cara completa elastomérica P100 o PAPR con media cara",IF(E9<=1000,"PAPR con cara completa o línea de aire","SCBA a presión positiva: controle primero la fuente")))))) | G9: =IF(E9="","",IF(E9<=1,"—",IF(E9<=10,10,IF(E9<=25,25,IF(E9<=50,50,IF(E9<=1000,1000,10000)))))) | H9: =IF(A9="","",IF(OR(IFERROR(INDEX(Agentes!$H$6:$H$60,MATCH(B9,Agentes!$A$6:$A$60,0)),"")="Metal carcinógeno",IFERROR(INDEX(Agentes!$D$6:$D$60,MATCH(B9,Agentes!$A$6:$A$60,0)),"")="Humo"),"P100 (HEPA)",IF(IFERROR(INDEX(Agentes!$H$6:$H$60,MATCH(B9,Agentes!$A$6:$A$60,0)),"")="Metal","N100/R100/P100 (N95 como mínimo)","N95 o superior; serie P si hay nieblas de aceite"))) | L9: =IF(OR(N(I9)=0,N(J9)=0,N(K9)=0),"",I9*Agentes!$C$65*60*J9/1000/K9) | M9: =IF(L9="","",ROUNDDOWN(Agentes!$C$66/L9,0))
A10: =Estadística!A10 | B10: =Estadística!B10 | C10: =IF(A10="","",Estadística!P10) | D10: =IF(A10="","",Estadística!N10) | E10: =IF(OR(N(C10)=0,N(D10)=0),"",C10/D10) | F10: =IF(E10="","",IF(E10<=1,"No requerido por concentración; usar si hay picos o tareas no rutinarias",IF(E10<=10,IF(IFERROR(INDEX(Agentes!$H$6:$H$60,MATCH(B10,Agentes!$A$6:$A$60,0)),"")="Metal carcinógeno","Media cara elastomérica con filtros P100","Pieza facial filtrante o media cara elastomérica"),IF(E10<=25,"PAPR con capucha o careta holgada",IF(E10<=50,"Cara completa elastomérica P100 o PAPR con media cara",IF(E10<=1000,"PAPR con cara completa o línea de aire","SCBA a presión positiva: controle primero la fuente")))))) | G10: =IF(E10="","",IF(E10<=1,"—",IF(E10<=10,10,IF(E10<=25,25,IF(E10<=50,50,IF(E10<=1000,1000,10000)))))) | H10: =IF(A10="","",IF(OR(IFERROR(INDEX(Agentes!$H$6:$H$60,MATCH(B10,Agentes!$A$6:$A$60,0)),"")="Metal carcinógeno",IFERROR(INDEX(Agentes!$D$6:$D$60,MATCH(B10,Agentes!$A$6:$A$60,0)),"")="Humo"),"P100 (HEPA)",IF(IFERROR(INDEX(Agentes!$H$6:$H$60,MATCH(B10,Agentes!$A$6:$A$60,0)),"")="Metal","N100/R100/P100 (N95 como mínimo)","N95 o superior; serie P si hay nieblas de aceite"))) | I10: 1.1 | J10: 8 | K10: 2 | L10: =IF(OR(N(I10)=0,N(J10)=0,N(K10)=0),"",I10*Agentes!$C$65*60*J10/1000/K10) | M10: =IF(L10="","",ROUNDDOWN(Agentes!$C$66/L10,0))
A11: =Estadística!A11 | B11: =Estadística!B11 | C11: =IF(A11="","",Estadística!P11) | D11: =IF(A11="","",Estadística!N11) | E11: =IF(OR(N(C11)=0,N(D11)=0),"",C11/D11) | F11: =IF(E11="","",IF(E11<=1,"No requerido por concentración; usar si hay picos o tareas no rutinarias",IF(E11<=10,IF(IFERROR(INDEX(Agentes!$H$6:$H$60,MATCH(B11,Agentes!$A$6:$A$60,0)),"")="Metal carcinógeno","Media cara elastomérica con filtros P100","Pieza facial filtrante o media cara elastomérica"),IF(E11<=25,"PAPR con capucha o careta holgada",IF(E11<=50,"Cara completa elastomérica P100 o PAPR con media cara",IF(E11<=1000,"PAPR con cara completa o línea de aire","SCBA a presión positiva: controle primero la fuente")))))) | G11: =IF(E11="","",IF(E11<=1,"—",IF(E11<=10,10,IF(E11<=25,25,IF(E11<=50,50,IF(E11<=1000,1000,10000)))))) | H11: =IF(A11="","",IF(OR(IFERROR(INDEX(Agentes!$H$6:$H$60,MATCH(B11,Agentes!$A$6:$A$60,0)),"")="Metal carcinógeno",IFERROR(INDEX(Agentes!$D$6:$D$60,MATCH(B11,Agentes!$A$6:$A$60,0)),"")="Humo"),"P100 (HEPA)",IF(IFERROR(INDEX(Agentes!$H$6:$H$60,MATCH(B11,Agentes!$A$6:$A$60,0)),"")="Metal","N100/R100/P100 (N95 como mínimo)","N95 o superior; serie P si hay nieblas de aceite"))) | L11: =IF(OR(N(I11)=0,N(J11)=0,N(K11)=0),"",I11*Agentes!$C$65*60*J11/1000/K11) | M11: =IF(L11="","",ROUNDDOWN(Agentes!$C$66/L11,0))
A12: =Estadística!A12 | B12: =Estadística!B12 | C12: =IF(A12="","",Estadística!P12) | D12: =IF(A12="","",Estadística!N12) | E12: =IF(OR(N(C12)=0,N(D12)=0),"",C12/D12) | F12: =IF(E12="","",IF(E12<=1,"No requerido por concentración; usar si hay picos o tareas no rutinarias",IF(E12<=10,IF(IFERROR(INDEX(Agentes!$H$6:$H$60,MATCH(B12,Agentes!$A$6:$A$60,0)),"")="Metal carcinógeno","Media cara elastomérica con filtros P100","Pieza facial filtrante o media cara elastomérica"),IF(E12<=25,"PAPR con capucha o careta holgada",IF(E12<=50,"Cara completa elastomérica P100 o PAPR con media cara",IF(E12<=1000,"PAPR con cara completa o línea de aire","SCBA a presión positiva: controle primero la fuente")))))) | G12: =IF(E12="","",IF(E12<=1,"—",IF(E12<=10,10,IF(E12<=25,25,IF(E12<=50,50,IF(E12<=1000,1000,10000)))))) | H12: =IF(A12="","",IF(OR(IFERROR(INDEX(Agentes!$H$6:$H$60,MATCH(B12,Agentes!$A$6:$A$60,0)),"")="Metal carcinógeno",IFERROR(INDEX(Agentes!$D$6:$D$60,MATCH(B12,Agentes!$A$6:$A$60,0)),"")="Humo"),"P100 (HEPA)",IF(IFERROR(INDEX(Agentes!$H$6:$H$60,MATCH(B12,Agentes!$A$6:$A$60,0)),"")="Metal","N100/R100/P100 (N95 como mínimo)","N95 o superior; serie P si hay nieblas de aceite"))) | I12: 0.05 | J12: 8 | K12: 2 | L12: =IF(OR(N(I12)=0,N(J12)=0,N(K12)=0),"",I12*Agentes!$C$65*60*J12/1000/K12) | M12: =IF(L12="","",ROUNDDOWN(Agentes!$C$66/L12,0))
A13: =Estadística!A13 | B13: =Estadística!B13 | C13: =IF(A13="","",Estadística!P13) | D13: =IF(A13="","",Estadística!N13) | E13: =IF(OR(N(C13)=0,N(D13)=0),"",C13/D13) | F13: =IF(E13="","",IF(E13<=1,"No requerido por concentración; usar si hay picos o tareas no rutinarias",IF(E13<=10,IF(IFERROR(INDEX(Agentes!$H$6:$H$60,MATCH(B13,Agentes!$A$6:$A$60,0)),"")="Metal carcinógeno","Media cara elastomérica con filtros P100","Pieza facial filtrante o media cara elastomérica"),IF(E13<=25,"PAPR con capucha o careta holgada",IF(E13<=50,"Cara completa elastomérica P100 o PAPR con media cara",IF(E13<=1000,"PAPR con cara completa o línea de aire","SCBA a presión positiva: controle primero la fuente")))))) | G13: =IF(E13="","",IF(E13<=1,"—",IF(E13<=10,10,IF(E13<=25,25,IF(E13<=50,50,IF(E13<=1000,1000,10000)))))) | H13: =IF(A13="","",IF(OR(IFERROR(INDEX(Agentes!$H$6:$H$60,MATCH(B13,Agentes!$A$6:$A$60,0)),"")="Metal carcinógeno",IFERROR(INDEX(Agentes!$D$6:$D$60,MATCH(B13,Agentes!$A$6:$A$60,0)),"")="Humo"),"P100 (HEPA)",IF(IFERROR(INDEX(Agentes!$H$6:$H$60,MATCH(B13,Agentes!$A$6:$A$60,0)),"")="Metal","N100/R100/P100 (N95 como mínimo)","N95 o superior; serie P si hay nieblas de aceite"))) | L13: =IF(OR(N(I13)=0,N(J13)=0,N(K13)=0),"",I13*Agentes!$C$65*60*J13/1000/K13) | M13: =IF(L13="","",ROUNDDOWN(Agentes!$C$66/L13,0))
A14: =Estadística!A14 | B14: =Estadística!B14 | C14: =IF(A14="","",Estadística!P14) | D14: =IF(A14="","",Estadística!N14) | E14: =IF(OR(N(C14)=0,N(D14)=0),"",C14/D14) | F14: =IF(E14="","",IF(E14<=1,"No requerido por concentración; usar si hay picos o tareas no rutinarias",IF(E14<=10,IF(IFERROR(INDEX(Agentes!$H$6:$H$60,MATCH(B14,Agentes!$A$6:$A$60,0)),"")="Metal carcinógeno","Media cara elastomérica con filtros P100","Pieza facial filtrante o media cara elastomérica"),IF(E14<=25,"PAPR con capucha o careta holgada",IF(E14<=50,"Cara completa elastomérica P100 o PAPR con media cara",IF(E14<=1000,"PAPR con cara completa o línea de aire","SCBA a presión positiva: controle primero la fuente")))))) | G14: =IF(E14="","",IF(E14<=1,"—",IF(E14<=10,10,IF(E14<=25,25,IF(E14<=50,50,IF(E14<=1000,1000,10000)))))) | H14: =IF(A14="","",IF(OR(IFERROR(INDEX(Agentes!$H$6:$H$60,MATCH(B14,Agentes!$A$6:$A$60,0)),"")="Metal carcinógeno",IFERROR(INDEX(Agentes!$D$6:$D$60,MATCH(B14,Agentes!$A$6:$A$60,0)),"")="Humo"),"P100 (HEPA)",IF(IFERROR(INDEX(Agentes!$H$6:$H$60,MATCH(B14,Agentes!$A$6:$A$60,0)),"")="Metal","N100/R100/P100 (N95 como mínimo)","N95 o superior; serie P si hay nieblas de aceite"))) | L14: =IF(OR(N(I14)=0,N(J14)=0,N(K14)=0),"",I14*Agentes!$C$65*60*J14/1000/K14) | M14: =IF(L14="","",ROUNDDOWN(Agentes!$C$66/L14,0))
A15: =Estadística!A15 | B15: =Estadística!B15 | C15: =IF(A15="","",Estadística!P15) | D15: =IF(A15="","",Estadística!N15) | E15: =IF(OR(N(C15)=0,N(D15)=0),"",C15/D15) | F15: =IF(E15="","",IF(E15<=1,"No requerido por concentración; usar si hay picos o tareas no rutinarias",IF(E15<=10,IF(IFERROR(INDEX(Agentes!$H$6:$H$60,MATCH(B15,Agentes!$A$6:$A$60,0)),"")="Metal carcinógeno","Media cara elastomérica con filtros P100","Pieza facial filtrante o media cara elastomérica"),IF(E15<=25,"PAPR con capucha o careta holgada",IF(E15<=50,"Cara completa elastomérica P100 o PAPR con media cara",IF(E15<=1000,"PAPR con cara completa o línea de aire","SCBA a presión positiva: controle primero la fuente")))))) | G15: =IF(E15="","",IF(E15<=1,"—",IF(E15<=10,10,IF(E15<=25,25,IF(E15<=50,50,IF(E15<=1000,1000,10000)))))) | H15: =IF(A15="","",IF(OR(IFERROR(INDEX(Agentes!$H$6:$H$60,MATCH(B15,Agentes!$A$6:$A$60,0)),"")="Metal carcinógeno",IFERROR(INDEX(Agentes!$D$6:$D$60,MATCH(B15,Agentes!$A$6:$A$60,0)),"")="Humo"),"P100 (HEPA)",IF(IFERROR(INDEX(Agentes!$H$6:$H$60,MATCH(B15,Agentes!$A$6:$A$60,0)),"")="Metal","N100/R100/P100 (N95 como mínimo)","N95 o superior; serie P si hay nieblas de aceite"))) | L15: =IF(OR(N(I15)=0,N(J15)=0,N(K15)=0),"",I15*Agentes!$C$65*60*J15/1000/K15) | M15: =IF(L15="","",ROUNDDOWN(Agentes!$C$66/L15,0))
A16: =Estadística!A16 | B16: =Estadística!B16 | C16: =IF(A16="","",Estadística!P16) | D16: =IF(A16="","",Estadística!N16) | E16: =IF(OR(N(C16)=0,N(D16)=0),"",C16/D16) | F16: =IF(E16="","",IF(E16<=1,"No requerido por concentración; usar si hay picos o tareas no rutinarias",IF(E16<=10,IF(IFERROR(INDEX(Agentes!$H$6:$H$60,MATCH(B16,Agentes!$A$6:$A$60,0)),"")="Metal carcinógeno","Media cara elastomérica con filtros P100","Pieza facial filtrante o media cara elastomérica"),IF(E16<=25,"PAPR con capucha o careta holgada",IF(E16<=50,"Cara completa elastomérica P100 o PAPR con media cara",IF(E16<=1000,"PAPR con cara completa o línea de aire","SCBA a presión positiva: controle primero la fuente")))))) | G16: =IF(E16="","",IF(E16<=1,"—",IF(E16<=10,10,IF(E16<=25,25,IF(E16<=50,50,IF(E16<=1000,1000,10000)))))) | H16: =IF(A16="","",IF(OR(IFERROR(INDEX(Agentes!$H$6:$H$60,MATCH(B16,Agentes!$A$6:$A$60,0)),"")="Metal carcinógeno",IFERROR(INDEX(Agentes!$D$6:$D$60,MATCH(B16,Agentes!$A$6:$A$60,0)),"")="Humo"),"P100 (HEPA)",IF(IFERROR(INDEX(Agentes!$H$6:$H$60,MATCH(B16,Agentes!$A$6:$A$60,0)),"")="Metal","N100/R100/P100 (N95 como mínimo)","N95 o superior; serie P si hay nieblas de aceite"))) | L16: =IF(OR(N(I16)=0,N(J16)=0,N(K16)=0),"",I16*Agentes!$C$65*60*J16/1000/K16) | M16: =IF(L16="","",ROUNDDOWN(Agentes!$C$66/L16,0))
A17: =Estadística!A17 | B17: =Estadística!B17 | C17: =IF(A17="","",Estadística!P17) | D17: =IF(A17="","",Estadística!N17) | E17: =IF(OR(N(C17)=0,N(D17)=0),"",C17/D17) | F17: =IF(E17="","",IF(E17<=1,"No requerido por concentración; usar si hay picos o tareas no rutinarias",IF(E17<=10,IF(IFERROR(INDEX(Agentes!$H$6:$H$60,MATCH(B17,Agentes!$A$6:$A$60,0)),"")="Metal carcinógeno","Media cara elastomérica con filtros P100","Pieza facial filtrante o media cara elastomérica"),IF(E17<=25,"PAPR con capucha o careta holgada",IF(E17<=50,"Cara completa elastomérica P100 o PAPR con media cara",IF(E17<=1000,"PAPR con cara completa o línea de aire","SCBA a presión positiva: controle primero la fuente")))))) | G17: =IF(E17="","",IF(E17<=1,"—",IF(E17<=10,10,IF(E17<=25,25,IF(E17<=50,50,IF(E17<=1000,1000,10000)))))) | H17: =IF(A17="","",IF(OR(IFERROR(INDEX(Agentes!$H$6:$H$60,MATCH(B17,Agentes!$A$6:$A$60,0)),"")="Metal carcinógeno",IFERROR(INDEX(Agentes!$D$6:$D$60,MATCH(B17,Agentes!$A$6:$A$60,0)),"")="Humo"),"P100 (HEPA)",IF(IFERROR(INDEX(Agentes!$H$6:$H$60,MATCH(B17,Agentes!$A$6:$A$60,0)),"")="Metal","N100/R100/P100 (N95 como mínimo)","N95 o superior; serie P si hay nieblas de aceite"))) | L17: =IF(OR(N(I17)=0,N(J17)=0,N(K17)=0),"",I17*Agentes!$C$65*60*J17/1000/K17) | M17: =IF(L17="","",ROUNDDOWN(Agentes!$C$66/L17,0))
A18: =Estadística!A18 | B18: =Estadística!B18 | C18: =IF(A18="","",Estadística!P18) | D18: =IF(A18="","",Estadística!N18) | E18: =IF(OR(N(C18)=0,N(D18)=0),"",C18/D18) | F18: =IF(E18="","",IF(E18<=1,"No requerido por concentración; usar si hay picos o tareas no rutinarias",IF(E18<=10,IF(IFERROR(INDEX(Agentes!$H$6:$H$60,MATCH(B18,Agentes!$A$6:$A$60,0)),"")="Metal carcinógeno","Media cara elastomérica con filtros P100","Pieza facial filtrante o media cara elastomérica"),IF(E18<=25,"PAPR con capucha o careta holgada",IF(E18<=50,"Cara completa elastomérica P100 o PAPR con media cara",IF(E18<=1000,"PAPR con cara completa o línea de aire","SCBA a presión positiva: controle primero la fuente")))))) | G18: =IF(E18="","",IF(E18<=1,"—",IF(E18<=10,10,IF(E18<=25,25,IF(E18<=50,50,IF(E18<=1000,1000,10000)))))) | H18: =IF(A18="","",IF(OR(IFERROR(INDEX(Agentes!$H$6:$H$60,MATCH(B18,Agentes!$A$6:$A$60,0)),"")="Metal carcinógeno",IFERROR(INDEX(Agentes!$D$6:$D$60,MATCH(B18,Agentes!$A$6:$A$60,0)),"")="Humo"),"P100 (HEPA)",IF(IFERROR(INDEX(Agentes!$H$6:$H$60,MATCH(B18,Agentes!$A$6:$A$60,0)),"")="Metal","N100/R100/P100 (N95 como mínimo)","N95 o superior; serie P si hay nieblas de aceite"))) | L18: =IF(OR(N(I18)=0,N(J18)=0,N(K18)=0),"",I18*Agentes!$C$65*60*J18/1000/K18) | M18: =IF(L18="","",ROUNDDOWN(Agentes!$C$66/L18,0))
A19: =Estadística!A19 | B19: =Estadística!B19 | C19: =IF(A19="","",Estadística!P19) | D19: =IF(A19="","",Estadística!N19) | E19: =IF(OR(N(C19)=0,N(D19)=0),"",C19/D19) | F19: =IF(E19="","",IF(E19<=1,"No requerido por concentración; usar si hay picos o tareas no rutinarias",IF(E19<=10,IF(IFERROR(INDEX(Agentes!$H$6:$H$60,MATCH(B19,Agentes!$A$6:$A$60,0)),"")="Metal carcinógeno","Media cara elastomérica con filtros P100","Pieza facial filtrante o media cara elastomérica"),IF(E19<=25,"PAPR con capucha o careta holgada",IF(E19<=50,"Cara completa elastomérica P100 o PAPR con media cara",IF(E19<=1000,"PAPR con cara completa o línea de aire","SCBA a presión positiva: controle primero la fuente")))))) | G19: =IF(E19="","",IF(E19<=1,"—",IF(E19<=10,10,IF(E19<=25,25,IF(E19<=50,50,IF(E19<=1000,1000,10000)))))) | H19: =IF(A19="","",IF(OR(IFERROR(INDEX(Agentes!$H$6:$H$60,MATCH(B19,Agentes!$A$6:$A$60,0)),"")="Metal carcinógeno",IFERROR(INDEX(Agentes!$D$6:$D$60,MATCH(B19,Agentes!$A$6:$A$60,0)),"")="Humo"),"P100 (HEPA)",IF(IFERROR(INDEX(Agentes!$H$6:$H$60,MATCH(B19,Agentes!$A$6:$A$60,0)),"")="Metal","N100/R100/P100 (N95 como mínimo)","N95 o superior; serie P si hay nieblas de aceite"))) | L19: =IF(OR(N(I19)=0,N(J19)=0,N(K19)=0),"",I19*Agentes!$C$65*60*J19/1000/K19) | M19: =IF(L19="","",ROUNDDOWN(Agentes!$C$66/L19,0))
A20: =Estadística!A20 | B20: =Estadística!B20 | C20: =IF(A20="","",Estadística!P20) | D20: =IF(A20="","",Estadística!N20) | E20: =IF(OR(N(C20)=0,N(D20)=0),"",C20/D20) | F20: =IF(E20="","",IF(E20<=1,"No requerido por concentración; usar si hay picos o tareas no rutinarias",IF(E20<=10,IF(IFERROR(INDEX(Agentes!$H$6:$H$60,MATCH(B20,Agentes!$A$6:$A$60,0)),"")="Metal carcinógeno","Media cara elastomérica con filtros P100","Pieza facial filtrante o media cara elastomérica"),IF(E20<=25,"PAPR con capucha o careta holgada",IF(E20<=50,"Cara completa elastomérica P100 o PAPR con media cara",IF(E20<=1000,"PAPR con cara completa o línea de aire","SCBA a presión positiva: controle primero la fuente")))))) | G20: =IF(E20="","",IF(E20<=1,"—",IF(E20<=10,10,IF(E20<=25,25,IF(E20<=50,50,IF(E20<=1000,1000,10000)))))) | H20: =IF(A20="","",IF(OR(IFERROR(INDEX(Agentes!$H$6:$H$60,MATCH(B20,Agentes!$A$6:$A$60,0)),"")="Metal carcinógeno",IFERROR(INDEX(Agentes!$D$6:$D$60,MATCH(B20,Agentes!$A$6:$A$60,0)),"")="Humo"),"P100 (HEPA)",IF(IFERROR(INDEX(Agentes!$H$6:$H$60,MATCH(B20,Agentes!$A$6:$A$60,0)),"")="Metal","N100/R100/P100 (N95 como mínimo)","N95 o superior; serie P si hay nieblas de aceite"))) | L20: =IF(OR(N(I20)=0,N(J20)=0,N(K20)=0),"",I20*Agentes!$C$65*60*J20/1000/K20) | M20: =IF(L20="","",ROUNDDOWN(Agentes!$C$66/L20,0))
A21: =Estadística!A21 | B21: =Estadística!B21 | C21: =IF(A21="","",Estadística!P21) | D21: =IF(A21="","",Estadística!N21) | E21: =IF(OR(N(C21)=0,N(D21)=0),"",C21/D21) | F21: =IF(E21="","",IF(E21<=1,"No requerido por concentración; usar si hay picos o tareas no rutinarias",IF(E21<=10,IF(IFERROR(INDEX(Agentes!$H$6:$H$60,MATCH(B21,Agentes!$A$6:$A$60,0)),"")="Metal carcinógeno","Media cara elastomérica con filtros P100","Pieza facial filtrante o media cara elastomérica"),IF(E21<=25,"PAPR con capucha o careta holgada",IF(E21<=50,"Cara completa elastomérica P100 o PAPR con media cara",IF(E21<=1000,"PAPR con cara completa o línea de aire","SCBA a presión positiva: controle primero la fuente")))))) | G21: =IF(E21="","",IF(E21<=1,"—",IF(E21<=10,10,IF(E21<=25,25,IF(E21<=50,50,IF(E21<=1000,1000,10000)))))) | H21: =IF(A21="","",IF(OR(IFERROR(INDEX(Agentes!$H$6:$H$60,MATCH(B21,Agentes!$A$6:$A$60,0)),"")="Metal carcinógeno",IFERROR(INDEX(Agentes!$D$6:$D$60,MATCH(B21,Agentes!$A$6:$A$60,0)),"")="Humo"),"P100 (HEPA)",IF(IFERROR(INDEX(Agentes!$H$6:$H$60,MATCH(B21,Agentes!$A$6:$A$60,0)),"")="Metal","N100/R100/P100 (N95 como mínimo)","N95 o superior; serie P si hay nieblas de aceite"))) | L21: =IF(OR(N(I21)=0,N(J21)=0,N(K21)=0),"",I21*Agentes!$C$65*60*J21/1000/K21) | M21: =IF(L21="","",ROUNDDOWN(Agentes!$C$66/L21,0))
A22: =Estadística!A22 | B22: =Estadística!B22 | C22: =IF(A22="","",Estadística!P22) | D22: =IF(A22="","",Estadística!N22) | E22: =IF(OR(N(C22)=0,N(D22)=0),"",C22/D22) | F22: =IF(E22="","",IF(E22<=1,"No requerido por concentración; usar si hay picos o tareas no rutinarias",IF(E22<=10,IF(IFERROR(INDEX(Agentes!$H$6:$H$60,MATCH(B22,Agentes!$A$6:$A$60,0)),"")="Metal carcinógeno","Media cara elastomérica con filtros P100","Pieza facial filtrante o media cara elastomérica"),IF(E22<=25,"PAPR con capucha o careta holgada",IF(E22<=50,"Cara completa elastomérica P100 o PAPR con media cara",IF(E22<=1000,"PAPR con cara completa o línea de aire","SCBA a presión positiva: controle primero la fuente")))))) | G22: =IF(E22="","",IF(E22<=1,"—",IF(E22<=10,10,IF(E22<=25,25,IF(E22<=50,50,IF(E22<=1000,1000,10000)))))) | H22: =IF(A22="","",IF(OR(IFERROR(INDEX(Agentes!$H$6:$H$60,MATCH(B22,Agentes!$A$6:$A$60,0)),"")="Metal carcinógeno",IFERROR(INDEX(Agentes!$D$6:$D$60,MATCH(B22,Agentes!$A$6:$A$60,0)),"")="Humo"),"P100 (HEPA)",IF(IFERROR(INDEX(Agentes!$H$6:$H$60,MATCH(B22,Agentes!$A$6:$A$60,0)),"")="Metal","N100/R100/P100 (N95 como mínimo)","N95 o superior; serie P si hay nieblas de aceite"))) | L22: =IF(OR(N(I22)=0,N(J22)=0,N(K22)=0),"",I22*Agentes!$C$65*60*J22/1000/K22) | M22: =IF(L22="","",ROUNDDOWN(Agentes!$C$66/L22,0))
