Workbook

Sheet Portada

Sheet Evaluación
A1: HeatStressRisk - Método de Evaluación (Método 1)
A3: INSTRUCCIONES DE ENTRADA
A4: WBGT (°C) | C4: °C (medido o estimado)
A5: Tasa Metabólica (W) | C5: W (ver 'Datos de Referencia')
A6: Aclimatación | C6: Lista desplegable
A7: CAV de Ropa (°C) | C7: °C (ver 'Datos de Referencia')
A8: Patrón de Trabajo (%) | C8: % del turno (informativo)
A11: RESULTADOS CALCULADOS
A12: TLV (°C-WBGT) | B12: =IF(N(B5)>0,56.7-11.5*LOG10(B5),"")
A13: AL (°C-WBGT) | B13: =IF(N(B5)>0,59.9-14.1*LOG10(B5),"")
A14: Aclimatación Ajuste (°C) | B14: =IF(B6="Aclimatado",0,-3)
A15: TLV Ajustado | B15: =IF(B12="","",B12+B14)
A16: AL Ajustado | B16: =IF(B13="","",B13+B14)
A17: WBGT Efectivo (con ropa) | B17: =IF(ISNUMBER(B4),B4+N(B7),"")
A19: CLASIFICACIÓN DE SEVERIDAD
A20: Severidad | B20: =IF(OR(B15="",B17=""),"SIN DATOS",IF(B17<B16,"ACEPTABLE",IF(B17<B15,"PRECAUCIÓN",IF(B17<B15+3,"MODERADO",IF(B17<B15+6,"ALTO","EXTREMADAMENTE ALTO")))))
A22: RECOMENDACIONES
A23: Nivel 1 (General) | B23: Siempre
A24: Nivel 2 (Específico) | B24: =IF(B20="MODERADO","Sí",IF(B20="ALTO","Sí",IF(B20="EXTREMADAMENTE ALTO","Sí","No")))
A25: Nivel 3 (Monitoreo) | B25: =IF(B20="ALTO","Sí",IF(B20="EXTREMADAMENTE ALTO","Sí","No"))
A27: PLAN DE CONTROL Y PHS (NUEVO EN V2)
A28: Recomendaciones automáticas | B28: Hoja 'Plan de Control'
A29: Tensión térmica predicha (PHS) | B29: Hoja 'PHS' (usa 'Análisis Detallado')

Sheet Datos de Referencia
A1: TASAS METABÓLICAS | D1: VALORES DE ROPA
A2: Categoría | B2: Tasa (W) | D2: Tipo de Ropa | E2: CAV (°C) | G2: ESTADOS DE ACLIMATACIÓN | H2: Ajuste TLV/AL (°C)
A3: Descanso (sentado) | B3: 115 | D3: Estándar (mangas largas) | E3: 0 | G3: Aclimatado | H3: 0
A4: Trabajo Ligero | B4: 180 | D4: Verano Ligero | E4: -1 | G4: Parcialmente aclimatado (75%) | H4: -3
A5: Ligero-Moderado | B5: 235 | D5: Monos Ligeros | E5: 0.5 | G5: Parcialmente aclimatado (50%) | H5: -3
A6: Moderado | B6: 300 | D6: Protección Pesada | E6: 3 | G6: No aclimatado (25%) | H6: -3
A7: Pesado | B7: 415 | D7: Barrera de Vapor | E7: 10 | G7: La hoja aplica −3 °C a TLV y AL con cualquier estado distinto de 'Aclimatado' (criterio conservador). PHS lo interpreta como aclimatado (Sí/No).
A8: Muy Pesado | B8: 520
G11: POSTURA (PHS)
A12: NIVELES DE SEVERIDAD | G12: De pie
A13: Nivel | B13: Rango | C13: Acción | G13: Sentado
A14: ACEPTABLE | B14: <AL | C14: Conciencia General | G14: En cuclillas
A15: PRECAUCIÓN | B15: AL-TLV | C15: Nivel 1
A16: MODERADO | B16: TLV a +3°C | C16: Nivel 1+2 | G16: TIPO DE EXPOSICIÓN (Plan de Control)
A17: ALTO | B17: +3°C a +6°C | C17: Nivel 1+2+3 | G17: Exterior con radiación solar
A18: EXTREMADAMENTE ALTO | B18: >+6°C | C18: Todos los Niveles | G18: Interior con fuente radiante
G19: Interior sin fuente radiante
G20: Interior húmedo (vapor/procesos)
A21: LÍMITES DE VALIDEZ ISO 7933:2023 (PHS)
A22: Variable | B22: Mín | C22: Máx | G22: SÍ / NO
A23: Temperatura de aire Tbs (°C) | B23: 15 | C23: 50 | G23: Sí
A24: Tr − Tbs (°C) | B24: 0 | C24: 60 | G24: No
A25: Velocidad del aire (m/s) | B25: 0 | C25: 3
A26: Presión de vapor Pa (kPa) | B26: 0.5 | C26: 4.5
A27: Tasa metabólica M (W/m²) | B27: 56 | C27: 250
A28: Aislamiento de ropa (clo) | B28: 0.1 | C28: 1
A29: Fuente: Anexo A de ISO 7933:2023, según la implementación de referencia de código abierto (pythermalcomfort 4.6.0).
A31: AISLAMIENTO DE ROPA (clo) – orientativo
A32: Conjunto de ropa | B32: clo
A33: Pantalón corto y camisa manga corta | B33: 0.36
A34: Pantalón largo y camisa manga corta | B34: 0.57
A35: Pantalón largo y camisa manga larga | B35: 0.61
A36: Anterior + chaqueta | B36: 0.96
A37: Valores típicos ASHRAE 55 / ISO 9920 (incluyen ropa interior, medias y zapatos). Verifique con ISO 9920 o el fabricante para ropa de trabajo específica.

Sheet Análisis Detallado
A1: HeatStressRisk - Método de Análisis Detallado
G2: Datos ambientales para PHS (opcionales si no usa PHS)
A3: DESGLOSE DE TAREAS | B3: ACTIVIDAD | C3: DURACION ( Hr ) | D3: WBGT | E3: TASA METABOLICA (W) | F3: DURACION X WBGT | G3: Tbs (°C) | H3: Tg (°C) | I3: HR (%) | J3: Vel. aire (m/s)
F4: =C4*D4
F5: =C5*D5
F6: =C6*D6
F7: =C7*D7
F8: =C8*D8
F9: =C9*D9
F10: =C10*D10
F11: =C11*D11
A12: PROMEDIOS PONDERADOS POR TIEMPO
A13: Duración Total (h) | B13: =SUM(C4:C11)
A14: PPA-WBGT (°C) | B14: =IF(B13>0,SUM(F4:F11)/B13,0)
A15: PPA-Tasa Metabólica (W) | B15: =IF(B13>0,SUMPRODUCT(C4:C11,E4:E11)/B13,0)
A17: CLASIFICACIÓN ACGIH (con promedios ponderados)
A18: Aclimatación | C18: Se usan en la clasificación ACGIH y en PHS (aclimatación) y en el Plan de Control.
A19: CAV de Ropa (°C)
A20: TLV (°C-WBGT) con PPA-M | B20: =IF(N(B15)>0,56.7-11.5*LOG10(B15),"")
A21: AL (°C-WBGT) con PPA-M | B21: =IF(N(B15)>0,59.9-14.1*LOG10(B15),"")
A22: Aclimatación Ajuste (°C) | B22: =IF(B18="Aclimatado",0,-3)
A23: TLV Ajustado | B23: =IF(B20="","",B20+B22)
A24: AL Ajustado | B24: =IF(B21="","",B21+B22)
A25: WBGT Efectivo (PPA-WBGT + CAV) | B25: =IF(AND(B13>0,COUNT(D4:D11)>0),B14+N(B19),"")
A26: Severidad | B26: =IF(OR(B23="",B25=""),"SIN DATOS",IF(B25<B24,"ACEPTABLE",IF(B25<B23,"PRECAUCIÓN",IF(B25<B23+3,"MODERADO",IF(B25<B23+6,"ALTO","EXTREMADAMENTE ALTO")))))
A27: Nivel 2 (Específico) | B27: =IF(OR(B26="MODERADO",B26="ALTO",B26="EXTREMADAMENTE ALTO"),"Sí","No")
A28: Nivel 3 (Monitoreo) | B28: =IF(OR(B26="ALTO",B26="EXTREMADAMENTE ALTO"),"Sí","No")

Sheet PHS
A1: HeatStressRisk – Tensión Térmica Predicha (PHS, ISO 7933:2023)
A2: Simula minuto a minuto la temperatura rectal y la pérdida de agua de una persona promedio para la secuencia de tareas de la hoja 'Análisis Detallado' (columnas C, E y G–J). Para una exposición homogénea use una sola fila (p. ej., 8 h).
A4: PARÁMETROS DEL TRABAJADOR Y DE LA ROPA (celdas amarillas)
A5: Peso corporal (kg) | B5: 75 | C5: Referencia ISO 7933: 75 kg. Ajuste a su población.
A6: Estatura (m) | B6: 1.8 | C6: Referencia ISO 7933: 1.80 m.
A7: Postura | B7: De pie | C7: Lista desplegable.
A8: Aclimatación | B8: =IF('Análisis Detallado'!B18="","",'Análisis Detallado'!B18) | C8: Se toma de la hoja 'Análisis Detallado' (celda B18). Se interpreta como aclimatado solo si dice 'Aclimatado'.
A9: Aislamiento de la ropa (clo) | B9: 0.6 | C9: Ver tabla en 'Datos de Referencia'. Con CAV ≥ 3 °C use un clo mayor. Rango válido 0.1–1.0.
A10: Velocidad de caminata (m/s) | B10: 0 | C10: 0 = estimada automáticamente a partir de la tasa metabólica (según la norma).
A11: Diámetro del globo (mm) | B11: 150 | C11: Para calcular Tr desde Tg (ISO 7726). Globo estándar 150 mm; globos pequeños 50–75 mm.
A12: Emisividad del globo | B12: 0.95 | C12: Globo negro ≈ 0.95.
A14: ESTADO DEL ANÁLISIS
A15: Duración total simulada (min) | B15: ='Motor PHS'!B25 | C15: Suma de las duraciones de 'Análisis Detallado'. Máximo 720 min (12 h).
A16: Estado de los datos | B16: =IF('Motor PHS'!B25=0,"Sin tareas: ingrese duración, tasa metabólica y condiciones ambientales en 'Análisis Detallado'.",IF('Motor PHS'!B25>720,"La duración total excede 720 min (12 h): reduzca la secuencia.",IF('Motor PHS'!B39>0,"Faltan datos en: "&IF(AND('Motor PHS'!E61=1,'Motor PHS'!F61=0),"T1 ","")&IF(AND('Motor PHS'!E62=1,'Motor PHS'!F62=0),"T2 ","")&IF(AND('Motor PHS'!E63=1,'Motor PHS'!F63=0),"T3 ","")&IF(AND('Motor PHS'!E64=1,'Motor PHS'!F64=0),"T4 ","")&IF(AND('Motor PHS'!E65=1,'Motor PHS'!F65=0),"T5 ","")&IF(AND('Motor PHS'!E66=1,'Motor PHS'!F66=0),"T6 ","")&IF(AND('Motor PHS'!E67=1,'Motor PHS'!F67=0),"T7 ","")&IF(AND('Motor PHS'!E68=1,'Motor PHS'!F68=0),"T8 ","")&"(complete duración, Tbs, Tg, HR, v y M).",IF(OR(N(B5)<=0,N(B6)<=0),"Complete peso y estatura.","Datos completos"))))
A17: Validez según ISO 7933:2023 | B17: =IF('Motor PHS'!B45=0,"—",IF('Motor PHS'!B45=3,"NO APLICABLE: "&IF('Motor PHS'!B41>0,"variables fuera del rango de validez en alguna tarea (ver detalle). ","")&IF('Motor PHS'!B42=0,"Aislamiento de ropa fuera de 0.1–1.0 clo. ","")&IF('Motor PHS'!B43=1,"Ropa con barrera de vapor: PHS no aplica. ",""),IF('Motor PHS'!B45=2,"Válido con advertencia: tareas con M < 56 W/m² (límite inferior de la norma; típico de reposo).","Dentro del rango de validez")))
A19: RESULTADOS PHS
A20: Temperatura rectal al final de la exposición (°C) | B20: =IF(OR('Motor PHS'!B45=1,'Motor PHS'!B45=2),'Motor PHS'!B52,"") | C20: Límite de referencia ISO 7933: 38.0 °C.
A21: Temperatura rectal máxima alcanzada (°C) | B21: =IF(OR('Motor PHS'!B45=1,'Motor PHS'!B45=2),'Motor PHS'!B53,"")
A22: Pérdida de agua total estimada (g) | B22: =IF(OR('Motor PHS'!B45=1,'Motor PHS'!B45=2),'Motor PHS'!B54,"") | C22: Incluye sudor y evaporación respiratoria.
A23: Pérdida de agua (% del peso corporal) | B23: =IF(OR('Motor PHS'!B45=1,'Motor PHS'!B45=2),'Motor PHS'!B57,"") | C23: Límite de referencia: 5 % con hidratación libre.
A24: Pérdida de agua promedio (L/h) | B24: =IF(OR('Motor PHS'!B45=1,'Motor PHS'!B45=2),'Motor PHS'!B56,"") | C24: Ingesta oral recomendada ≈ 1.4 L/h como máximo.
A25: Tiempo hasta Tre ≥ 38 °C – Dlim,Tre (min) | B25: =IF(OR('Motor PHS'!B45=1,'Motor PHS'!B45=2),IF('Motor PHS'!B48=1,'Motor PHS'!B46,"No alcanzado"),"")
A26: Tiempo hasta pérdida de agua límite – Dlim,agua (min) | B26: =IF(OR('Motor PHS'!B45=1,'Motor PHS'!B45=2),IF('Motor PHS'!B49=1,'Motor PHS'!B47,"No alcanzado"),"")
A27: Tiempo máximo de exposición – Dlim (min) | B27: =IF(OR('Motor PHS'!B45=1,'Motor PHS'!B45=2),'Motor PHS'!B50,"") | C27: Menor de los dos tiempos, o la duración total si no se alcanzan.
A28: Factor limitante | B28: =IF(OR('Motor PHS'!B45=1,'Motor PHS'!B45=2),IF(AND('Motor PHS'!B48=0,'Motor PHS'!B49=0),"Ninguno (límites no alcanzados)",IF(AND('Motor PHS'!B48=1,OR('Motor PHS'!B49=0,'Motor PHS'!B46<='Motor PHS'!B47)),"Temperatura rectal","Pérdida de agua")),"")
A29: CONCLUSIÓN PHS | B29: =IF('Motor PHS'!B45=0,"Sin resultados: complete los datos indicados arriba.",IF('Motor PHS'!B45=3,"NO APLICABLE: PHS no debe interpretarse con estos datos (ver validez).",IF('Motor PHS'!B51=1,"LÍMITE ALCANZADO a los "&'Motor PHS'!B50&" min de exposición continua (factor limitante: "&B28&"). La exposición no es tolerable durante los "&'Motor PHS'!B25&" min simulados.","TOLERABLE: no se alcanzan los límites de temperatura rectal ni de pérdida de agua durante los "&'Motor PHS'!B25&" min simulados (Tre máx. "&ROUND('Motor PHS'!B53,1)&" °C).")))
A31: DETALLE POR TAREA (desde 'Análisis Detallado')
A32: Tarea | B32: Duración (min) | C32: Tr (°C) | D32: Pa (kPa) | E32: M (W/m²) | F32: Validez ISO 7933
A33: =IF('Motor PHS'!E61=1,"T1 – "&'Motor PHS'!B61,"") | B33: =IF('Motor PHS'!E61=1,'Motor PHS'!C61,"") | C33: =IF('Motor PHS'!E61=1,IF('Motor PHS'!F61=1,'Motor PHS'!L61,""),"") | D33: =IF('Motor PHS'!E61=1,IF('Motor PHS'!F61=1,'Motor PHS'!M61,""),"") | E33: =IF('Motor PHS'!E61=1,IF('Motor PHS'!F61=1,'Motor PHS'!N61,""),"") | F33: ='Motor PHS'!AQ61
A34: =IF('Motor PHS'!E62=1,"T2 – "&'Motor PHS'!B62,"") | B34: =IF('Motor PHS'!E62=1,'Motor PHS'!C62,"") | C34: =IF('Motor PHS'!E62=1,IF('Motor PHS'!F62=1,'Motor PHS'!L62,""),"") | D34: =IF('Motor PHS'!E62=1,IF('Motor PHS'!F62=1,'Motor PHS'!M62,""),"") | E34: =IF('Motor PHS'!E62=1,IF('Motor PHS'!F62=1,'Motor PHS'!N62,""),"") | F34: ='Motor PHS'!AQ62
A35: =IF('Motor PHS'!E63=1,"T3 – "&'Motor PHS'!B63,"") | B35: =IF('Motor PHS'!E63=1,'Motor PHS'!C63,"") | C35: =IF('Motor PHS'!E63=1,IF('Motor PHS'!F63=1,'Motor PHS'!L63,""),"") | D35: =IF('Motor PHS'!E63=1,IF('Motor PHS'!F63=1,'Motor PHS'!M63,""),"") | E35: =IF('Motor PHS'!E63=1,IF('Motor PHS'!F63=1,'Motor PHS'!N63,""),"") | F35: ='Motor PHS'!AQ63
A36: =IF('Motor PHS'!E64=1,"T4 – "&'Motor PHS'!B64,"") | B36: =IF('Motor PHS'!E64=1,'Motor PHS'!C64,"") | C36: =IF('Motor PHS'!E64=1,IF('Motor PHS'!F64=1,'Motor PHS'!L64,""),"") | D36: =IF('Motor PHS'!E64=1,IF('Motor PHS'!F64=1,'Motor PHS'!M64,""),"") | E36: =IF('Motor PHS'!E64=1,IF('Motor PHS'!F64=1,'Motor PHS'!N64,""),"") | F36: ='Motor PHS'!AQ64
A37: =IF('Motor PHS'!E65=1,"T5 – "&'Motor PHS'!B65,"") | B37: =IF('Motor PHS'!E65=1,'Motor PHS'!C65,"") | C37: =IF('Motor PHS'!E65=1,IF('Motor PHS'!F65=1,'Motor PHS'!L65,""),"") | D37: =IF('Motor PHS'!E65=1,IF('Motor PHS'!F65=1,'Motor PHS'!M65,""),"") | E37: =IF('Motor PHS'!E65=1,IF('Motor PHS'!F65=1,'Motor PHS'!N65,""),"") | F37: ='Motor PHS'!AQ65
A38: =IF('Motor PHS'!E66=1,"T6 – "&'Motor PHS'!B66,"") | B38: =IF('Motor PHS'!E66=1,'Motor PHS'!C66,"") | C38: =IF('Motor PHS'!E66=1,IF('Motor PHS'!F66=1,'Motor PHS'!L66,""),"") | D38: =IF('Motor PHS'!E66=1,IF('Motor PHS'!F66=1,'Motor PHS'!M66,""),"") | E38: =IF('Motor PHS'!E66=1,IF('Motor PHS'!F66=1,'Motor PHS'!N66,""),"") | F38: ='Motor PHS'!AQ66
A39: =IF('Motor PHS'!E67=1,"T7 – "&'Motor PHS'!B67,"") | B39: =IF('Motor PHS'!E67=1,'Motor PHS'!C67,"") | C39: =IF('Motor PHS'!E67=1,IF('Motor PHS'!F67=1,'Motor PHS'!L67,""),"") | D39: =IF('Motor PHS'!E67=1,IF('Motor PHS'!F67=1,'Motor PHS'!M67,""),"") | E39: =IF('Motor PHS'!E67=1,IF('Motor PHS'!F67=1,'Motor PHS'!N67,""),"") | F39: ='Motor PHS'!AQ67
A40: =IF('Motor PHS'!E68=1,"T8 – "&'Motor PHS'!B68,"") | B40: =IF('Motor PHS'!E68=1,'Motor PHS'!C68,"") | C40: =IF('Motor PHS'!E68=1,IF('Motor PHS'!F68=1,'Motor PHS'!L68,""),"") | D40: =IF('Motor PHS'!E68=1,IF('Motor PHS'!F68=1,'Motor PHS'!M68,""),"") | E40: =IF('Motor PHS'!E68=1,IF('Motor PHS'!F68=1,'Motor PHS'!N68,""),"") | F40: ='Motor PHS'!AQ68
A42: NOTAS Y LIMITACIONES
A43: • Modelo: ISO 7933:2023 (Predicted Heat Strain). Las ecuaciones siguen la implementación de referencia de código abierto pythermalcomfort 4.6.0; hidratación libre (ingesta permitida) y temperatura rectal inicial de 36.8 °C.
A44: • Tr se calcula a partir de Tg, Tbs y velocidad del aire (ISO 7726) y Pa a partir de Tbs y HR. La tasa metabólica en W se convierte a W/m² con la superficie corporal (DuBois).
A45: • No aplica a ropa de protección especial (reflectiva total, enfriamiento activo o ventilación, monos impermeables o con barrera de vapor).
A46: • Describe a una persona promedio, sana y apta para el trabajo; no predice la respuesta individual. El resultado requiere interpretación por un profesional.
A47: • El modelo no incorpora corrección por presión barométrica (altitud); interprete con cautela en sitios de gran altitud.
A48: • Rangos de validez (tabla en 'Datos de Referencia'): Tbs 15–50 °C; Tr−Tbs 0–60 °C; v 0–3 m/s; Pa 0.5–4.5 kPa; M 56–250 W/m²; ropa 0.1–1.0 clo. Trabajo muy pesado (520 W) supera 250 W/m² en la mayoría de las personas: use ACGIH y monitoreo fisiológico.

Sheet Plan de Control
A1: HeatStressRisk – Plan de Control Automático
A2: Genera recomendaciones a partir de la severidad ACGIH y, si está disponible, de PHS. Las reglas se pueden editar en la hoja 'Biblioteca de Controles'. Es una ayuda para el profesional: la decisión final es del higienista/SST responsable.
A4: ENTRADAS (celdas amarillas) | F4: CONDICIONES EVALUADAS | G4: Cumple | H4: Descripción
A5: Fuente de la evaluación ACGIH | D5: Evaluación (Método 1) | F5: S | G5: =1 | H5: Siempre
A6: Tipo de exposición | D6: Exterior con radiación solar | F6: EXT | G6: =IF($D$6='Datos de Referencia'!$G$17,1,0) | H6: Exterior con radiación solar
A7: ¿Hay trabajadores susceptibles o embarazadas? | D7: No | F7: RAD | G7: =IF($D$6='Datos de Referencia'!$G$18,1,0) | H7: Interior con fuente radiante
F8: INT | G8: =IF($D$6='Datos de Referencia'!$G$19,1,0) | H8: Interior sin fuente radiante
A9: RESULTADO DE LA EVALUACIÓN (automático) | F9: HUM | G9: =IF($D$6='Datos de Referencia'!$G$20,1,0) | H9: Interior húmedo (vapor/procesos)
A10: Severidad ACGIH | D10: =IF($D$5="Análisis Detallado",'Análisis Detallado'!B26,Evaluación!B20) | F10: INTERIOR | G10: =IF(OR(G7=1,G8=1,G9=1),1,0) | H10: Cualquier ambiente interior
A11: Nivel de severidad (0 = sin datos; 1 a 5) | D11: =IF(D10="ACEPTABLE",1,IF(D10="PRECAUCIÓN",2,IF(D10="MODERADO",3,IF(D10="ALTO",4,IF(D10="EXTREMADAMENTE ALTO",5,0))))) | F11: RADIANTE | G11: =IF(OR(G6=1,G7=1),1,0) | H11: Carga de calor radiante (exterior o fuente radiante)
A12: WBGT efectivo (°C) | D12: =IF($D$5="Análisis Detallado",'Análisis Detallado'!B25,Evaluación!B17) | F12: NOACL | G12: =IF(D17="",0,IF(D17="Aclimatado",0,1)) | H12: Trabajadores no (o parcialmente) aclimatados
A13: TLV ajustado (°C) | D13: =IF($D$5="Análisis Detallado",'Análisis Detallado'!B23,Evaluación!B15) | F13: ROPA | G13: =IF(N(D18)>=3,1,0) | H13: CAV ≥ 3 °C (ropa que restringe la disipación de calor)
A14: AL ajustado (°C) | D14: =IF($D$5="Análisis Detallado",'Análisis Detallado'!B24,Evaluación!B16) | F14: BARRERA | G14: =IF(N(D18)>=10,1,0) | H14: CAV ≥ 10 °C (barrera de vapor)
A15: Diferencia WBGT efectivo − TLV ajustado (°C) | D15: =IF(AND(ISNUMBER(D12),ISNUMBER(D13)),D12-D13,"") | F15: MET | G15: =IF(N(D16)>=300,1,0) | H15: Tasa metabólica ≥ 300 W
A16: Tasa metabólica (W) | D16: =IF($D$5="Análisis Detallado",'Análisis Detallado'!B15,Evaluación!B5) | F16: SUSC | G16: =IF(D7="Sí",1,0) | H16: Trabajadores susceptibles o embarazadas
A17: Aclimatación | D17: =IF($D$5="Análisis Detallado",'Análisis Detallado'!B18,Evaluación!B6)&"" | F17: PHS_OK | G17: =IF(OR('Motor PHS'!B45=1,'Motor PHS'!B45=2),1,0) | H17: PHS disponible y válido
A18: CAV de ropa (°C) | D18: =IF($D$5="Análisis Detallado",'Análisis Detallado'!B19,Evaluación!B7) | F18: PHS_LIM | G18: ='Motor PHS'!B51 | H18: PHS: límite fisiológico alcanzado
A19: Controles requeridos según severidad | D19: =IF(D11=0,"Sin datos",IF(D11=1,"Conciencia general",IF(D11=2,"Nivel 1",IF(D11=3,"Niveles 1 + 2",IF(D11=4,"Niveles 1 + 2 + 3","Todos los niveles + acción urgente"))))) | F19: PHS_SW_HIGH | G19: =IF(AND(G17=1,N('Motor PHS'!B56)>1.4),1,0) | H19: PHS: pérdida de agua > 1.4 L/h
A20: Resultado PHS (ISO 7933:2023) | D20: =IF('Motor PHS'!B45=0,"Sin resultados PHS (ver hoja PHS)",IF('Motor PHS'!B45=3,"PHS no aplicable (ver hoja PHS)",IF('Motor PHS'!B51=1,"PHS: límite fisiológico a los "&'Motor PHS'!B50&" min de "&'Motor PHS'!B25&" min","PHS: exposición tolerable durante "&'Motor PHS'!B25&" min")))
A22: RESUMEN
A23: =IF(D11=0,"Complete la evaluación ACGIH (hoja 'Evaluación' o 'Análisis Detallado') para generar el plan completo. Si ya ejecutó PHS, sus recomendaciones se muestran abajo.","Severidad "&D10&": WBGT efectivo "&ROUND(D12,1)&" °C frente a TLV ajustado "&ROUND(D13,1)&" °C ("&IF(D15>=0,"+","")&ROUND(D15,1)&" °C). Controles requeridos: "&D19&". "&D20&".")
A25: PLAN DE CONTROL RECOMENDADO
A26: N° | B26: Nivel | C26: Tipo de control | D26: Recomendación
A27: =IF(1<=COUNTIF('Biblioteca de Controles'!$H$5:$H$37,1),1,"") | B27: =IF($A27="","",INDEX('Biblioteca de Controles'!$B$5:$B$37,MATCH($A27,'Biblioteca de Controles'!$I$5:$I$37,0))) | C27: =IF($A27="","",INDEX('Biblioteca de Controles'!$C$5:$C$37,MATCH($A27,'Biblioteca de Controles'!$I$5:$I$37,0))) | D27: =IF($A27="","",INDEX('Biblioteca de Controles'!$D$5:$D$37,MATCH($A27,'Biblioteca de Controles'!$I$5:$I$37,0)))
A28: =IF(2<=COUNTIF('Biblioteca de Controles'!$H$5:$H$37,1),2,"") | B28: =IF($A28="","",INDEX('Biblioteca de Controles'!$B$5:$B$37,MATCH($A28,'Biblioteca de Controles'!$I$5:$I$37,0))) | C28: =IF($A28="","",INDEX('Biblioteca de Controles'!$C$5:$C$37,MATCH($A28,'Biblioteca de Controles'!$I$5:$I$37,0))) | D28: =IF($A28="","",INDEX('Biblioteca de Controles'!$D$5:$D$37,MATCH($A28,'Biblioteca de Controles'!$I$5:$I$37,0)))
A29: =IF(3<=COUNTIF('Biblioteca de Controles'!$H$5:$H$37,1),3,"") | B29: =IF($A29="","",INDEX('Biblioteca de Controles'!$B$5:$B$37,MATCH($A29,'Biblioteca de Controles'!$I$5:$I$37,0))) | C29: =IF($A29="","",INDEX('Biblioteca de Controles'!$C$5:$C$37,MATCH($A29,'Biblioteca de Controles'!$I$5:$I$37,0))) | D29: =IF($A29="","",INDEX('Biblioteca de Controles'!$D$5:$D$37,MATCH($A29,'Biblioteca de Controles'!$I$5:$I$37,0)))
A30: =IF(4<=COUNTIF('Biblioteca de Controles'!$H$5:$H$37,1),4,"") | B30: =IF($A30="","",INDEX('Biblioteca de Controles'!$B$5:$B$37,MATCH($A30,'Biblioteca de Controles'!$I$5:$I$37,0))) | C30: =IF($A30="","",INDEX('Biblioteca de Controles'!$C$5:$C$37,MATCH($A30,'Biblioteca de Controles'!$I$5:$I$37,0))) | D30: =IF($A30="","",INDEX('Biblioteca de Controles'!$D$5:$D$37,MATCH($A30,'Biblioteca de Controles'!$I$5:$I$37,0)))
A31: =IF(5<=COUNTIF('Biblioteca de Controles'!$H$5:$H$37,1),5,"") | B31: =IF($A31="","",INDEX('Biblioteca de Controles'!$B$5:$B$37,MATCH($A31,'Biblioteca de Controles'!$I$5:$I$37,0))) | C31: =IF($A31="","",INDEX('Biblioteca de Controles'!$C$5:$C$37,MATCH($A31,'Biblioteca de Controles'!$I$5:$I$37,0))) | D31: =IF($A31="","",INDEX('Biblioteca de Controles'!$D$5:$D$37,MATCH($A31,'Biblioteca de Controles'!$I$5:$I$37,0)))
A32: =IF(6<=COUNTIF('Biblioteca de Controles'!$H$5:$H$37,1),6,"") | B32: =IF($A32="","",INDEX('Biblioteca de Controles'!$B$5:$B$37,MATCH($A32,'Biblioteca de Controles'!$I$5:$I$37,0))) | C32: =IF($A32="","",INDEX('Biblioteca de Controles'!$C$5:$C$37,MATCH($A32,'Biblioteca de Controles'!$I$5:$I$37,0))) | D32: =IF($A32="","",INDEX('Biblioteca de Controles'!$D$5:$D$37,MATCH($A32,'Biblioteca de Controles'!$I$5:$I$37,0)))
A33: =IF(7<=COUNTIF('Biblioteca de Controles'!$H$5:$H$37,1),7,"") | B33: =IF($A33="","",INDEX('Biblioteca de Controles'!$B$5:$B$37,MATCH($A33,'Biblioteca de Controles'!$I$5:$I$37,0))) | C33: =IF($A33="","",INDEX('Biblioteca de Controles'!$C$5:$C$37,MATCH($A33,'Biblioteca de Controles'!$I$5:$I$37,0))) | D33: =IF($A33="","",INDEX('Biblioteca de Controles'!$D$5:$D$37,MATCH($A33,'Biblioteca de Controles'!$I$5:$I$37,0)))
A34: =IF(8<=COUNTIF('Biblioteca de Controles'!$H$5:$H$37,1),8,"") | B34: =IF($A34="","",INDEX('Biblioteca de Controles'!$B$5:$B$37,MATCH($A34,'Biblioteca de Controles'!$I$5:$I$37,0))) | C34: =IF($A34="","",INDEX('Biblioteca de Controles'!$C$5:$C$37,MATCH($A34,'Biblioteca de Controles'!$I$5:$I$37,0))) | D34: =IF($A34="","",INDEX('Biblioteca de Controles'!$D$5:$D$37,MATCH($A34,'Biblioteca de Controles'!$I$5:$I$37,0)))
A35: =IF(9<=COUNTIF('Biblioteca de Controles'!$H$5:$H$37,1),9,"") | B35: =IF($A35="","",INDEX('Biblioteca de Controles'!$B$5:$B$37,MATCH($A35,'Biblioteca de Controles'!$I$5:$I$37,0))) | C35: =IF($A35="","",INDEX('Biblioteca de Controles'!$C$5:$C$37,MATCH($A35,'Biblioteca de Controles'!$I$5:$I$37,0))) | D35: =IF($A35="","",INDEX('Biblioteca de Controles'!$D$5:$D$37,MATCH($A35,'Biblioteca de Controles'!$I$5:$I$37,0)))
A36: =IF(10<=COUNTIF('Biblioteca de Controles'!$H$5:$H$37,1),10,"") | B36: =IF($A36="","",INDEX('Biblioteca de Controles'!$B$5:$B$37,MATCH($A36,'Biblioteca de Controles'!$I$5:$I$37,0))) | C36: =IF($A36="","",INDEX('Biblioteca de Controles'!$C$5:$C$37,MATCH($A36,'Biblioteca de Controles'!$I$5:$I$37,0))) | D36: =IF($A36="","",INDEX('Biblioteca de Controles'!$D$5:$D$37,MATCH($A36,'Biblioteca de Controles'!$I$5:$I$37,0)))
A37: =IF(11<=COUNTIF('Biblioteca de Controles'!$H$5:$H$37,1),11,"") | B37: =IF($A37="","",INDEX('Biblioteca de Controles'!$B$5:$B$37,MATCH($A37,'Biblioteca de Controles'!$I$5:$I$37,0))) | C37: =IF($A37="","",INDEX('Biblioteca de Controles'!$C$5:$C$37,MATCH($A37,'Biblioteca de Controles'!$I$5:$I$37,0))) | D37: =IF($A37="","",INDEX('Biblioteca de Controles'!$D$5:$D$37,MATCH($A37,'Biblioteca de Controles'!$I$5:$I$37,0)))
A38: =IF(12<=COUNTIF('Biblioteca de Controles'!$H$5:$H$37,1),12,"") | B38: =IF($A38="","",INDEX('Biblioteca de Controles'!$B$5:$B$37,MATCH($A38,'Biblioteca de Controles'!$I$5:$I$37,0))) | C38: =IF($A38="","",INDEX('Biblioteca de Controles'!$C$5:$C$37,MATCH($A38,'Biblioteca de Controles'!$I$5:$I$37,0))) | D38: =IF($A38="","",INDEX('Biblioteca de Controles'!$D$5:$D$37,MATCH($A38,'Biblioteca de Controles'!$I$5:$I$37,0)))
A39: =IF(13<=COUNTIF('Biblioteca de Controles'!$H$5:$H$37,1),13,"") | B39: =IF($A39="","",INDEX('Biblioteca de Controles'!$B$5:$B$37,MATCH($A39,'Biblioteca de Controles'!$I$5:$I$37,0))) | C39: =IF($A39="","",INDEX('Biblioteca de Controles'!$C$5:$C$37,MATCH($A39,'Biblioteca de Controles'!$I$5:$I$37,0))) | D39: =IF($A39="","",INDEX('Biblioteca de Controles'!$D$5:$D$37,MATCH($A39,'Biblioteca de Controles'!$I$5:$I$37,0)))
A40: =IF(14<=COUNTIF('Biblioteca de Controles'!$H$5:$H$37,1),14,"") | B40: =IF($A40="","",INDEX('Biblioteca de Controles'!$B$5:$B$37,MATCH($A40,'Biblioteca de Controles'!$I$5:$I$37,0))) | C40: =IF($A40="","",INDEX('Biblioteca de Controles'!$C$5:$C$37,MATCH($A40,'Biblioteca de Controles'!$I$5:$I$37,0))) | D40: =IF($A40="","",INDEX('Biblioteca de Controles'!$D$5:$D$37,MATCH($A40,'Biblioteca de Controles'!$I$5:$I$37,0)))
A41: =IF(15<=COUNTIF('Biblioteca de Controles'!$H$5:$H$37,1),15,"") | B41: =IF($A41="","",INDEX('Biblioteca de Controles'!$B$5:$B$37,MATCH($A41,'Biblioteca de Controles'!$I$5:$I$37,0))) | C41: =IF($A41="","",INDEX('Biblioteca de Controles'!$C$5:$C$37,MATCH($A41,'Biblioteca de Controles'!$I$5:$I$37,0))) | D41: =IF($A41="","",INDEX('Biblioteca de Controles'!$D$5:$D$37,MATCH($A41,'Biblioteca de Controles'!$I$5:$I$37,0)))
A42: =IF(16<=COUNTIF('Biblioteca de Controles'!$H$5:$H$37,1),16,"") | B42: =IF($A42="","",INDEX('Biblioteca de Controles'!$B$5:$B$37,MATCH($A42,'Biblioteca de Controles'!$I$5:$I$37,0))) | C42: =IF($A42="","",INDEX('Biblioteca de Controles'!$C$5:$C$37,MATCH($A42,'Biblioteca de Controles'!$I$5:$I$37,0))) | D42: =IF($A42="","",INDEX('Biblioteca de Controles'!$D$5:$D$37,MATCH($A42,'Biblioteca de Controles'!$I$5:$I$37,0)))
A43: =IF(17<=COUNTIF('Biblioteca de Controles'!$H$5:$H$37,1),17,"") | B43: =IF($A43="","",INDEX('Biblioteca de Controles'!$B$5:$B$37,MATCH($A43,'Biblioteca de Controles'!$I$5:$I$37,0))) | C43: =IF($A43="","",INDEX('Biblioteca de Controles'!$C$5:$C$37,MATCH($A43,'Biblioteca de Controles'!$I$5:$I$37,0))) | D43: =IF($A43="","",INDEX('Biblioteca de Controles'!$D$5:$D$37,MATCH($A43,'Biblioteca de Controles'!$I$5:$I$37,0)))
A44: =IF(18<=COUNTIF('Biblioteca de Controles'!$H$5:$H$37,1),18,"") | B44: =IF($A44="","",INDEX('Biblioteca de Controles'!$B$5:$B$37,MATCH($A44,'Biblioteca de Controles'!$I$5:$I$37,0))) | C44: =IF($A44="","",INDEX('Biblioteca de Controles'!$C$5:$C$37,MATCH($A44,'Biblioteca de Controles'!$I$5:$I$37,0))) | D44: =IF($A44="","",INDEX('Biblioteca de Controles'!$D$5:$D$37,MATCH($A44,'Biblioteca de Controles'!$I$5:$I$37,0)))
A45: =IF(19<=COUNTIF('Biblioteca de Controles'!$H$5:$H$37,1),19,"") | B45: =IF($A45="","",INDEX('Biblioteca de Controles'!$B$5:$B$37,MATCH($A45,'Biblioteca de Controles'!$I$5:$I$37,0))) | C45: =IF($A45="","",INDEX('Biblioteca de Controles'!$C$5:$C$37,MATCH($A45,'Biblioteca de Controles'!$I$5:$I$37,0))) | D45: =IF($A45="","",INDEX('Biblioteca de Controles'!$D$5:$D$37,MATCH($A45,'Biblioteca de Controles'!$I$5:$I$37,0)))
A46: =IF(20<=COUNTIF('Biblioteca de Controles'!$H$5:$H$37,1),20,"") | B46: =IF($A46="","",INDEX('Biblioteca de Controles'!$B$5:$B$37,MATCH($A46,'Biblioteca de Controles'!$I$5:$I$37,0))) | C46: =IF($A46="","",INDEX('Biblioteca de Controles'!$C$5:$C$37,MATCH($A46,'Biblioteca de Controles'!$I$5:$I$37,0))) | D46: =IF($A46="","",INDEX('Biblioteca de Controles'!$D$5:$D$37,MATCH($A46,'Biblioteca de Controles'!$I$5:$I$37,0)))
A47: =IF(21<=COUNTIF('Biblioteca de Controles'!$H$5:$H$37,1),21,"") | B47: =IF($A47="","",INDEX('Biblioteca de Controles'!$B$5:$B$37,MATCH($A47,'Biblioteca de Controles'!$I$5:$I$37,0))) | C47: =IF($A47="","",INDEX('Biblioteca de Controles'!$C$5:$C$37,MATCH($A47,'Biblioteca de Controles'!$I$5:$I$37,0))) | D47: =IF($A47="","",INDEX('Biblioteca de Controles'!$D$5:$D$37,MATCH($A47,'Biblioteca de Controles'!$I$5:$I$37,0)))
A48: =IF(22<=COUNTIF('Biblioteca de Controles'!$H$5:$H$37,1),22,"") | B48: =IF($A48="","",INDEX('Biblioteca de Controles'!$B$5:$B$37,MATCH($A48,'Biblioteca de Controles'!$I$5:$I$37,0))) | C48: =IF($A48="","",INDEX('Biblioteca de Controles'!$C$5:$C$37,MATCH($A48,'Biblioteca de Controles'!$I$5:$I$37,0))) | D48: =IF($A48="","",INDEX('Biblioteca de Controles'!$D$5:$D$37,MATCH($A48,'Biblioteca de Controles'!$I$5:$I$37,0)))
A49: =IF(23<=COUNTIF('Biblioteca de Controles'!$H$5:$H$37,1),23,"") | B49: =IF($A49="","",INDEX('Biblioteca de Controles'!$B$5:$B$37,MATCH($A49,'Biblioteca de Controles'!$I$5:$I$37,0))) | C49: =IF($A49="","",INDEX('Biblioteca de Controles'!$C$5:$C$37,MATCH($A49,'Biblioteca de Controles'!$I$5:$I$37,0))) | D49: =IF($A49="","",INDEX('Biblioteca de Controles'!$D$5:$D$37,MATCH($A49,'Biblioteca de Controles'!$I$5:$I$37,0)))
A50: =IF(24<=COUNTIF('Biblioteca de Controles'!$H$5:$H$37,1),24,"") | B50: =IF($A50="","",INDEX('Biblioteca de Controles'!$B$5:$B$37,MATCH($A50,'Biblioteca de Controles'!$I$5:$I$37,0))) | C50: =IF($A50="","",INDEX('Biblioteca de Controles'!$C$5:$C$37,MATCH($A50,'Biblioteca de Controles'!$I$5:$I$37,0))) | D50: =IF($A50="","",INDEX('Biblioteca de Controles'!$D$5:$D$37,MATCH($A50,'Biblioteca de Controles'!$I$5:$I$37,0)))
A51: =IF(25<=COUNTIF('Biblioteca de Controles'!$H$5:$H$37,1),25,"") | B51: =IF($A51="","",INDEX('Biblioteca de Controles'!$B$5:$B$37,MATCH($A51,'Biblioteca de Controles'!$I$5:$I$37,0))) | C51: =IF($A51="","",INDEX('Biblioteca de Controles'!$C$5:$C$37,MATCH($A51,'Biblioteca de Controles'!$I$5:$I$37,0))) | D51: =IF($A51="","",INDEX('Biblioteca de Controles'!$D$5:$D$37,MATCH($A51,'Biblioteca de Controles'!$I$5:$I$37,0)))
A52: =IF(26<=COUNTIF('Biblioteca de Controles'!$H$5:$H$37,1),26,"") | B52: =IF($A52="","",INDEX('Biblioteca de Controles'!$B$5:$B$37,MATCH($A52,'Biblioteca de Controles'!$I$5:$I$37,0))) | C52: =IF($A52="","",INDEX('Biblioteca de Controles'!$C$5:$C$37,MATCH($A52,'Biblioteca de Controles'!$I$5:$I$37,0))) | D52: =IF($A52="","",INDEX('Biblioteca de Controles'!$D$5:$D$37,MATCH($A52,'Biblioteca de Controles'!$I$5:$I$37,0)))
A53: =IF(27<=COUNTIF('Biblioteca de Controles'!$H$5:$H$37,1),27,"") | B53: =IF($A53="","",INDEX('Biblioteca de Controles'!$B$5:$B$37,MATCH($A53,'Biblioteca de Controles'!$I$5:$I$37,0))) | C53: =IF($A53="","",INDEX('Biblioteca de Controles'!$C$5:$C$37,MATCH($A53,'Biblioteca de Controles'!$I$5:$I$37,0))) | D53: =IF($A53="","",INDEX('Biblioteca de Controles'!$D$5:$D$37,MATCH($A53,'Biblioteca de Controles'!$I$5:$I$37,0)))
A54: =IF(28<=COUNTIF('Biblioteca de Controles'!$H$5:$H$37,1),28,"") | B54: =IF($A54="","",INDEX('Biblioteca de Controles'!$B$5:$B$37,MATCH($A54,'Biblioteca de Controles'!$I$5:$I$37,0))) | C54: =IF($A54="","",INDEX('Biblioteca de Controles'!$C$5:$C$37,MATCH($A54,'Biblioteca de Controles'!$I$5:$I$37,0))) | D54: =IF($A54="","",INDEX('Biblioteca de Controles'!$D$5:$D$37,MATCH($A54,'Biblioteca de Controles'!$I$5:$I$37,0)))
A55: =IF(29<=COUNTIF('Biblioteca de Controles'!$H$5:$H$37,1),29,"") | B55: =IF($A55="","",INDEX('Biblioteca de Controles'!$B$5:$B$37,MATCH($A55,'Biblioteca de Controles'!$I$5:$I$37,0))) | C55: =IF($A55="","",INDEX('Biblioteca de Controles'!$C$5:$C$37,MATCH($A55,'Biblioteca de Controles'!$I$5:$I$37,0))) | D55: =IF($A55="","",INDEX('Biblioteca de Controles'!$D$5:$D$37,MATCH($A55,'Biblioteca de Controles'!$I$5:$I$37,0)))
A56: =IF(30<=COUNTIF('Biblioteca de Controles'!$H$5:$H$37,1),30,"") | B56: =IF($A56="","",INDEX('Biblioteca de Controles'!$B$5:$B$37,MATCH($A56,'Biblioteca de Controles'!$I$5:$I$37,0))) | C56: =IF($A56="","",INDEX('Biblioteca de Controles'!$C$5:$C$37,MATCH($A56,'Biblioteca de Controles'!$I$5:$I$37,0))) | D56: =IF($A56="","",INDEX('Biblioteca de Controles'!$D$5:$D$37,MATCH($A56,'Biblioteca de Controles'!$I$5:$I$37,0)))
A57: =IF(31<=COUNTIF('Biblioteca de Controles'!$H$5:$H$37,1),31,"") | B57: =IF($A57="","",INDEX('Biblioteca de Controles'!$B$5:$B$37,MATCH($A57,'Biblioteca de Controles'!$I$5:$I$37,0))) | C57: =IF($A57="","",INDEX('Biblioteca de Controles'!$C$5:$C$37,MATCH($A57,'Biblioteca de Controles'!$I$5:$I$37,0))) | D57: =IF($A57="","",INDEX('Biblioteca de Controles'!$D$5:$D$37,MATCH($A57,'Biblioteca de Controles'!$I$5:$I$37,0)))
A58: =IF(32<=COUNTIF('Biblioteca de Controles'!$H$5:$H$37,1),32,"") | B58: =IF($A58="","",INDEX('Biblioteca de Controles'!$B$5:$B$37,MATCH($A58,'Biblioteca de Controles'!$I$5:$I$37,0))) | C58: =IF($A58="","",INDEX('Biblioteca de Controles'!$C$5:$C$37,MATCH($A58,'Biblioteca de Controles'!$I$5:$I$37,0))) | D58: =IF($A58="","",INDEX('Biblioteca de Controles'!$D$5:$D$37,MATCH($A58,'Biblioteca de Controles'!$I$5:$I$37,0)))
A59: =IF(33<=COUNTIF('Biblioteca de Controles'!$H$5:$H$37,1),33,"") | B59: =IF($A59="","",INDEX('Biblioteca de Controles'!$B$5:$B$37,MATCH($A59,'Biblioteca de Controles'!$I$5:$I$37,0))) | C59: =IF($A59="","",INDEX('Biblioteca de Controles'!$C$5:$C$37,MATCH($A59,'Biblioteca de Controles'!$I$5:$I$37,0))) | D59: =IF($A59="","",INDEX('Biblioteca de Controles'!$D$5:$D$37,MATCH($A59,'Biblioteca de Controles'!$I$5:$I$37,0)))
A61: Aviso: las recomendaciones son orientativas y se generan a partir de reglas editables; no sustituyen el criterio del profesional en higiene ocupacional ni la evaluación médica. Referencias: ACGIH (Heat Stress and Strain), ISO 7933:2023, NIOSH (2016).

Sheet Biblioteca de Controles
A1: Biblioteca de Controles – reglas del Plan de Control (editable)
A2: Cada fila es una recomendación. Se incluye en el plan cuando la severidad ACGIH ≥ 'Sev. mín.' y se cumplen las condiciones 1 y 2 (códigos de la hoja 'Plan de Control', columna F). Puede editar textos, agregar filas al final (copie las fórmulas de H e I) o cambiar los umbrales. Las celdas que empiezan con = son recomendaciones dinámicas.
A4: # | B4: Nivel | C4: Tipo de control | D4: Recomendación | E4: Sev. mín. | F4: Condición 1 | G4: Condición 2 | H4: Aplica | I4: N° en plan
A5: 1 | B5: Prioridad inmediata | C5: Tiempo de exposición (PHS) | D5: ="PHS: el modelo estima que se alcanza el límite fisiológico ("&PHS!$B$28&") a los "&'Motor PHS'!$B$50&" min de exposición continua, antes de completar los "&'Motor PHS'!$B$25&" min evaluados. Limite la exposición continua a un máximo de "&'Motor PHS'!$B$50&" min y programe recuperación en un área fresca antes de reanudar la tarea." | E5: 0 | F5: PHS_LIM | G5: S | H5: =IF(AND('Plan de Control'!$D$11>=E5,IFERROR(INDEX('Plan de Control'!$G$5:$G$19,MATCH(F5,'Plan de Control'!$F$5:$F$19,0)),0)=1,IFERROR(INDEX('Plan de Control'!$G$5:$G$19,MATCH(G5,'Plan de Control'!$F$5:$F$19,0)),0)=1),1,0) | I5: =IF(H5=1,COUNTIF(H$5:H5,1),0)
A6: 2 | B6: Prioridad inmediata | C6: Riesgo extremo | D6: Riesgo EXTREMADAMENTE ALTO: suspender o restringir la tarea hasta implementar controles de ingeniería significativos (rediseño del proceso, aislamiento de la fuente de calor, enfriamiento). Sin mejoras sustanciales la exposición puede ser insostenible; si debe continuar, solo con exposiciones cortas, enfriamiento intercalado y supervisión médica continua. | E6: 5 | F6: S | G6: S | H6: =IF(AND('Plan de Control'!$D$11>=E6,IFERROR(INDEX('Plan de Control'!$G$5:$G$19,MATCH(F6,'Plan de Control'!$F$5:$F$19,0)),0)=1,IFERROR(INDEX('Plan de Control'!$G$5:$G$19,MATCH(G6,'Plan de Control'!$F$5:$F$19,0)),0)=1),1,0) | I6: =IF(H6=1,COUNTIF(H$5:H6,1),0)
A7: 3 | B7: Prioridad inmediata | C7: Eliminación / Sustitución | D7: Evaluar eliminar o sustituir la exposición: automatización o teleoperación, mecanización, prefabricación en áreas frescas, o reprogramar trabajos no urgentes (p. ej., mantenimiento con equipos fríos o durante paradas de planta). | E7: 4 | F7: S | G7: S | H7: =IF(AND('Plan de Control'!$D$11>=E7,IFERROR(INDEX('Plan de Control'!$G$5:$G$19,MATCH(F7,'Plan de Control'!$F$5:$F$19,0)),0)=1,IFERROR(INDEX('Plan de Control'!$G$5:$G$19,MATCH(G7,'Plan de Control'!$F$5:$F$19,0)),0)=1),1,0) | I7: =IF(H7=1,COUNTIF(H$5:H7,1),0)
A8: 4 | B8: Prioridad inmediata | C8: EPP / Ropa | D8: Ropa con barrera de vapor (CAV ≥ 10 °C): limite su uso a lo estrictamente necesario, con tiempos de exposición cortos, enfriamiento personal (chalecos o prendas enfriadas) y monitoreo fisiológico. El modelo PHS no aplica a este tipo de ropa. | E8: 1 | F8: BARRERA | G8: S | H8: =IF(AND('Plan de Control'!$D$11>=E8,IFERROR(INDEX('Plan de Control'!$G$5:$G$19,MATCH(F8,'Plan de Control'!$F$5:$F$19,0)),0)=1,IFERROR(INDEX('Plan de Control'!$G$5:$G$19,MATCH(G8,'Plan de Control'!$F$5:$F$19,0)),0)=1),1,0) | I8: =IF(H8=1,COUNTIF(H$5:H8,1),0)
A9: 5 | B9: Nivel 1 – General | C9: Gestión | D9: Establecer o mantener un Programa de Gestión de Estrés Térmico (PGET) documentado: responsables, mediciones de línea base, controles por nivel, capacitación, vigilancia médica y respuesta a emergencias. | E9: 2 | F9: S | G9: S | H9: =IF(AND('Plan de Control'!$D$11>=E9,IFERROR(INDEX('Plan de Control'!$G$5:$G$19,MATCH(F9,'Plan de Control'!$F$5:$F$19,0)),0)=1,IFERROR(INDEX('Plan de Control'!$G$5:$G$19,MATCH(G9,'Plan de Control'!$F$5:$F$19,0)),0)=1),1,0) | I9: =IF(H9=1,COUNTIF(H$5:H9,1),0)
A10: 6 | B10: Nivel 1 – General | C10: Medición | D10: Medir el WBGT en el puesto de trabajo con instrumento calibrado (verificación anual) en los períodos pico de calor y ante cambios de proceso o de estación; registrar hora, lugar y condiciones climáticas. | E10: 2 | F10: S | G10: S | H10: =IF(AND('Plan de Control'!$D$11>=E10,IFERROR(INDEX('Plan de Control'!$G$5:$G$19,MATCH(F10,'Plan de Control'!$F$5:$F$19,0)),0)=1,IFERROR(INDEX('Plan de Control'!$G$5:$G$19,MATCH(G10,'Plan de Control'!$F$5:$F$19,0)),0)=1),1,0) | I10: =IF(H10=1,COUNTIF(H$5:H10,1),0)
A11: 7 | B11: Nivel 1 – General | C11: Hidratación | D11: Disponer de agua potable fresca, accesible y sin límite en el puesto de trabajo; promover el consumo periódico (≈ 1 vaso de 200–250 mL cada 15–20 min) sin superar ≈ 1.4 L/h. | E11: 1 | F11: S | G11: S | H11: =IF(AND('Plan de Control'!$D$11>=E11,IFERROR(INDEX('Plan de Control'!$G$5:$G$19,MATCH(F11,'Plan de Control'!$F$5:$F$19,0)),0)=1,IFERROR(INDEX('Plan de Control'!$G$5:$G$19,MATCH(G11,'Plan de Control'!$F$5:$F$19,0)),0)=1),1,0) | I11: =IF(H11=1,COUNTIF(H$5:H11,1),0)
A12: 8 | B12: Nivel 1 – General | C12: Administrativo | D12: Establecer pausas frecuentes en un área fresca, sombreada o climatizada cercana al puesto de trabajo (idealmente < 28 °C). | E12: 2 | F12: S | G12: S | H12: =IF(AND('Plan de Control'!$D$11>=E12,IFERROR(INDEX('Plan de Control'!$G$5:$G$19,MATCH(F12,'Plan de Control'!$F$5:$F$19,0)),0)=1,IFERROR(INDEX('Plan de Control'!$G$5:$G$19,MATCH(G12,'Plan de Control'!$F$5:$F$19,0)),0)=1),1,0) | I12: =IF(H12=1,COUNTIF(H$5:H12,1),0)
A13: 9 | B13: Nivel 1 – General | C13: Aclimatación | D13: Aplicar protocolo de aclimatación a trabajadores nuevos o que retornan tras una ausencia prolongada: 20 % de la carga de trabajo el día 1 y aumento de 20 % por día hasta llegar al 100 % (5 días). | E13: 1 | F13: NOACL | G13: S | H13: =IF(AND('Plan de Control'!$D$11>=E13,IFERROR(INDEX('Plan de Control'!$G$5:$G$19,MATCH(F13,'Plan de Control'!$F$5:$F$19,0)),0)=1,IFERROR(INDEX('Plan de Control'!$G$5:$G$19,MATCH(G13,'Plan de Control'!$F$5:$F$19,0)),0)=1),1,0) | I13: =IF(H13=1,COUNTIF(H$5:H13,1),0)
A14: 10 | B14: Nivel 1 – General | C14: Capacitación | D14: Capacitar a trabajadores y supervisores en reconocimiento de la enfermedad por calor (calambres, agotamiento, golpe de calor), primeros auxilios y sistema de compañeros; actualizar la capacitación cada año. | E14: 1 | F14: S | G14: S | H14: =IF(AND('Plan de Control'!$D$11>=E14,IFERROR(INDEX('Plan de Control'!$G$5:$G$19,MATCH(F14,'Plan de Control'!$F$5:$F$19,0)),0)=1,IFERROR(INDEX('Plan de Control'!$G$5:$G$19,MATCH(G14,'Plan de Control'!$F$5:$F$19,0)),0)=1),1,0) | I14: =IF(H14=1,COUNTIF(H$5:H14,1),0)
A15: 11 | B15: Nivel 1 – General | C15: Vigilancia de síntomas | D15: Vigilar durante la jornada los síntomas tempranos (fatiga, mareo, náuseas, cefalea) mediante supervisores y sistema de compañeros. | E15: 2 | F15: S | G15: S | H15: =IF(AND('Plan de Control'!$D$11>=E15,IFERROR(INDEX('Plan de Control'!$G$5:$G$19,MATCH(F15,'Plan de Control'!$F$5:$F$19,0)),0)=1,IFERROR(INDEX('Plan de Control'!$G$5:$G$19,MATCH(G15,'Plan de Control'!$F$5:$F$19,0)),0)=1),1,0) | I15: =IF(H15=1,COUNTIF(H$5:H15,1),0)
A16: 12 | B16: Nivel 1 – General | C16: Vigilancia médica | D16: Evaluación médica de ingreso y periódica con énfasis en factores de riesgo (edad, condiciones cardiovasculares o metabólicas, medicamentos, enfermedad reciente, hidratación) dentro de un programa de vigilancia médica. | E16: 2 | F16: S | G16: S | H16: =IF(AND('Plan de Control'!$D$11>=E16,IFERROR(INDEX('Plan de Control'!$G$5:$G$19,MATCH(F16,'Plan de Control'!$F$5:$F$19,0)),0)=1,IFERROR(INDEX('Plan de Control'!$G$5:$G$19,MATCH(G16,'Plan de Control'!$F$5:$F$19,0)),0)=1),1,0) | I16: =IF(H16=1,COUNTIF(H$5:H16,1),0)
A17: 13 | B17: Nivel 1 – General | C17: Emergencia | D17: Contar con procedimiento de emergencia para golpe de calor: enfriamiento inmediato (inmersión en agua fría o compresas de hielo), llamado a servicios de emergencia, comunicación en campo y agua con electrolitos preposicionada. | E17: 2 | F17: S | G17: S | H17: =IF(AND('Plan de Control'!$D$11>=E17,IFERROR(INDEX('Plan de Control'!$G$5:$G$19,MATCH(F17,'Plan de Control'!$F$5:$F$19,0)),0)=1,IFERROR(INDEX('Plan de Control'!$G$5:$G$19,MATCH(G17,'Plan de Control'!$F$5:$F$19,0)),0)=1),1,0) | I17: =IF(H17=1,COUNTIF(H$5:H17,1),0)
A18: 14 | B18: Nivel 1 – General | C18: Hidratación (PHS) | D18: ="Pérdida de agua estimada por PHS: "&ROUND('Motor PHS'!$B$55,1)&" L en "&'Motor PHS'!$B$25&" min (≈ "&ROUND('Motor PHS'!$B$56,1)&" L/h). Use este valor para planificar la disponibilidad de agua por turno." | E18: 0 | F18: PHS_OK | G18: S | H18: =IF(AND('Plan de Control'!$D$11>=E18,IFERROR(INDEX('Plan de Control'!$G$5:$G$19,MATCH(F18,'Plan de Control'!$F$5:$F$19,0)),0)=1,IFERROR(INDEX('Plan de Control'!$G$5:$G$19,MATCH(G18,'Plan de Control'!$F$5:$F$19,0)),0)=1),1,0) | I18: =IF(H18=1,COUNTIF(H$5:H18,1),0)
A19: 15 | B19: Nivel 1 – General | C19: Hidratación (PHS) | D19: ="La pérdida de agua estimada ("&ROUND('Motor PHS'!$B$56,1)&" L/h) supera la ingesta oral recomendada (≈ 1.4 L/h): la reposición completa no es viable. Reduzca la carga térmica o alterne exposición y recuperación en área fresca." | E19: 0 | F19: PHS_SW_HIGH | G19: S | H19: =IF(AND('Plan de Control'!$D$11>=E19,IFERROR(INDEX('Plan de Control'!$G$5:$G$19,MATCH(F19,'Plan de Control'!$F$5:$F$19,0)),0)=1,IFERROR(INDEX('Plan de Control'!$G$5:$G$19,MATCH(G19,'Plan de Control'!$F$5:$F$19,0)),0)=1),1,0) | I19: =IF(H19=1,COUNTIF(H$5:H19,1),0)
A20: 16 | B20: Nivel 2 – Específico | C20: Ingeniería | D20: Proveer sombra (toldos, carpas, cubiertas) en el frente de trabajo y en las áreas de descanso para labores a la intemperie. | E20: 3 | F20: EXT | G20: S | H20: =IF(AND('Plan de Control'!$D$11>=E20,IFERROR(INDEX('Plan de Control'!$G$5:$G$19,MATCH(F20,'Plan de Control'!$F$5:$F$19,0)),0)=1,IFERROR(INDEX('Plan de Control'!$G$5:$G$19,MATCH(G20,'Plan de Control'!$F$5:$F$19,0)),0)=1),1,0) | I20: =IF(H20=1,COUNTIF(H$5:H20,1),0)
A21: 17 | B21: Nivel 2 – Específico | C21: Ingeniería | D21: Instalar apantallamiento o barreras reflectivas y aislamiento en fuentes de calor radiante (hornos, calderas, superficies calientes); aumentar la distancia entre el trabajador y la fuente. | E21: 3 | F21: RAD | G21: S | H21: =IF(AND('Plan de Control'!$D$11>=E21,IFERROR(INDEX('Plan de Control'!$G$5:$G$19,MATCH(F21,'Plan de Control'!$F$5:$F$19,0)),0)=1,IFERROR(INDEX('Plan de Control'!$G$5:$G$19,MATCH(G21,'Plan de Control'!$F$5:$F$19,0)),0)=1),1,0) | I21: =IF(H21=1,COUNTIF(H$5:H21,1),0)
A22: 18 | B22: Nivel 2 – Específico | C22: Ingeniería | D22: Mejorar la ventilación general y usar extracción localizada en la fuente de calor o humedad. | E22: 3 | F22: INTERIOR | G22: S | H22: =IF(AND('Plan de Control'!$D$11>=E22,IFERROR(INDEX('Plan de Control'!$G$5:$G$19,MATCH(F22,'Plan de Control'!$F$5:$F$19,0)),0)=1,IFERROR(INDEX('Plan de Control'!$G$5:$G$19,MATCH(G22,'Plan de Control'!$F$5:$F$19,0)),0)=1),1,0) | I22: =IF(H22=1,COUNTIF(H$5:H22,1),0)
A23: 19 | B23: Nivel 2 – Específico | C23: Ingeniería | D23: Proporcionar enfriamiento del aire (aire acondicionado o enfriamiento evaporativo cuando la humedad lo permita) o enfriamiento localizado y ventiladores. Con aire cercano o por encima de la temperatura de la piel (≈ 35 °C) los ventiladores pueden no proteger: priorice enfriar el aire. | E23: 3 | F23: INTERIOR | G23: S | H23: =IF(AND('Plan de Control'!$D$11>=E23,IFERROR(INDEX('Plan de Control'!$G$5:$G$19,MATCH(F23,'Plan de Control'!$F$5:$F$19,0)),0)=1,IFERROR(INDEX('Plan de Control'!$G$5:$G$19,MATCH(G23,'Plan de Control'!$F$5:$F$19,0)),0)=1),1,0) | I23: =IF(H23=1,COUNTIF(H$5:H23,1),0)
A24: 20 | B24: Nivel 2 – Específico | C24: Ingeniería | D24: Controlar fuentes de vapor y humedad (fugas de vapor, procesos húmedos) y deshumidificar cuando sea viable: con alta humedad la evaporación del sudor es limitada y el enfriamiento del cuerpo es menos eficaz. | E24: 3 | F24: HUM | G24: S | H24: =IF(AND('Plan de Control'!$D$11>=E24,IFERROR(INDEX('Plan de Control'!$G$5:$G$19,MATCH(F24,'Plan de Control'!$F$5:$F$19,0)),0)=1,IFERROR(INDEX('Plan de Control'!$G$5:$G$19,MATCH(G24,'Plan de Control'!$F$5:$F$19,0)),0)=1),1,0) | I24: =IF(H24=1,COUNTIF(H$5:H24,1),0)
A25: 21 | B25: Nivel 2 – Específico | C25: Ingeniería | D25: Reducir la carga metabólica mediante diseño del trabajo: mecanización, ayudas para levantar y transportar, herramientas apropiadas y reducción de las demandas físicas donde sea factible. | E25: 3 | F25: S | G25: S | H25: =IF(AND('Plan de Control'!$D$11>=E25,IFERROR(INDEX('Plan de Control'!$G$5:$G$19,MATCH(F25,'Plan de Control'!$F$5:$F$19,0)),0)=1,IFERROR(INDEX('Plan de Control'!$G$5:$G$19,MATCH(G25,'Plan de Control'!$F$5:$F$19,0)),0)=1),1,0) | I25: =IF(H25=1,COUNTIF(H$5:H25,1),0)
A26: 22 | B26: Nivel 2 – Específico | C26: Administrativo | D26: Programar las tareas más pesadas en las horas de menor carga térmica (iniciar más temprano o más tarde) y alternarlas con tareas más frías. | E26: 3 | F26: EXT | G26: S | H26: =IF(AND('Plan de Control'!$D$11>=E26,IFERROR(INDEX('Plan de Control'!$G$5:$G$19,MATCH(F26,'Plan de Control'!$F$5:$F$19,0)),0)=1,IFERROR(INDEX('Plan de Control'!$G$5:$G$19,MATCH(G26,'Plan de Control'!$F$5:$F$19,0)),0)=1),1,0) | I26: =IF(H26=1,COUNTIF(H$5:H26,1),0)
A27: 23 | B27: Nivel 2 – Específico | C27: Administrativo | D27: Acortar la duración de los ciclos trabajo-descanso y rotar a los trabajadores entre ambientes calurosos y frescos. | E27: 3 | F27: S | G27: S | H27: =IF(AND('Plan de Control'!$D$11>=E27,IFERROR(INDEX('Plan de Control'!$G$5:$G$19,MATCH(F27,'Plan de Control'!$F$5:$F$19,0)),0)=1,IFERROR(INDEX('Plan de Control'!$G$5:$G$19,MATCH(G27,'Plan de Control'!$F$5:$F$19,0)),0)=1),1,0) | I27: =IF(H27=1,COUNTIF(H$5:H27,1),0)
A28: 24 | B28: Nivel 2 – Específico | C28: Administrativo | D28: Reforzar la supervisión y el monitoreo: verificar el cumplimiento de pausas, la disponibilidad de agua y la aparición de síntomas. | E28: 3 | F28: S | G28: S | H28: =IF(AND('Plan de Control'!$D$11>=E28,IFERROR(INDEX('Plan de Control'!$G$5:$G$19,MATCH(F28,'Plan de Control'!$F$5:$F$19,0)),0)=1,IFERROR(INDEX('Plan de Control'!$G$5:$G$19,MATCH(G28,'Plan de Control'!$F$5:$F$19,0)),0)=1),1,0) | I28: =IF(H28=1,COUNTIF(H$5:H28,1),0)
A29: 25 | B29: Nivel 2 – Específico | C29: Administrativo | D29: Alta demanda metabólica (≥ 300 W): distribuir el esfuerzo entre más personas, permitir ritmos de trabajo autorregulados y evitar picos de esfuerzo continuo. | E29: 2 | F29: MET | G29: S | H29: =IF(AND('Plan de Control'!$D$11>=E29,IFERROR(INDEX('Plan de Control'!$G$5:$G$19,MATCH(F29,'Plan de Control'!$F$5:$F$19,0)),0)=1,IFERROR(INDEX('Plan de Control'!$G$5:$G$19,MATCH(G29,'Plan de Control'!$F$5:$F$19,0)),0)=1),1,0) | I29: =IF(H29=1,COUNTIF(H$5:H29,1),0)
A30: 26 | B30: Nivel 2 – Específico | C30: Vigilancia médica | D30: Aumentar la frecuencia de la vigilancia médica y priorizar la revisión de los trabajadores más expuestos o susceptibles. | E30: 3 | F30: S | G30: S | H30: =IF(AND('Plan de Control'!$D$11>=E30,IFERROR(INDEX('Plan de Control'!$G$5:$G$19,MATCH(F30,'Plan de Control'!$F$5:$F$19,0)),0)=1,IFERROR(INDEX('Plan de Control'!$G$5:$G$19,MATCH(G30,'Plan de Control'!$F$5:$F$19,0)),0)=1),1,0) | I30: =IF(H30=1,COUNTIF(H$5:H30,1),0)
A31: 27 | B31: Nivel 2 – Específico | C31: EPP / Ropa | D31: Usar ropa reflectante o de color claro y protección facial/ocular para reducir la carga de calor radiante. | E31: 3 | F31: RADIANTE | G31: S | H31: =IF(AND('Plan de Control'!$D$11>=E31,IFERROR(INDEX('Plan de Control'!$G$5:$G$19,MATCH(F31,'Plan de Control'!$F$5:$F$19,0)),0)=1,IFERROR(INDEX('Plan de Control'!$G$5:$G$19,MATCH(G31,'Plan de Control'!$F$5:$F$19,0)),0)=1),1,0) | I31: =IF(H31=1,COUNTIF(H$5:H31,1),0)
... A37: 33 | B37: Nivel 3 – Monitoreo | C37: Criterios de suspensión | D37: DETENER el trabajo y llevar al trabajador a un área fresca ante cualquier criterio anterior; el supervisor no debe permitir que continúe aunque el trabajador lo solicite. Proporcionar evaluación médica, documentar el incidente y revisar los controles. | E37: 4 | F37: S | G37: S | H37: =IF(AND('Plan de Control'!$D$11>=E37,IFERROR(INDEX('Plan de Control'!$G$5:$G$19,MATCH(F37,'Plan de Control'!$F$5:$F$19,0)),0)=1,IFERROR(INDEX('Plan de Control'!$G$5:$G$19,MATCH(G37,'Plan de Control'!$F$5:$F$19,0)),0)=1),1,0) | I37: =IF(H37=1,COUNTIF(H$5:H37,1),0)

Sheet Motor PHS
A1: Motor PHS – ISO 7933:2023 (cálculo minuto a minuto)
A2: Hoja de cálculo interna: no edite. Los datos se ingresan en 'Análisis Detallado' y 'PHS'. Ecuaciones según la implementación de referencia de ISO 7933:2023 (pythermalcomfort 4.6.0). Máx. 720 min.
A3: PARÁMETROS GLOBALES | B3: Valor | C3: Nota
A4: Peso (kg) | B4: =IF(N(PHS!B5)>0,PHS!B5,75) | C4: Si está vacío se usa 75 kg
A5: Estatura (m) | B5: =IF(N(PHS!B6)>0,PHS!B6,1.8) | C5: Si está vacío se usa 1.80 m
A6: Superficie corporal DuBois (m²) | B6: =0.202*B4^0.425*B5^0.725
A7: Calor específico corporal (W·min/m²/°C) | B7: =58.15*B4/B6 | C7: 58.15 W/m² por met
A8: Postura | B8: =PHS!B7
A9: Área radiante (fracción DuBois) | B9: =IF(B8="Sentado",0.7,IF(B8="En cuclillas",0.67,0.77)) | C9: De pie 0.77; sentado 0.70; en cuclillas 0.67
A10: Aclimatado (1/0) | B10: =IF(PHS!B8="Aclimatado",1,0)
A11: Sudoración máxima (W/m²) | B11: =IF(B10=1,500,400) | C11: ISO 7933:2023
A12: Humedad de piel máxima | B12: =IF(B10=1,1,0.85)
A13: Aislamiento de ropa clo | B13: =IF(AND(ISNUMBER(PHS!B9),N(PHS!B9)>0),PHS!B9,0.6)
A14: Factor de área de ropa fcl | B14: =1+0.28*B13 | C14: ISO 7933:2023
A15: Aislamiento estático total (m²K/W) | B15: =B13*0.155+0.111/B14
A16: Índice de permeabilidad estática i_mst | B16: 0.38 | C16: Valor por defecto
A17: Fracción de área con ropa reflectiva a_p | B17: 0.54 | C17: Valor por defecto
A18: Coeficiente de reflexión f_r | B18: 0.42 | C18: Valor por defecto (2023)
A19: f_cl_r | B19: =(1-B17)*0.97+B17*(1-B18)
A20: Constante radiativa | B20: =5.67E-8*B9
A21: Pérdida de agua máx. tolerable (g) | B21: =0.05*B4*1000 | C21: 5 % del peso, hidratación libre
A22: Velocidad de caminata ingresada (m/s) | B22: =N(PHS!B10) | C22: 0 = estimada
A23: Diámetro del globo (m) | B23: =IF(N(PHS!B11)>0,PHS!B11/1000,0.15)
A24: Emisividad del globo | B24: =IF(N(PHS!B12)>0,PHS!B12,0.95)
A25: Duración total (min) | B25: =SUM(C61:C68) | C25: Suma de tareas
A26: Constante exp(-1/10) (Tcr eq.) | B26: =EXP(-1/10)
A27: Constante exp(-1/3) (Tsk) | B27: =EXP(-1/3)
A28: Constante exp(-1/10) (sudor) | B28: =EXP(-1/10)
A29: Tsk inicial (°C) | B29: 34.1
A30: Tcr inicial (°C) | B30: 36.8
A31: Tre inicial (°C) | B31: 36.8
A32: Tcr_eq inicial (°C) | B32: 36.8
A33: Peso Tsk/Tcr inicial | B33: 0.3
A34: Sudoración inicial (W/m²) | B34: 0
A35: Carga evaporativa inicial | B35: 0
A36: Límite de Tre (°C) | B36: 38 | C36: ISO 7933
A38: Tareas usadas | B38: =SUM($E$61:$E$68)
A39: Tareas con datos incompletos | B39: =SUMPRODUCT(($E$61:$E$68=1)*($F$61:$F$68=0))
A40: Datos completos y válidos para simular (1/0) | B40: =IF(AND(B25>0,B39=0,B25<=720,N(PHS!B5)>0,N(PHS!B6)>0),1,0)
A41: Tareas fuera de rango ISO 7933 | B41: =SUMPRODUCT(($E$61:$E$68=1)*($F$61:$F$68=1)*(1-$AP$61:$AP$68))
A42: Clo dentro de rango (1/0) | B42: =IF(AND(ISNUMBER(PHS!B9),N(PHS!B9)>='Datos de Referencia'!B28,N(PHS!B9)<='Datos de Referencia'!C28),1,0)
A43: Ropa con barrera de vapor (CAV ≥ 10) (1/0) | B43: =IF(N('Análisis Detallado'!B19)>=10,1,0)
A44: Tareas con M < 56 W/m² (advertencia) | B44: =SUMPRODUCT(($E$61:$E$68=1)*($F$61:$F$68=1)*(1-$AO$61:$AO$68))
A45: Estado (0 sin datos, 1 válido, 2 válido con advertencia, 3 no aplicable) | B45: =IF(B40=0,0,IF(OR(B41>0,B42=0,B43=1),3,IF(B44>0,2,1)))
A46: Primer minuto con Tre ≥ 38 °C | B46: =IFERROR(MATCH(1,$AW$74:$AW$793,0),0)
A47: Primer minuto con pérdida de agua ≥ límite | B47: =IFERROR(MATCH(1,$AX$74:$AX$793,0),0)
A48: Tre límite alcanzada dentro de la exposición (1/0) | B48: =IF(AND(B46>0,B46<=B25),1,0)
A49: Pérdida de agua límite alcanzada dentro de la exposición (1/0) | B49: =IF(AND(B47>0,B47<=B25),1,0)
A50: Dlim: tiempo máximo de exposición (min) | B50: =IF(B25>0,MIN(IF(B48=1,B46,B25),IF(B49=1,B47,B25)),0)
A51: Límite fisiológico alcanzado (1/0) | B51: =IF(AND(OR(B45=1,B45=2),OR(B48=1,B49=1)),1,0)
A52: Tre al final (°C) | B52: =IF(B25>0,INDEX($AT$74:$AT$793,MIN(B25,720)),0)
A53: Tre máxima (°C) | B53: =IF(B25>0,SUMPRODUCT(MAX(($A$74:$A$793<=B25)*$AT$74:$AT$793)),0)
A54: Pérdida de agua total (g) | B54: =IF(B25>0,INDEX($AV$74:$AV$793,MIN(B25,720)),0)
A55: Pérdida de agua total (L) | B55: =B54/1000
A56: Pérdida de agua promedio (L/h) | B56: =IF(B25>0,B55/(B25/60),0)
A57: Pérdida de agua (% del peso) | B57: =B54/(B4*1000)*100
A59: TAREAS (desde 'Análisis Detallado')
A60: # | B60: Actividad | C60: Dur. (min) | D60: Inicio (min) | E60: Usada | F60: Completa | G60: Tbs | H60: Tg | I60: HR | J60: v | K60: M (W) | L60: Tr | M60: Pa | N60: M (W/m²) | O60: walk | P60: v_r | Q60: v_ux | R60: w_ux | S60: corr_cl | T60: corr_ia | U60: corr_tot | V60: i_tot_dyn | W60: i_a_dyn | X60: i_cl_dyn | Y60: corr_e | Z60: im_dyn | AA60: r_t_dyn | AB60: t_exp | AC60: c_res | AD60: e_res | AE60: z | AF60: hc_dyn | AG60: Tcr_eq(M) | AH60: Tsk_eq cl base | AI60: Tsk_eq nu base | AJ60: ok Tbs | AK60: ok Tr-Tbs | AL60: ok v | AM60: ok Pa | AN60: ok M≤250 | AO60: ok M≥56 | AP60: válido | AQ60: Mensaje
A61: 1 | B61: =IF('Análisis Detallado'!B4="","",'Análisis Detallado'!B4) | C61: =IF(N('Análisis Detallado'!C4)>0,ROUND('Análisis Detallado'!C4*60,0),0) | D61: =SUM($C$61:C61)-C61 | E61: =IF(C61>0,1,0) | F61: =IF(C61>0,IF(AND(ISNUMBER('Análisis Detallado'!G4),ISNUMBER('Análisis Detallado'!H4),ISNUMBER('Análisis Detallado'!I4),ISNUMBER('Análisis Detallado'!J4),ISNUMBER('Análisis Detallado'!E4)),IF(AND('Análisis Detallado'!E4>0,'Análisis Detallado'!I4>=0,'Análisis Detallado'!I4<=100,'Análisis Detallado'!J4>=0),1,0),0),0) | G61: =IF(F61=1,'Análisis Detallado'!G4,25) | H61: =IF(F61=1,'Análisis Detallado'!H4,25) | I61: =IF(F61=1,'Análisis Detallado'!I4,50) | J61: =IF(F61=1,'Análisis Detallado'!J4,0.3) | K61: =IF(F61=1,'Análisis Detallado'!E4,115) | L61: =((H61+273)^4+MAX(6.3*J61^0.6/$B$23^0.4,1.4*(ABS(H61-G61)/$B$23)^0.25)*(H61-G61)/($B$24*0.0000000567))^0.25-273 | M61: =0.6105*EXP(17.27*G61/(G61+237.3))*I61/100 | N61: =K61/$B$6 | O61: =IF($B$22>0,$B$22,MIN(0.0052*(N61-58),0.7)) | P61: =IF($B$22>0,IF(J61<$B$22,$B$22,J61),J61) | Q61: =MIN(P61,3) | R61: =MIN(O61,1.5) | S61: =MIN(1.044*EXP((0.066*Q61-0.398)*Q61+(0.094*R61-0.378)*R61),1) | T61: =MIN(EXP((0.047*P61-0.472)*P61+(0.117*R61-0.342)*R61),1) | U61: =IF($B$13<=0.6,((0.6-$B$13)*T61+$B$13*S61)/0.6,S61) | V61: =$B$15*U61 | W61: =T61*0.111 | X61: =V61-W61/$B$14 | Y61: =(2.6*U61-6.5)*U61+4.9 | Z61: =MIN($B$16*Y61,0.9) | AA61: =V61/Z61/16.7 | AB61: =28.56+0.115*G61+0.641*M61 | AC61: =0.001516*N61*(AB61-G61) | AD61: =0.00127*N61*(59.34+0.53*G61-11.63*M61) | AE61: =IF(P61>1,8.7*P61^0.6,3.5+5.2*P61) | AF61: =MAX(2.38*ABS((L61+0.1)-G61)^0.25,AE61) | AG61: =0.0036*N61+36.6 | AH61: =12.165+0.02017*G61+0.04361*L61+0.19354*M61-0.25315*J61+0.005346*N61 | AI61: =7.191+0.064*G61+0.061*L61+0.198*M61-0.348*J61 | AJ61: =IF(AND(G61>='Datos de Referencia'!$B$23,G61<='Datos de Referencia'!$C$23),1,0) | AK61: =IF(AND(L61-G61>='Datos de Referencia'!$B$24,L61-G61<='Datos de Referencia'!$C$24),1,0) | AL61: =IF(AND(J61>='Datos de Referencia'!$B$25,J61<='Datos de Referencia'!$C$25),1,0) | AM61: =IF(AND(M61>='Datos de Referencia'!$B$26,M61<='Datos de Referencia'!$C$26),1,0) | AN61: =IF(N61<='Datos de Referencia'!$C$27,1,0) | AO61: =IF(N61>='Datos de Referencia'!$B$27,1,0) | AP61: =AJ61*AK61*AL61*AM61*AN61 | AQ61: =IF(E61=0,"",IF(F61=0,"Datos incompletos",IF(AP61=0,"Fuera de rango ISO 7933: "&IF(AJ61=0,"Tbs ","")&IF(AK61=0,"Tr-Tbs ","")&IF(AL61=0,"v ","")&IF(AM61=0,"Pa ","")&IF(AN61=0,"M>250 W/m² ",""),IF(AO61=0,"M<56 W/m² (advertencia)","OK"))))
A62: 2 | B62: =IF('Análisis Detallado'!B5="","",'Análisis Detallado'!B5) | C62: =IF(N('Análisis Detallado'!C5)>0,ROUND('Análisis Detallado'!C5*60,0),0) | D62: =SUM($C$61:C62)-C62 | E62: =IF(C62>0,1,0) | F62: =IF(C62>0,IF(AND(ISNUMBER('Análisis Detallado'!G5),ISNUMBER('Análisis Detallado'!H5),ISNUMBER('Análisis Detallado'!I5),ISNUMBER('Análisis Detallado'!J5),ISNUMBER('Análisis Detallado'!E5)),IF(AND('Análisis Detallado'!E5>0,'Análisis Detallado'!I5>=0,'Análisis Detallado'!I5<=100,'Análisis Detallado'!J5>=0),1,0),0),0) | G62: =IF(F62=1,'Análisis Detallado'!G5,25) | H62: =IF(F62=1,'Análisis Detallado'!H5,25) | I62: =IF(F62=1,'Análisis Detallado'!I5,50) | J62: =IF(F62=1,'Análisis Detallado'!J5,0.3) | K62: =IF(F62=1,'Análisis Detallado'!E5,115) | L62: =((H62+273)^4+MAX(6.3*J62^0.6/$B$23^0.4,1.4*(ABS(H62-G62)/$B$23)^0.25)*(H62-G62)/($B$24*0.0000000567))^0.25-273 | M62: =0.6105*EXP(17.27*G62/(G62+237.3))*I62/100 | N62: =K62/$B$6 | O62: =IF($B$22>0,$B$22,MIN(0.0052*(N62-58),0.7)) | P62: =IF($B$22>0,IF(J62<$B$22,$B$22,J62),J62) | Q62: =MIN(P62,3) | R62: =MIN(O62,1.5) | S62: =MIN(1.044*EXP((0.066*Q62-0.398)*Q62+(0.094*R62-0.378)*R62),1) | T62: =MIN(EXP((0.047*P62-0.472)*P62+(0.117*R62-0.342)*R62),1) | U62: =IF($B$13<=0.6,((0.6-$B$13)*T62+$B$13*S62)/0.6,S62) | V62: =$B$15*U62 | W62: =T62*0.111 | X62: =V62-W62/$B$14 | Y62: =(2.6*U62-6.5)*U62+4.9 | Z62: =MIN($B$16*Y62,0.9) | AA62: =V62/Z62/16.7 | AB62: =28.56+0.115*G62+0.641*M62 | AC62: =0.001516*N62*(AB62-G62) | AD62: =0.00127*N62*(59.34+0.53*G62-11.63*M62) | AE62: =IF(P62>1,8.7*P62^0.6,3.5+5.2*P62) | AF62: =MAX(2.38*ABS((L62+0.1)-G62)^0.25,AE62) | AG62: =0.0036*N62+36.6 | AH62: =12.165+0.02017*G62+0.04361*L62+0.19354*M62-0.25315*J62+0.005346*N62 | AI62: =7.191+0.064*G62+0.061*L62+0.198*M62-0.348*J62 | AJ62: =IF(AND(G62>='Datos de Referencia'!$B$23,G62<='Datos de Referencia'!$C$23),1,0) | AK62: =IF(AND(L62-G62>='Datos de Referencia'!$B$24,L62-G62<='Datos de Referencia'!$C$24),1,0) | AL62: =IF(AND(J62>='Datos de Referencia'!$B$25,J62<='Datos de Referencia'!$C$25),1,0) | AM62: =IF(AND(M62>='Datos de Referencia'!$B$26,M62<='Datos de Referencia'!$C$26),1,0) | AN62: =IF(N62<='Datos de Referencia'!$C$27,1,0) | AO62: =IF(N62>='Datos de Referencia'!$B$27,1,0) | AP62: =AJ62*AK62*AL62*AM62*AN62 | AQ62: =IF(E62=0,"",IF(F62=0,"Datos incompletos",IF(AP62=0,"Fuera de rango ISO 7933: "&IF(AJ62=0,"Tbs ","")&IF(AK62=0,"Tr-Tbs ","")&IF(AL62=0,"v ","")&IF(AM62=0,"Pa ","")&IF(AN62=0,"M>250 W/m² ",""),IF(AO62=0,"M<56 W/m² (advertencia)","OK"))))
A63: 3 | B63: =IF('Análisis Detallado'!B6="","",'Análisis Detallado'!B6) | C63: =IF(N('Análisis Detallado'!C6)>0,ROUND('Análisis Detallado'!C6*60,0),0) | D63: =SUM($C$61:C63)-C63 | E63: =IF(C63>0,1,0) | F63: =IF(C63>0,IF(AND(ISNUMBER('Análisis Detallado'!G6),ISNUMBER('Análisis Detallado'!H6),ISNUMBER('Análisis Detallado'!I6),ISNUMBER('Análisis Detallado'!J6),ISNUMBER('Análisis Detallado'!E6)),IF(AND('Análisis Detallado'!E6>0,'Análisis Detallado'!I6>=0,'Análisis Detallado'!I6<=100,'Análisis Detallado'!J6>=0),1,0),0),0) | G63: =IF(F63=1,'Análisis Detallado'!G6,25) | H63: =IF(F63=1,'Análisis Detallado'!H6,25) | I63: =IF(F63=1,'Análisis Detallado'!I6,50) | J63: =IF(F63=1,'Análisis Detallado'!J6,0.3) | K63: =IF(F63=1,'Análisis Detallado'!E6,115) | L63: =((H63+273)^4+MAX(6.3*J63^0.6/$B$23^0.4,1.4*(ABS(H63-G63)/$B$23)^0.25)*(H63-G63)/($B$24*0.0000000567))^0.25-273 | M63: =0.6105*EXP(17.27*G63/(G63+237.3))*I63/100 | N63: =K63/$B$6 | O63: =IF($B$22>0,$B$22,MIN(0.0052*(N63-58),0.7)) | P63: =IF($B$22>0,IF(J63<$B$22,$B$22,J63),J63) | Q63: =MIN(P63,3) | R63: =MIN(O63,1.5) | S63: =MIN(1.044*EXP((0.066*Q63-0.398)*Q63+(0.094*R63-0.378)*R63),1) | T63: =MIN(EXP((0.047*P63-0.472)*P63+(0.117*R63-0.342)*R63),1) | U63: =IF($B$13<=0.6,((0.6-$B$13)*T63+$B$13*S63)/0.6,S63) | V63: =$B$15*U63 | W63: =T63*0.111 | X63: =V63-W63/$B$14 | Y63: =(2.6*U63-6.5)*U63+4.9 | Z63: =MIN($B$16*Y63,0.9) | AA63: =V63/Z63/16.7 | AB63: =28.56+0.115*G63+0.641*M63 | AC63: =0.001516*N63*(AB63-G63) | AD63: =0.00127*N63*(59.34+0.53*G63-11.63*M63) | AE63: =IF(P63>1,8.7*P63^0.6,3.5+5.2*P63) | AF63: =MAX(2.38*ABS((L63+0.1)-G63)^0.25,AE63) | AG63: =0.0036*N63+36.6 | AH63: =12.165+0.02017*G63+0.04361*L63+0.19354*M63-0.25315*J63+0.005346*N63 | AI63: =7.191+0.064*G63+0.061*L63+0.198*M63-0.348*J63 | AJ63: =IF(AND(G63>='Datos de Referencia'!$B$23,G63<='Datos de Referencia'!$C$23),1,0) | AK63: =IF(AND(L63-G63>='Datos de Referencia'!$B$24,L63-G63<='Datos de Referencia'!$C$24),1,0) | AL63: =IF(AND(J63>='Datos de Referencia'!$B$25,J63<='Datos de Referencia'!$C$25),1,0) | AM63: =IF(AND(M63>='Datos de Referencia'!$B$26,M63<='Datos de Referencia'!$C$26),1,0) | AN63: =IF(N63<='Datos de Referencia'!$C$27,1,0) | AO63: =IF(N63>='Datos de Referencia'!$B$27,1,0) | AP63: =AJ63*AK63*AL63*AM63*AN63 | AQ63: =IF(E63=0,"",IF(F63=0,"Datos incompletos",IF(AP63=0,"Fuera de rango ISO 7933: "&IF(AJ63=0,"Tbs ","")&IF(AK63=0,"Tr-Tbs ","")&IF(AL63=0,"v ","")&IF(AM63=0,"Pa ","")&IF(AN63=0,"M>250 W/m² ",""),IF(AO63=0,"M<56 W/m² (advertencia)","OK"))))
A64: 4 | B64: =IF('Análisis Detallado'!B7="","",'Análisis Detallado'!B7) | C64: =IF(N('Análisis Detallado'!C7)>0,ROUND('Análisis Detallado'!C7*60,0),0) | D64: =SUM($C$61:C64)-C64 | E64: =IF(C64>0,1,0) | F64: =IF(C64>0,IF(AND(ISNUMBER('Análisis Detallado'!G7),ISNUMBER('Análisis Detallado'!H7),ISNUMBER('Análisis Detallado'!I7),ISNUMBER('Análisis Detallado'!J7),ISNUMBER('Análisis Detallado'!E7)),IF(AND('Análisis Detallado'!E7>0,'Análisis Detallado'!I7>=0,'Análisis Detallado'!I7<=100,'Análisis Detallado'!J7>=0),1,0),0),0) | G64: =IF(F64=1,'Análisis Detallado'!G7,25) | H64: =IF(F64=1,'Análisis Detallado'!H7,25) | I64: =IF(F64=1,'Análisis Detallado'!I7,50) | J64: =IF(F64=1,'Análisis Detallado'!J7,0.3) | K64: =IF(F64=1,'Análisis Detallado'!E7,115) | L64: =((H64+273)^4+MAX(6.3*J64^0.6/$B$23^0.4,1.4*(ABS(H64-G64)/$B$23)^0.25)*(H64-G64)/($B$24*0.0000000567))^0.25-273 | M64: =0.6105*EXP(17.27*G64/(G64+237.3))*I64/100 | N64: =K64/$B$6 | O64: =IF($B$22>0,$B$22,MIN(0.0052*(N64-58),0.7)) | P64: =IF($B$22>0,IF(J64<$B$22,$B$22,J64),J64) | Q64: =MIN(P64,3) | R64: =MIN(O64,1.5) | S64: =MIN(1.044*EXP((0.066*Q64-0.398)*Q64+(0.094*R64-0.378)*R64),1) | T64: =MIN(EXP((0.047*P64-0.472)*P64+(0.117*R64-0.342)*R64),1) | U64: =IF($B$13<=0.6,((0.6-$B$13)*T64+$B$13*S64)/0.6,S64) | V64: =$B$15*U64 | W64: =T64*0.111 | X64: =V64-W64/$B$14 | Y64: =(2.6*U64-6.5)*U64+4.9 | Z64: =MIN($B$16*Y64,0.9) | AA64: =V64/Z64/16.7 | AB64: =28.56+0.115*G64+0.641*M64 | AC64: =0.001516*N64*(AB64-G64) | AD64: =0.00127*N64*(59.34+0.53*G64-11.63*M64) | AE64: =IF(P64>1,8.7*P64^0.6,3.5+5.2*P64) | AF64: =MAX(2.38*ABS((L64+0.1)-G64)^0.25,AE64) | AG64: =0.0036*N64+36.6 | AH64: =12.165+0.02017*G64+0.04361*L64+0.19354*M64-0.25315*J64+0.005346*N64 | AI64: =7.191+0.064*G64+0.061*L64+0.198*M64-0.348*J64 | AJ64: =IF(AND(G64>='Datos de Referencia'!$B$23,G64<='Datos de Referencia'!$C$23),1,0) | AK64: =IF(AND(L64-G64>='Datos de Referencia'!$B$24,L64-G64<='Datos de Referencia'!$C$24),1,0) | AL64: =IF(AND(J64>='Datos de Referencia'!$B$25,J64<='Datos de Referencia'!$C$25),1,0) | AM64: =IF(AND(M64>='Datos de Referencia'!$B$26,M64<='Datos de Referencia'!$C$26),1,0) | AN64: =IF(N64<='Datos de Referencia'!$C$27,1,0) | AO64: =IF(N64>='Datos de Referencia'!$B$27,1,0) | AP64: =AJ64*AK64*AL64*AM64*AN64 | AQ64: =IF(E64=0,"",IF(F64=0,"Datos incompletos",IF(AP64=0,"Fuera de rango ISO 7933: "&IF(AJ64=0,"Tbs ","")&IF(AK64=0,"Tr-Tbs ","")&IF(AL64=0,"v ","")&IF(AM64=0,"Pa ","")&IF(AN64=0,"M>250 W/m² ",""),IF(AO64=0,"M<56 W/m² (advertencia)","OK"))))
A65: 5 | B65: =IF('Análisis Detallado'!B8="","",'Análisis Detallado'!B8) | C65: =IF(N('Análisis Detallado'!C8)>0,ROUND('Análisis Detallado'!C8*60,0),0) | D65: =SUM($C$61:C65)-C65 | E65: =IF(C65>0,1,0) | F65: =IF(C65>0,IF(AND(ISNUMBER('Análisis Detallado'!G8),ISNUMBER('Análisis Detallado'!H8),ISNUMBER('Análisis Detallado'!I8),ISNUMBER('Análisis Detallado'!J8),ISNUMBER('Análisis Detallado'!E8)),IF(AND('Análisis Detallado'!E8>0,'Análisis Detallado'!I8>=0,'Análisis Detallado'!I8<=100,'Análisis Detallado'!J8>=0),1,0),0),0) | G65: =IF(F65=1,'Análisis Detallado'!G8,25) | H65: =IF(F65=1,'Análisis Detallado'!H8,25) | I65: =IF(F65=1,'Análisis Detallado'!I8,50) | J65: =IF(F65=1,'Análisis Detallado'!J8,0.3) | K65: =IF(F65=1,'Análisis Detallado'!E8,115) | L65: =((H65+273)^4+MAX(6.3*J65^0.6/$B$23^0.4,1.4*(ABS(H65-G65)/$B$23)^0.25)*(H65-G65)/($B$24*0.0000000567))^0.25-273 | M65: =0.6105*EXP(17.27*G65/(G65+237.3))*I65/100 | N65: =K65/$B$6 | O65: =IF($B$22>0,$B$22,MIN(0.0052*(N65-58),0.7)) | P65: =IF($B$22>0,IF(J65<$B$22,$B$22,J65),J65) | Q65: =MIN(P65,3) | R65: =MIN(O65,1.5) | S65: =MIN(1.044*EXP((0.066*Q65-0.398)*Q65+(0.094*R65-0.378)*R65),1) | T65: =MIN(EXP((0.047*P65-0.472)*P65+(0.117*R65-0.342)*R65),1) | U65: =IF($B$13<=0.6,((0.6-$B$13)*T65+$B$13*S65)/0.6,S65) | V65: =$B$15*U65 | W65: =T65*0.111 | X65: =V65-W65/$B$14 | Y65: =(2.6*U65-6.5)*U65+4.9 | Z65: =MIN($B$16*Y65,0.9) | AA65: =V65/Z65/16.7 | AB65: =28.56+0.115*G65+0.641*M65 | AC65: =0.001516*N65*(AB65-G65) | AD65: =0.00127*N65*(59.34+0.53*G65-11.63*M65) | AE65: =IF(P65>1,8.7*P65^0.6,3.5+5.2*P65) | AF65: =MAX(2.38*ABS((L65+0.1)-G65)^0.25,AE65) | AG65: =0.0036*N65+36.6 | AH65: =12.165+0.02017*G65+0.04361*L65+0.19354*M65-0.25315*J65+0.005346*N65 | AI65: =7.191+0.064*G65+0.061*L65+0.198*M65-0.348*J65 | AJ65: =IF(AND(G65>='Datos de Referencia'!$B$23,G65<='Datos de Referencia'!$C$23),1,0) | AK65: =IF(AND(L65-G65>='Datos de Referencia'!$B$24,L65-G65<='Datos de Referencia'!$C$24),1,0) | AL65: =IF(AND(J65>='Datos de Referencia'!$B$25,J65<='Datos de Referencia'!$C$25),1,0) | AM65: =IF(AND(M65>='Datos de Referencia'!$B$26,M65<='Datos de Referencia'!$C$26),1,0) | AN65: =IF(N65<='Datos de Referencia'!$C$27,1,0) | AO65: =IF(N65>='Datos de Referencia'!$B$27,1,0) | AP65: =AJ65*AK65*AL65*AM65*AN65 | AQ65: =IF(E65=0,"",IF(F65=0,"Datos incompletos",IF(AP65=0,"Fuera de rango ISO 7933: "&IF(AJ65=0,"Tbs ","")&IF(AK65=0,"Tr-Tbs ","")&IF(AL65=0,"v ","")&IF(AM65=0,"Pa ","")&IF(AN65=0,"M>250 W/m² ",""),IF(AO65=0,"M<56 W/m² (advertencia)","OK"))))
A66: 6 | B66: =IF('Análisis Detallado'!B9="","",'Análisis Detallado'!B9) | C66: =IF(N('Análisis Detallado'!C9)>0,ROUND('Análisis Detallado'!C9*60,0),0) | D66: =SUM($C$61:C66)-C66 | E66: =IF(C66>0,1,0) | F66: =IF(C66>0,IF(AND(ISNUMBER('Análisis Detallado'!G9),ISNUMBER('Análisis Detallado'!H9),ISNUMBER('Análisis Detallado'!I9),ISNUMBER('Análisis Detallado'!J9),ISNUMBER('Análisis Detallado'!E9)),IF(AND('Análisis Detallado'!E9>0,'Análisis Detallado'!I9>=0,'Análisis Detallado'!I9<=100,'Análisis Detallado'!J9>=0),1,0),0),0) | G66: =IF(F66=1,'Análisis Detallado'!G9,25) | H66: =IF(F66=1,'Análisis Detallado'!H9,25) | I66: =IF(F66=1,'Análisis Detallado'!I9,50) | J66: =IF(F66=1,'Análisis Detallado'!J9,0.3) | K66: =IF(F66=1,'Análisis Detallado'!E9,115) | L66: =((H66+273)^4+MAX(6.3*J66^0.6/$B$23^0.4,1.4*(ABS(H66-G66)/$B$23)^0.25)*(H66-G66)/($B$24*0.0000000567))^0.25-273 | M66: =0.6105*EXP(17.27*G66/(G66+237.3))*I66/100 | N66: =K66/$B$6 | O66: =IF($B$22>0,$B$22,MIN(0.0052*(N66-58),0.7)) | P66: =IF($B$22>0,IF(J66<$B$22,$B$22,J66),J66) | Q66: =MIN(P66,3) | R66: =MIN(O66,1.5) | S66: =MIN(1.044*EXP((0.066*Q66-0.398)*Q66+(0.094*R66-0.378)*R66),1) | T66: =MIN(EXP((0.047*P66-0.472)*P66+(0.117*R66-0.342)*R66),1) | U66: =IF($B$13<=0.6,((0.6-$B$13)*T66+$B$13*S66)/0.6,S66) | V66: =$B$15*U66 | W66: =T66*0.111 | X66: =V66-W66/$B$14 | Y66: =(2.6*U66-6.5)*U66+4.9 | Z66: =MIN($B$16*Y66,0.9) | AA66: =V66/Z66/16.7 | AB66: =28.56+0.115*G66+0.641*M66 | AC66: =0.001516*N66*(AB66-G66) | AD66: =0.00127*N66*(59.34+0.53*G66-11.63*M66) | AE66: =IF(P66>1,8.7*P66^0.6,3.5+5.2*P66) | AF66: =MAX(2.38*ABS((L66+0.1)-G66)^0.25,AE66) | AG66: =0.0036*N66+36.6 | AH66: =12.165+0.02017*G66+0.04361*L66+0.19354*M66-0.25315*J66+0.005346*N66 | AI66: =7.191+0.064*G66+0.061*L66+0.198*M66-0.348*J66 | AJ66: =IF(AND(G66>='Datos de Referencia'!$B$23,G66<='Datos de Referencia'!$C$23),1,0) | AK66: =IF(AND(L66-G66>='Datos de Referencia'!$B$24,L66-G66<='Datos de Referencia'!$C$24),1,0) | AL66: =IF(AND(J66>='Datos de Referencia'!$B$25,J66<='Datos de Referencia'!$C$25),1,0) | AM66: =IF(AND(M66>='Datos de Referencia'!$B$26,M66<='Datos de Referencia'!$C$26),1,0) | AN66: =IF(N66<='Datos de Referencia'!$C$27,1,0) | AO66: =IF(N66>='Datos de Referencia'!$B$27,1,0) | AP66: =AJ66*AK66*AL66*AM66*AN66 | AQ66: =IF(E66=0,"",IF(F66=0,"Datos incompletos",IF(AP66=0,"Fuera de rango ISO 7933: "&IF(AJ66=0,"Tbs ","")&IF(AK66=0,"Tr-Tbs ","")&IF(AL66=0,"v ","")&IF(AM66=0,"Pa ","")&IF(AN66=0,"M>250 W/m² ",""),IF(AO66=0,"M<56 W/m² (advertencia)","OK"))))
A67: 7 | B67: =IF('Análisis Detallado'!B10="","",'Análisis Detallado'!B10) | C67: =IF(N('Análisis Detallado'!C10)>0,ROUND('Análisis Detallado'!C10*60,0),0) | D67: =SUM($C$61:C67)-C67 | E67: =IF(C67>0,1,0) | F67: =IF(C67>0,IF(AND(ISNUMBER('Análisis Detallado'!G10),ISNUMBER('Análisis Detallado'!H10),ISNUMBER('Análisis Detallado'!I10),ISNUMBER('Análisis Detallado'!J10),ISNUMBER('Análisis Detallado'!E10)),IF(AND('Análisis Detallado'!E10>0,'Análisis Detallado'!I10>=0,'Análisis Detallado'!I10<=100,'Análisis Detallado'!J10>=0),1,0),0),0) | G67: =IF(F67=1,'Análisis Detallado'!G10,25) | H67: =IF(F67=1,'Análisis Detallado'!H10,25) | I67: =IF(F67=1,'Análisis Detallado'!I10,50) | J67: =IF(F67=1,'Análisis Detallado'!J10,0.3) | K67: =IF(F67=1,'Análisis Detallado'!E10,115) | L67: =((H67+273)^4+MAX(6.3*J67^0.6/$B$23^0.4,1.4*(ABS(H67-G67)/$B$23)^0.25)*(H67-G67)/($B$24*0.0000000567))^0.25-273 | M67: =0.6105*EXP(17.27*G67/(G67+237.3))*I67/100 | N67: =K67/$B$6 | O67: =IF($B$22>0,$B$22,MIN(0.0052*(N67-58),0.7)) | P67: =IF($B$22>0,IF(J67<$B$22,$B$22,J67),J67) | Q67: =MIN(P67,3) | R67: =MIN(O67,1.5) | S67: =MIN(1.044*EXP((0.066*Q67-0.398)*Q67+(0.094*R67-0.378)*R67),1) | T67: =MIN(EXP((0.047*P67-0.472)*P67+(0.117*R67-0.342)*R67),1) | U67: =IF($B$13<=0.6,((0.6-$B$13)*T67+$B$13*S67)/0.6,S67) | V67: =$B$15*U67 | W67: =T67*0.111 | X67: =V67-W67/$B$14 | Y67: =(2.6*U67-6.5)*U67+4.9 | Z67: =MIN($B$16*Y67,0.9) | AA67: =V67/Z67/16.7 | AB67: =28.56+0.115*G67+0.641*M67 | AC67: =0.001516*N67*(AB67-G67) | AD67: =0.00127*N67*(59.34+0.53*G67-11.63*M67) | AE67: =IF(P67>1,8.7*P67^0.6,3.5+5.2*P67) | AF67: =MAX(2.38*ABS((L67+0.1)-G67)^0.25,AE67) | AG67: =0.0036*N67+36.6 | AH67: =12.165+0.02017*G67+0.04361*L67+0.19354*M67-0.25315*J67+0.005346*N67 | AI67: =7.191+0.064*G67+0.061*L67+0.198*M67-0.348*J67 | AJ67: =IF(AND(G67>='Datos de Referencia'!$B$23,G67<='Datos de Referencia'!$C$23),1,0) | AK67: =IF(AND(L67-G67>='Datos de Referencia'!$B$24,L67-G67<='Datos de Referencia'!$C$24),1,0) | AL67: =IF(AND(J67>='Datos de Referencia'!$B$25,J67<='Datos de Referencia'!$C$25),1,0) | AM67: =IF(AND(M67>='Datos de Referencia'!$B$26,M67<='Datos de Referencia'!$C$26),1,0) | AN67: =IF(N67<='Datos de Referencia'!$C$27,1,0) | AO67: =IF(N67>='Datos de Referencia'!$B$27,1,0) | AP67: =AJ67*AK67*AL67*AM67*AN67 | AQ67: =IF(E67=0,"",IF(F67=0,"Datos incompletos",IF(AP67=0,"Fuera de rango ISO 7933: "&IF(AJ67=0,"Tbs ","")&IF(AK67=0,"Tr-Tbs ","")&IF(AL67=0,"v ","")&IF(AM67=0,"Pa ","")&IF(AN67=0,"M>250 W/m² ",""),IF(AO67=0,"M<56 W/m² (advertencia)","OK"))))
A68: 8 | B68: =IF('Análisis Detallado'!B11="","",'Análisis Detallado'!B11) | C68: =IF(N('Análisis Detallado'!C11)>0,ROUND('Análisis Detallado'!C11*60,0),0) | D68: =SUM($C$61:C68)-C68 | E68: =IF(C68>0,1,0) | F68: =IF(C68>0,IF(AND(ISNUMBER('Análisis Detallado'!G11),ISNUMBER('Análisis Detallado'!H11),ISNUMBER('Análisis Detallado'!I11),ISNUMBER('Análisis Detallado'!J11),ISNUMBER('Análisis Detallado'!E11)),IF(AND('Análisis Detallado'!E11>0,'Análisis Detallado'!I11>=0,'Análisis Detallado'!I11<=100,'Análisis Detallado'!J11>=0),1,0),0),0) | G68: =IF(F68=1,'Análisis Detallado'!G11,25) | H68: =IF(F68=1,'Análisis Detallado'!H11,25) | I68: =IF(F68=1,'Análisis Detallado'!I11,50) | J68: =IF(F68=1,'Análisis Detallado'!J11,0.3) | K68: =IF(F68=1,'Análisis Detallado'!E11,115) | L68: =((H68+273)^4+MAX(6.3*J68^0.6/$B$23^0.4,1.4*(ABS(H68-G68)/$B$23)^0.25)*(H68-G68)/($B$24*0.0000000567))^0.25-273 | M68: =0.6105*EXP(17.27*G68/(G68+237.3))*I68/100 | N68: =K68/$B$6 | O68: =IF($B$22>0,$B$22,MIN(0.0052*(N68-58),0.7)) | P68: =IF($B$22>0,IF(J68<$B$22,$B$22,J68),J68) | Q68: =MIN(P68,3) | R68: =MIN(O68,1.5) | S68: =MIN(1.044*EXP((0.066*Q68-0.398)*Q68+(0.094*R68-0.378)*R68),1) | T68: =MIN(EXP((0.047*P68-0.472)*P68+(0.117*R68-0.342)*R68),1) | U68: =IF($B$13<=0.6,((0.6-$B$13)*T68+$B$13*S68)/0.6,S68) | V68: =$B$15*U68 | W68: =T68*0.111 | X68: =V68-W68/$B$14 | Y68: =(2.6*U68-6.5)*U68+4.9 | Z68: =MIN($B$16*Y68,0.9) | AA68: =V68/Z68/16.7 | AB68: =28.56+0.115*G68+0.641*M68 | AC68: =0.001516*N68*(AB68-G68) | AD68: =0.00127*N68*(59.34+0.53*G68-11.63*M68) | AE68: =IF(P68>1,8.7*P68^0.6,3.5+5.2*P68) | AF68: =MAX(2.38*ABS((L68+0.1)-G68)^0.25,AE68) | AG68: =0.0036*N68+36.6 | AH68: =12.165+0.02017*G68+0.04361*L68+0.19354*M68-0.25315*J68+0.005346*N68 | AI68: =7.191+0.064*G68+0.061*L68+0.198*M68-0.348*J68 | AJ68: =IF(AND(G68>='Datos de Referencia'!$B$23,G68<='Datos de Referencia'!$C$23),1,0) | AK68: =IF(AND(L68-G68>='Datos de Referencia'!$B$24,L68-G68<='Datos de Referencia'!$C$24),1,0) | AL68: =IF(AND(J68>='Datos de Referencia'!$B$25,J68<='Datos de Referencia'!$C$25),1,0) | AM68: =IF(AND(M68>='Datos de Referencia'!$B$26,M68<='Datos de Referencia'!$C$26),1,0) | AN68: =IF(N68<='Datos de Referencia'!$C$27,1,0) | AO68: =IF(N68>='Datos de Referencia'!$B$27,1,0) | AP68: =AJ68*AK68*AL68*AM68*AN68 | AQ68: =IF(E68=0,"",IF(F68=0,"Datos incompletos",IF(AP68=0,"Fuera de rango ISO 7933: "&IF(AJ68=0,"Tbs ","")&IF(AK68=0,"Tr-Tbs ","")&IF(AL68=0,"v ","")&IF(AM68=0,"Pa ","")&IF(AN68=0,"M>250 W/m² ",""),IF(AO68=0,"M<56 W/m² (advertencia)","OK"))))
A71: SIMULACIÓN MINUTO A MINUTO
A72: t (min) | B72: tarea | C72: Tbs | D72: Tr | E72: Pa | F72: M W/m² | G72: r_t_dyn | H72: i_cl_dyn | I72: hc_dyn | J72: c_res | K72: e_res | L72: Tcr_eq(M) | M72: clb | N72: nub | O72: Tcr_eq | P72: d_stored_eq | Q72: Tsk_eq cl | R72: Tsk_eq nu | S72: Tsk_eq | T72: Tsk | U72: p_sk | V72: Tcl 1 | W72: Tcl 2 | X72: Tcl 3 | Y72: Tcl 4 | Z72: h_r | AA72: conv | AB72: rad | AC72: e_max | AD72: e_req | AE72: w_req | AF72: sw_req | AG72: sudor | AH72: e_max* | AI72: k | AJ72: wp | AK72: e_p | AL72: e_req* | AM72: d_storage | AN72: Tcr 1 | AO72: Tcr 2 | AP72: Tcr 3 | AQ72: Tcr 4 | AR72: Tcr | AS72: peso Tsk/Tcr | AT72: Tre | AU72: carga evap. | AV72: pérdida agua (g) | AW72: Tre≥38 | AX72: pérdida≥lím.
A73: 0 | O73: =$B$32 | T73: =$B$29 | AG73: =$B$34 | AR73: =$B$30 | AS73: =$B$33 | AT73: =$B$31 | AU73: =$B$35
A74: 1 | B74: =MATCH(A74-1,$D$61:$D$68,1) | C74: =INDEX($G$61:$G$68,B74) | D74: =INDEX($L$61:$L$68,B74) | E74: =INDEX($M$61:$M$68,B74) | F74: =INDEX($N$61:$N$68,B74) | G74: =INDEX($AA$61:$AA$68,B74) | H74: =INDEX($X$61:$X$68,B74) | I74: =INDEX($AF$61:$AF$68,B74) | J74: =INDEX($AC$61:$AC$68,B74) | K74: =INDEX($AD$61:$AD$68,B74) | L74: =INDEX($AG$61:$AG$68,B74) | M74: =INDEX($AH$61:$AH$68,B74) | N74: =INDEX($AI$61:$AI$68,B74) | O74: =O73*$B$26+L74*(1-$B$26) | P74: =$B$7*(O74-O73)*(1-AS73) | Q74: =M74+0.51274*AT73 | R74: =N74+0.616*AT73 | S74: =IF($B$13>=0.6,Q74,IF($B$13<=0.2,R74,R74+2.5*(Q74-R74)*($B$13-0.2))) | T74: =IF(A74=1,S74,T73*$B$27+S74*(1-$B$27)) | U74: =0.6105*EXP(17.27*T74/(T74+237.3)) | V74: =($B$14*(I74*C74+IF(ABS((D74+0.1)-D74)<0.000000001,4*$B$19*$B$20*(D74+273)^3,$B$19*$B$20*(((D74+0.1)+273)^4-(D74+273)^4)/((D74+0.1)-D74))*D74)+T74/H74)/($B$14*(I74+IF(ABS((D74+0.1)-D74)<0.000000001,4*$B$19*$B$20*(D74+273)^3,$B$19*$B$20*(((D74+0.1)+273)^4-(D74+273)^4)/((D74+0.1)-D74)))+1/H74) | W74: =($B$14*(I74*C74+IF(ABS(V74-D74)<0.000000001,4*$B$19*$B$20*(D74+273)^3,$B$19*$B$20*((V74+273)^4-(D74+273)^4)/(V74-D74))*D74)+T74/H74)/($B$14*(I74+IF(ABS(V74-D74)<0.000000001,4*$B$19*$B$20*(D74+273)^3,$B$19*$B$20*((V74+273)^4-(D74+273)^4)/(V74-D74)))+1/H74) | X74: =($B$14*(I74*C74+IF(ABS(W74-D74)<0.000000001,4*$B$19*$B$20*(D74+273)^3,$B$19*$B$20*((W74+273)^4-(D74+273)^4)/(W74-D74))*D74)+T74/H74)/($B$14*(I74+IF(ABS(W74-D74)<0.000000001,4*$B$19*$B$20*(D74+273)^3,$B$19*$B$20*((W74+273)^4-(D74+273)^4)/(W74-D74)))+1/H74) | Y74: =($B$14*(I74*C74+IF(ABS(X74-D74)<0.000000001,4*$B$19*$B$20*(D74+273)^3,$B$19*$B$20*((X74+273)^4-(D74+273)^4)/(X74-D74))*D74)+T74/H74)/($B$14*(I74+IF(ABS(X74-D74)<0.000000001,4*$B$19*$B$20*(D74+273)^3,$B$19*$B$20*((X74+273)^4-(D74+273)^4)/(X74-D74)))+1/H74) | Z74: =IF(ABS(Y74-D74)<0.000000001,4*$B$19*$B$20*(D74+273)^3,$B$19*$B$20*((Y74+273)^4-(D74+273)^4)/(Y74-D74)) | AA74: =$B$14*I74*(Y74-C74) | AB74: =$B$14*Z74*(Y74-D74) | AC74: =IF((U74-E74)/G74=0,0.001,(U74-E74)/G74) | AD74: =F74-P74-J74-K74-AA74-AB74 | AE74: =AD74/AC74 | AF74: =IF(AD74<=0,0,IF(AC74<=0,$B$11,IF(AE74>=1.7,$B$11,MIN(AD74/MAX(0.05,IF(AE74>1,(2-AE74)^2/2,1-AE74^2/2)),$B$11)))) | AG74: =AG73*$B$28+AF74*(1-$B$28) | AH74: =IF(AND(AD74>0,AC74<=0),0,AC74) | AI74: =AH74/MAX(AG74,0.000001) | AJ74: =MIN(IF(AI74>=0.5,-AI74+SQRT(AI74^2+2),1),$B$12) | AK74: =IF(AG74<=0,0,AJ74*AH74) | AL74: =IF(AD74<=0,0,AD74) | AM74: =AL74-AK74+P74 | AN74: =((AM74/$B$7+T73*AS73/2-T74*MAX(0.1,MIN(0.3,0.3-0.09*(AR73-36.8)))/2)+AR73*(1-AS73/2))/(1-MAX(0.1,MIN(0.3,0.3-0.09*(AR73-36.8)))/2) | AO74: =((AM74/$B$7+T73*AS73/2-T74*MAX(0.1,MIN(0.3,0.3-0.09*(AN74-36.8)))/2)+AR73*(1-AS73/2))/(1-MAX(0.1,MIN(0.3,0.3-0.09*(AN74-36.8)))/2) | AP74: =((AM74/$B$7+T73*AS73/2-T74*MAX(0.1,MIN(0.3,0.3-0.09*(AO74-36.8)))/2)+AR73*(1-AS73/2))/(1-MAX(0.1,MIN(0.3,0.3-0.09*(AO74-36.8)))/2) | AQ74: =((AM74/$B$7+T73*AS73/2-T74*MAX(0.1,MIN(0.3,0.3-0.09*(AP74-36.8)))/2)+AR73*(1-AS73/2))/(1-MAX(0.1,MIN(0.3,0.3-0.09*(AP74-36.8)))/2) | AR74: =((AM74/$B$7+T73*AS73/2-T74*MAX(0.1,MIN(0.3,0.3-0.09*(AQ74-36.8)))/2)+AR73*(1-AS73/2))/(1-MAX(0.1,MIN(0.3,0.3-0.09*(AQ74-36.8)))/2) | AS74: =MAX(0.1,MIN(0.3,0.3-0.09*(AR74-36.8))) | AT74: =AT73+(2*AR74-1.962*AT73-1.31)/9 | AU74: =AU73+AG74+K74 | AV74: =AU74*2.67*$B$6/1.8/60 | AW74: =IF(AT74>=$B$36,1,0) | AX74: =IF(AV74>=$B$21,1,0)
A75: 2 | B75: =MATCH(A75-1,$D$61:$D$68,1) | C75: =INDEX($G$61:$G$68,B75) | D75: =INDEX($L$61:$L$68,B75) | E75: =INDEX($M$61:$M$68,B75) | F75: =INDEX($N$61:$N$68,B75) | G75: =INDEX($AA$61:$AA$68,B75) | H75: =INDEX($X$61:$X$68,B75) | I75: =INDEX($AF$61:$AF$68,B75) | J75: =INDEX($AC$61:$AC$68,B75) | K75: =INDEX($AD$61:$AD$68,B75) | L75: =INDEX($AG$61:$AG$68,B75) | M75: =INDEX($AH$61:$AH$68,B75) | N75: =INDEX($AI$61:$AI$68,B75) | O75: =O74*$B$26+L75*(1-$B$26) | P75: =$B$7*(O75-O74)*(1-AS74) | Q75: =M75+0.51274*AT74 | R75: =N75+0.616*AT74 | S75: =IF($B$13>=0.6,Q75,IF($B$13<=0.2,R75,R75+2.5*(Q75-R75)*($B$13-0.2))) | T75: =IF(A75=1,S75,T74*$B$27+S75*(1-$B$27)) | U75: =0.6105*EXP(17.27*T75/(T75+237.3)) | V75: =($B$14*(I75*C75+IF(ABS((D75+0.1)-D75)<0.000000001,4*$B$19*$B$20*(D75+273)^3,$B$19*$B$20*(((D75+0.1)+273)^4-(D75+273)^4)/((D75+0.1)-D75))*D75)+T75/H75)/($B$14*(I75+IF(ABS((D75+0.1)-D75)<0.000000001,4*$B$19*$B$20*(D75+273)^3,$B$19*$B$20*(((D75+0.1)+273)^4-(D75+273)^4)/((D75+0.1)-D75)))+1/H75) | W75: =($B$14*(I75*C75+IF(ABS(V75-D75)<0.000000001,4*$B$19*$B$20*(D75+273)^3,$B$19*$B$20*((V75+273)^4-(D75+273)^4)/(V75-D75))*D75)+T75/H75)/($B$14*(I75+IF(ABS(V75-D75)<0.000000001,4*$B$19*$B$20*(D75+273)^3,$B$19*$B$20*((V75+273)^4-(D75+273)^4)/(V75-D75)))+1/H75) | X75: =($B$14*(I75*C75+IF(ABS(W75-D75)<0.000000001,4*$B$19*$B$20*(D75+273)^3,$B$19*$B$20*((W75+273)^4-(D75+273)^4)/(W75-D75))*D75)+T75/H75)/($B$14*(I75+IF(ABS(W75-D75)<0.000000001,4*$B$19*$B$20*(D75+273)^3,$B$19*$B$20*((W75+273)^4-(D75+273)^4)/(W75-D75)))+1/H75) | Y75: =($B$14*(I75*C75+IF(ABS(X75-D75)<0.000000001,4*$B$19*$B$20*(D75+273)^3,$B$19*$B$20*((X75+273)^4-(D75+273)^4)/(X75-D75))*D75)+T75/H75)/($B$14*(I75+IF(ABS(X75-D75)<0.000000001,4*$B$19*$B$20*(D75+273)^3,$B$19*$B$20*((X75+273)^4-(D75+273)^4)/(X75-D75)))+1/H75) | Z75: =IF(ABS(Y75-D75)<0.000000001,4*$B$19*$B$20*(D75+273)^3,$B$19*$B$20*((Y75+273)^4-(D75+273)^4)/(Y75-D75)) | AA75: =$B$14*I75*(Y75-C75) | AB75: =$B$14*Z75*(Y75-D75) | AC75: =IF((U75-E75)/G75=0,0.001,(U75-E75)/G75) | AD75: =F75-P75-J75-K75-AA75-AB75 | AE75: =AD75/AC75 | AF75: =IF(AD75<=0,0,IF(AC75<=0,$B$11,IF(AE75>=1.7,$B$11,MIN(AD75/MAX(0.05,IF(AE75>1,(2-AE75)^2/2,1-AE75^2/2)),$B$11)))) | AG75: =AG74*$B$28+AF75*(1-$B$28) | AH75: =IF(AND(AD75>0,AC75<=0),0,AC75) | AI75: =AH75/MAX(AG75,0.000001) | AJ75: =MIN(IF(AI75>=0.5,-AI75+SQRT(AI75^2+2),1),$B$12) | AK75: =IF(AG75<=0,0,AJ75*AH75) | AL75: =IF(AD75<=0,0,AD75) | AM75: =AL75-AK75+P75 | AN75: =((AM75/$B$7+T74*AS74/2-T75*MAX(0.1,MIN(0.3,0.3-0.09*(AR74-36.8)))/2)+AR74*(1-AS74/2))/(1-MAX(0.1,MIN(0.3,0.3-0.09*(AR74-36.8)))/2) | AO75: =((AM75/$B$7+T74*AS74/2-T75*MAX(0.1,MIN(0.3,0.3-0.09*(AN75-36.8)))/2)+AR74*(1-AS74/2))/(1-MAX(0.1,MIN(0.3,0.3-0.09*(AN75-36.8)))/2) | AP75: =((AM75/$B$7+T74*AS74/2-T75*MAX(0.1,MIN(0.3,0.3-0.09*(AO75-36.8)))/2)+AR74*(1-AS74/2))/(1-MAX(0.1,MIN(0.3,0.3-0.09*(AO75-36.8)))/2) | AQ75: =((AM75/$B$7+T74*AS74/2-T75*MAX(0.1,MIN(0.3,0.3-0.09*(AP75-36.8)))/2)+AR74*(1-AS74/2))/(1-MAX(0.1,MIN(0.3,0.3-0.09*(AP75-36.8)))/2) | AR75: =((AM75/$B$7+T74*AS74/2-T75*MAX(0.1,MIN(0.3,0.3-0.09*(AQ75-36.8)))/2)+AR74*(1-AS74/2))/(1-MAX(0.1,MIN(0.3,0.3-0.09*(AQ75-36.8)))/2) | AS75: =MAX(0.1,MIN(0.3,0.3-0.09*(AR75-36.8))) | AT75: =AT74+(2*AR75-1.962*AT74-1.31)/9 | AU75: =AU74+AG75+K75 | AV75: =AU75*2.67*$B$6/1.8/60 | AW75: =IF(AT75>=$B$36,1,0) | AX75: =IF(AV75>=$B$21,1,0)
A76: 3 | B76: =MATCH(A76-1,$D$61:$D$68,1) | C76: =INDEX($G$61:$G$68,B76) | D76: =INDEX($L$61:$L$68,B76) | E76: =INDEX($M$61:$M$68,B76) | F76: =INDEX($N$61:$N$68,B76) | G76: =INDEX($AA$61:$AA$68,B76) | H76: =INDEX($X$61:$X$68,B76) | I76: =INDEX($AF$61:$AF$68,B76) | J76: =INDEX($AC$61:$AC$68,B76) | K76: =INDEX($AD$61:$AD$68,B76) | L76: =INDEX($AG$61:$AG$68,B76) | M76: =INDEX($AH$61:$AH$68,B76) | N76: =INDEX($AI$61:$AI$68,B76) | O76: =O75*$B$26+L76*(1-$B$26) | P76: =$B$7*(O76-O75)*(1-AS75) | Q76: =M76+0.51274*AT75 | R76: =N76+0.616*AT75 | S76: =IF($B$13>=0.6,Q76,IF($B$13<=0.2,R76,R76+2.5*(Q76-R76)*($B$13-0.2))) | T76: =IF(A76=1,S76,T75*$B$27+S76*(1-$B$27)) | U76: =0.6105*EXP(17.27*T76/(T76+237.3)) | V76: =($B$14*(I76*C76+IF(ABS((D76+0.1)-D76)<0.000000001,4*$B$19*$B$20*(D76+273)^3,$B$19*$B$20*(((D76+0.1)+273)^4-(D76+273)^4)/((D76+0.1)-D76))*D76)+T76/H76)/($B$14*(I76+IF(ABS((D76+0.1)-D76)<0.000000001,4*$B$19*$B$20*(D76+273)^3,$B$19*$B$20*(((D76+0.1)+273)^4-(D76+273)^4)/((D76+0.1)-D76)))+1/H76) | W76: =($B$14*(I76*C76+IF(ABS(V76-D76)<0.000000001,4*$B$19*$B$20*(D76+273)^3,$B$19*$B$20*((V76+273)^4-(D76+273)^4)/(V76-D76))*D76)+T76/H76)/($B$14*(I76+IF(ABS(V76-D76)<0.000000001,4*$B$19*$B$20*(D76+273)^3,$B$19*$B$20*((V76+273)^4-(D76+273)^4)/(V76-D76)))+1/H76) | X76: =($B$14*(I76*C76+IF(ABS(W76-D76)<0.000000001,4*$B$19*$B$20*(D76+273)^3,$B$19*$B$20*((W76+273)^4-(D76+273)^4)/(W76-D76))*D76)+T76/H76)/($B$14*(I76+IF(ABS(W76-D76)<0.000000001,4*$B$19*$B$20*(D76+273)^3,$B$19*$B$20*((W76+273)^4-(D76+273)^4)/(W76-D76)))+1/H76) | Y76: =($B$14*(I76*C76+IF(ABS(X76-D76)<0.000000001,4*$B$19*$B$20*(D76+273)^3,$B$19*$B$20*((X76+273)^4-(D76+273)^4)/(X76-D76))*D76)+T76/H76)/($B$14*(I76+IF(ABS(X76-D76)<0.000000001,4*$B$19*$B$20*(D76+273)^3,$B$19*$B$20*((X76+273)^4-(D76+273)^4)/(X76-D76)))+1/H76) | Z76: =IF(ABS(Y76-D76)<0.000000001,4*$B$19*$B$20*(D76+273)^3,$B$19*$B$20*((Y76+273)^4-(D76+273)^4)/(Y76-D76)) | AA76: =$B$14*I76*(Y76-C76) | AB76: =$B$14*Z76*(Y76-D76) | AC76: =IF((U76-E76)/G76=0,0.001,(U76-E76)/G76) | AD76: =F76-P76-J76-K76-AA76-AB76 | AE76: =AD76/AC76 | AF76: =IF(AD76<=0,0,IF(AC76<=0,$B$11,IF(AE76>=1.7,$B$11,MIN(AD76/MAX(0.05,IF(AE76>1,(2-AE76)^2/2,1-AE76^2/2)),$B$11)))) | AG76: =AG75*$B$28+AF76*(1-$B$28) | AH76: =IF(AND(AD76>0,AC76<=0),0,AC76) | AI76: =AH76/MAX(AG76,0.000001) | AJ76: =MIN(IF(AI76>=0.5,-AI76+SQRT(AI76^2+2),1),$B$12) | AK76: =IF(AG76<=0,0,AJ76*AH76) | AL76: =IF(AD76<=0,0,AD76) | AM76: =AL76-AK76+P76 | AN76: =((AM76/$B$7+T75*AS75/2-T76*MAX(0.1,MIN(0.3,0.3-0.09*(AR75-36.8)))/2)+AR75*(1-AS75/2))/(1-MAX(0.1,MIN(0.3,0.3-0.09*(AR75-36.8)))/2) | AO76: =((AM76/$B$7+T75*AS75/2-T76*MAX(0.1,MIN(0.3,0.3-0.09*(AN76-36.8)))/2)+AR75*(1-AS75/2))/(1-MAX(0.1,MIN(0.3,0.3-0.09*(AN76-36.8)))/2) | AP76: =((AM76/$B$7+T75*AS75/2-T76*MAX(0.1,MIN(0.3,0.3-0.09*(AO76-36.8)))/2)+AR75*(1-AS75/2))/(1-MAX(0.1,MIN(0.3,0.3-0.09*(AO76-36.8)))/2) | AQ76: =((AM76/$B$7+T75*AS75/2-T76*MAX(0.1,MIN(0.3,0.3-0.09*(AP76-36.8)))/2)+AR75*(1-AS75/2))/(1-MAX(0.1,MIN(0.3,0.3-0.09*(AP76-36.8)))/2) | AR76: =((AM76/$B$7+T75*AS75/2-T76*MAX(0.1,MIN(0.3,0.3-0.09*(AQ76-36.8)))/2)+AR75*(1-AS75/2))/(1-MAX(0.1,MIN(0.3,0.3-0.09*(AQ76-36.8)))/2) | AS76: =MAX(0.1,MIN(0.3,0.3-0.09*(AR76-36.8))) | AT76: =AT75+(2*AR76-1.962*AT75-1.31)/9 | AU76: =AU75+AG76+K76 | AV76: =AU76*2.67*$B$6/1.8/60 | AW76: =IF(AT76>=$B$36,1,0) | AX76: =IF(AV76>=$B$21,1,0)
A77: 4 | B77: =MATCH(A77-1,$D$61:$D$68,1) | C77: =INDEX($G$61:$G$68,B77) | D77: =INDEX($L$61:$L$68,B77) | E77: =INDEX($M$61:$M$68,B77) | F77: =INDEX($N$61:$N$68,B77) | G77: =INDEX($AA$61:$AA$68,B77) | H77: =INDEX($X$61:$X$68,B77) | I77: =INDEX($AF$61:$AF$68,B77) | J77: =INDEX($AC$61:$AC$68,B77) | K77: =INDEX($AD$61:$AD$68,B77) | L77: =INDEX($AG$61:$AG$68,B77) | M77: =INDEX($AH$61:$AH$68,B77) | N77: =INDEX($AI$61:$AI$68,B77) | O77: =O76*$B$26+L77*(1-$B$26) | P77: =$B$7*(O77-O76)*(1-AS76) | Q77: =M77+0.51274*AT76 | R77: =N77+0.616*AT76 | S77: =IF($B$13>=0.6,Q77,IF($B$13<=0.2,R77,R77+2.5*(Q77-R77)*($B$13-0.2))) | T77: =IF(A77=1,S77,T76*$B$27+S77*(1-$B$27)) | U77: =0.6105*EXP(17.27*T77/(T77+237.3)) | V77: =($B$14*(I77*C77+IF(ABS((D77+0.1)-D77)<0.000000001,4*$B$19*$B$20*(D77+273)^3,$B$19*$B$20*(((D77+0.1)+273)^4-(D77+273)^4)/((D77+0.1)-D77))*D77)+T77/H77)/($B$14*(I77+IF(ABS((D77+0.1)-D77)<0.000000001,4*$B$19*$B$20*(D77+273)^3,$B$19*$B$20*(((D77+0.1)+273)^4-(D77+273)^4)/((D77+0.1)-D77)))+1/H77) | W77: =($B$14*(I77*C77+IF(ABS(V77-D77)<0.000000001,4*$B$19*$B$20*(D77+273)^3,$B$19*$B$20*((V77+273)^4-(D77+273)^4)/(V77-D77))*D77)+T77/H77)/($B$14*(I77+IF(ABS(V77-D77)<0.000000001,4*$B$19*$B$20*(D77+273)^3,$B$19*$B$20*((V77+273)^4-(D77+273)^4)/(V77-D77)))+1/H77) | X77: =($B$14*(I77*C77+IF(ABS(W77-D77)<0.000000001,4*$B$19*$B$20*(D77+273)^3,$B$19*$B$20*((W77+273)^4-(D77+273)^4)/(W77-D77))*D77)+T77/H77)/($B$14*(I77+IF(ABS(W77-D77)<0.000000001,4*$B$19*$B$20*(D77+273)^3,$B$19*$B$20*((W77+273)^4-(D77+273)^4)/(W77-D77)))+1/H77) | Y77: =($B$14*(I77*C77+IF(ABS(X77-D77)<0.000000001,4*$B$19*$B$20*(D77+273)^3,$B$19*$B$20*((X77+273)^4-(D77+273)^4)/(X77-D77))*D77)+T77/H77)/($B$14*(I77+IF(ABS(X77-D77)<0.000000001,4*$B$19*$B$20*(D77+273)^3,$B$19*$B$20*((X77+273)^4-(D77+273)^4)/(X77-D77)))+1/H77) | Z77: =IF(ABS(Y77-D77)<0.000000001,4*$B$19*$B$20*(D77+273)^3,$B$19*$B$20*((Y77+273)^4-(D77+273)^4)/(Y77-D77)) | AA77: =$B$14*I77*(Y77-C77) | AB77: =$B$14*Z77*(Y77-D77) | AC77: =IF((U77-E77)/G77=0,0.001,(U77-E77)/G77) | AD77: =F77-P77-J77-K77-AA77-AB77 | AE77: =AD77/AC77 | AF77: =IF(AD77<=0,0,IF(AC77<=0,$B$11,IF(AE77>=1.7,$B$11,MIN(AD77/MAX(0.05,IF(AE77>1,(2-AE77)^2/2,1-AE77^2/2)),$B$11)))) | AG77: =AG76*$B$28+AF77*(1-$B$28) | AH77: =IF(AND(AD77>0,AC77<=0),0,AC77) | AI77: =AH77/MAX(AG77,0.000001) | AJ77: =MIN(IF(AI77>=0.5,-AI77+SQRT(AI77^2+2),1),$B$12) | AK77: =IF(AG77<=0,0,AJ77*AH77) | AL77: =IF(AD77<=0,0,AD77) | AM77: =AL77-AK77+P77 | AN77: =((AM77/$B$7+T76*AS76/2-T77*MAX(0.1,MIN(0.3,0.3-0.09*(AR76-36.8)))/2)+AR76*(1-AS76/2))/(1-MAX(0.1,MIN(0.3,0.3-0.09*(AR76-36.8)))/2) | AO77: =((AM77/$B$7+T76*AS76/2-T77*MAX(0.1,MIN(0.3,0.3-0.09*(AN77-36.8)))/2)+AR76*(1-AS76/2))/(1-MAX(0.1,MIN(0.3,0.3-0.09*(AN77-36.8)))/2) | AP77: =((AM77/$B$7+T76*AS76/2-T77*MAX(0.1,MIN(0.3,0.3-0.09*(AO77-36.8)))/2)+AR76*(1-AS76/2))/(1-MAX(0.1,MIN(0.3,0.3-0.09*(AO77-36.8)))/2) | AQ77: =((AM77/$B$7+T76*AS76/2-T77*MAX(0.1,MIN(0.3,0.3-0.09*(AP77-36.8)))/2)+AR76*(1-AS76/2))/(1-MAX(0.1,MIN(0.3,0.3-0.09*(AP77-36.8)))/2) | AR77: =((AM77/$B$7+T76*AS76/2-T77*MAX(0.1,MIN(0.3,0.3-0.09*(AQ77-36.8)))/2)+AR76*(1-AS76/2))/(1-MAX(0.1,MIN(0.3,0.3-0.09*(AQ77-36.8)))/2) | AS77: =MAX(0.1,MIN(0.3,0.3-0.09*(AR77-36.8))) | AT77: =AT76+(2*AR77-1.962*AT76-1.31)/9 | AU77: =AU76+AG77+K77 | AV77: =AU77*2.67*$B$6/1.8/60 | AW77: =IF(AT77>=$B$36,1,0) | AX77: =IF(AV77>=$B$21,1,0)
A78: 5 | B78: =MATCH(A78-1,$D$61:$D$68,1) | C78: =INDEX($G$61:$G$68,B78) | D78: =INDEX($L$61:$L$68,B78) | E78: =INDEX($M$61:$M$68,B78) | F78: =INDEX($N$61:$N$68,B78) | G78: =INDEX($AA$61:$AA$68,B78) | H78: =INDEX($X$61:$X$68,B78) | I78: =INDEX($AF$61:$AF$68,B78) | J78: =INDEX($AC$61:$AC$68,B78) | K78: =INDEX($AD$61:$AD$68,B78) | L78: =INDEX($AG$61:$AG$68,B78) | M78: =INDEX($AH$61:$AH$68,B78) | N78: =INDEX($AI$61:$AI$68,B78) | O78: =O77*$B$26+L78*(1-$B$26) | P78: =$B$7*(O78-O77)*(1-AS77) | Q78: =M78+0.51274*AT77 | R78: =N78+0.616*AT77 | S78: =IF($B$13>=0.6,Q78,IF($B$13<=0.2,R78,R78+2.5*(Q78-R78)*($B$13-0.2))) | T78: =IF(A78=1,S78,T77*$B$27+S78*(1-$B$27)) | U78: =0.6105*EXP(17.27*T78/(T78+237.3)) | V78: =($B$14*(I78*C78+IF(ABS((D78+0.1)-D78)<0.000000001,4*$B$19*$B$20*(D78+273)^3,$B$19*$B$20*(((D78+0.1)+273)^4-(D78+273)^4)/((D78+0.1)-D78))*D78)+T78/H78)/($B$14*(I78+IF(ABS((D78+0.1)-D78)<0.000000001,4*$B$19*$B$20*(D78+273)^3,$B$19*$B$20*(((D78+0.1)+273)^4-(D78+273)^4)/((D78+0.1)-D78)))+1/H78) | W78: =($B$14*(I78*C78+IF(ABS(V78-D78)<0.000000001,4*$B$19*$B$20*(D78+273)^3,$B$19*$B$20*((V78+273)^4-(D78+273)^4)/(V78-D78))*D78)+T78/H78)/($B$14*(I78+IF(ABS(V78-D78)<0.000000001,4*$B$19*$B$20*(D78+273)^3,$B$19*$B$20*((V78+273)^4-(D78+273)^4)/(V78-D78)))+1/H78) | X78: =($B$14*(I78*C78+IF(ABS(W78-D78)<0.000000001,4*$B$19*$B$20*(D78+273)^3,$B$19*$B$20*((W78+273)^4-(D78+273)^4)/(W78-D78))*D78)+T78/H78)/($B$14*(I78+IF(ABS(W78-D78)<0.000000001,4*$B$19*$B$20*(D78+273)^3,$B$19*$B$20*((W78+273)^4-(D78+273)^4)/(W78-D78)))+1/H78) | Y78: =($B$14*(I78*C78+IF(ABS(X78-D78)<0.000000001,4*$B$19*$B$20*(D78+273)^3,$B$19*$B$20*((X78+273)^4-(D78+273)^4)/(X78-D78))*D78)+T78/H78)/($B$14*(I78+IF(ABS(X78-D78)<0.000000001,4*$B$19*$B$20*(D78+273)^3,$B$19*$B$20*((X78+273)^4-(D78+273)^4)/(X78-D78)))+1/H78) | Z78: =IF(ABS(Y78-D78)<0.000000001,4*$B$19*$B$20*(D78+273)^3,$B$19*$B$20*((Y78+273)^4-(D78+273)^4)/(Y78-D78)) | AA78: =$B$14*I78*(Y78-C78) | AB78: =$B$14*Z78*(Y78-D78) | AC78: =IF((U78-E78)/G78=0,0.001,(U78-E78)/G78) | AD78: =F78-P78-J78-K78-AA78-AB78 | AE78: =AD78/AC78 | AF78: =IF(AD78<=0,0,IF(AC78<=0,$B$11,IF(AE78>=1.7,$B$11,MIN(AD78/MAX(0.05,IF(AE78>1,(2-AE78)^2/2,1-AE78^2/2)),$B$11)))) | AG78: =AG77*$B$28+AF78*(1-$B$28) | AH78: =IF(AND(AD78>0,AC78<=0),0,AC78) | AI78: =AH78/MAX(AG78,0.000001) | AJ78: =MIN(IF(AI78>=0.5,-AI78+SQRT(AI78^2+2),1),$B$12) | AK78: =IF(AG78<=0,0,AJ78*AH78) | AL78: =IF(AD78<=0,0,AD78) | AM78: =AL78-AK78+P78 | AN78: =((AM78/$B$7+T77*AS77/2-T78*MAX(0.1,MIN(0.3,0.3-0.09*(AR77-36.8)))/2)+AR77*(1-AS77/2))/(1-MAX(0.1,MIN(0.3,0.3-0.09*(AR77-36.8)))/2) | AO78: =((AM78/$B$7+T77*AS77/2-T78*MAX(0.1,MIN(0.3,0.3-0.09*(AN78-36.8)))/2)+AR77*(1-AS77/2))/(1-MAX(0.1,MIN(0.3,0.3-0.09*(AN78-36.8)))/2) | AP78: =((AM78/$B$7+T77*AS77/2-T78*MAX(0.1,MIN(0.3,0.3-0.09*(AO78-36.8)))/2)+AR77*(1-AS77/2))/(1-MAX(0.1,MIN(0.3,0.3-0.09*(AO78-36.8)))/2) | AQ78: =((AM78/$B$7+T77*AS77/2-T78*MAX(0.1,MIN(0.3,0.3-0.09*(AP78-36.8)))/2)+AR77*(1-AS77/2))/(1-MAX(0.1,MIN(0.3,0.3-0.09*(AP78-36.8)))/2) | AR78: =((AM78/$B$7+T77*AS77/2-T78*MAX(0.1,MIN(0.3,0.3-0.09*(AQ78-36.8)))/2)+AR77*(1-AS77/2))/(1-MAX(0.1,MIN(0.3,0.3-0.09*(AQ78-36.8)))/2) | AS78: =MAX(0.1,MIN(0.3,0.3-0.09*(AR78-36.8))) | AT78: =AT77+(2*AR78-1.962*AT77-1.31)/9 | AU78: =AU77+AG78+K78 | AV78: =AU78*2.67*$B$6/1.8/60 | AW78: =IF(AT78>=$B$36,1,0) | AX78: =IF(AV78>=$B$21,1,0)
A79: 6 | B79: =MATCH(A79-1,$D$61:$D$68,1) | C79: =INDEX($G$61:$G$68,B79) | D79: =INDEX($L$61:$L$68,B79) | E79: =INDEX($M$61:$M$68,B79) | F79: =INDEX($N$61:$N$68,B79) | G79: =INDEX($AA$61:$AA$68,B79) | H79: =INDEX($X$61:$X$68,B79) | I79: =INDEX($AF$61:$AF$68,B79) | J79: =INDEX($AC$61:$AC$68,B79) | K79: =INDEX($AD$61:$AD$68,B79) | L79: =INDEX($AG$61:$AG$68,B79) | M79: =INDEX($AH$61:$AH$68,B79) | N79: =INDEX($AI$61:$AI$68,B79) | O79: =O78*$B$26+L79*(1-$B$26) | P79: =$B$7*(O79-O78)*(1-AS78) | Q79: =M79+0.51274*AT78 | R79: =N79+0.616*AT78 | S79: =IF($B$13>=0.6,Q79,IF($B$13<=0.2,R79,R79+2.5*(Q79-R79)*($B$13-0.2))) | T79: =IF(A79=1,S79,T78*$B$27+S79*(1-$B$27)) | U79: =0.6105*EXP(17.27*T79/(T79+237.3)) | V79: =($B$14*(I79*C79+IF(ABS((D79+0.1)-D79)<0.000000001,4*$B$19*$B$20*(D79+273)^3,$B$19*$B$20*(((D79+0.1)+273)^4-(D79+273)^4)/((D79+0.1)-D79))*D79)+T79/H79)/($B$14*(I79+IF(ABS((D79+0.1)-D79)<0.000000001,4*$B$19*$B$20*(D79+273)^3,$B$19*$B$20*(((D79+0.1)+273)^4-(D79+273)^4)/((D79+0.1)-D79)))+1/H79) | W79: =($B$14*(I79*C79+IF(ABS(V79-D79)<0.000000001,4*$B$19*$B$20*(D79+273)^3,$B$19*$B$20*((V79+273)^4-(D79+273)^4)/(V79-D79))*D79)+T79/H79)/($B$14*(I79+IF(ABS(V79-D79)<0.000000001,4*$B$19*$B$20*(D79+273)^3,$B$19*$B$20*((V79+273)^4-(D79+273)^4)/(V79-D79)))+1/H79) | X79: =($B$14*(I79*C79+IF(ABS(W79-D79)<0.000000001,4*$B$19*$B$20*(D79+273)^3,$B$19*$B$20*((W79+273)^4-(D79+273)^4)/(W79-D79))*D79)+T79/H79)/($B$14*(I79+IF(ABS(W79-D79)<0.000000001,4*$B$19*$B$20*(D79+273)^3,$B$19*$B$20*((W79+273)^4-(D79+273)^4)/(W79-D79)))+1/H79) | Y79: =($B$14*(I79*C79+IF(ABS(X79-D79)<0.000000001,4*$B$19*$B$20*(D79+273)^3,$B$19*$B$20*((X79+273)^4-(D79+273)^4)/(X79-D79))*D79)+T79/H79)/($B$14*(I79+IF(ABS(X79-D79)<0.000000001,4*$B$19*$B$20*(D79+273)^3,$B$19*$B$20*((X79+273)^4-(D79+273)^4)/(X79-D79)))+1/H79) | Z79: =IF(ABS(Y79-D79)<0.000000001,4*$B$19*$B$20*(D79+273)^3,$B$19*$B$20*((Y79+273)^4-(D79+273)^4)/(Y79-D79)) | AA79: =$B$14*I79*(Y79-C79) | AB79: =$B$14*Z79*(Y79-D79) | AC79: =IF((U79-E79)/G79=0,0.001,(U79-E79)/G79) | AD79: =F79-P79-J79-K79-AA79-AB79 | AE79: =AD79/AC79 | AF79: =IF(AD79<=0,0,IF(AC79<=0,$B$11,IF(AE79>=1.7,$B$11,MIN(AD79/MAX(0.05,IF(AE79>1,(2-AE79)^2/2,1-AE79^2/2)),$B$11)))) | AG79: =AG78*$B$28+AF79*(1-$B$28) | AH79: =IF(AND(AD79>0,AC79<=0),0,AC79) | AI79: =AH79/MAX(AG79,0.000001) | AJ79: =MIN(IF(AI79>=0.5,-AI79+SQRT(AI79^2+2),1),$B$12) | AK79: =IF(AG79<=0,0,AJ79*AH79) | AL79: =IF(AD79<=0,0,AD79) | AM79: =AL79-AK79+P79 | AN79: =((AM79/$B$7+T78*AS78/2-T79*MAX(0.1,MIN(0.3,0.3-0.09*(AR78-36.8)))/2)+AR78*(1-AS78/2))/(1-MAX(0.1,MIN(0.3,0.3-0.09*(AR78-36.8)))/2) | AO79: =((AM79/$B$7+T78*AS78/2-T79*MAX(0.1,MIN(0.3,0.3-0.09*(AN79-36.8)))/2)+AR78*(1-AS78/2))/(1-MAX(0.1,MIN(0.3,0.3-0.09*(AN79-36.8)))/2) | AP79: =((AM79/$B$7+T78*AS78/2-T79*MAX(0.1,MIN(0.3,0.3-0.09*(AO79-36.8)))/2)+AR78*(1-AS78/2))/(1-MAX(0.1,MIN(0.3,0.3-0.09*(AO79-36.8)))/2) | AQ79: =((AM79/$B$7+T78*AS78/2-T79*MAX(0.1,MIN(0.3,0.3-0.09*(AP79-36.8)))/2)+AR78*(1-AS78/2))/(1-MAX(0.1,MIN(0.3,0.3-0.09*(AP79-36.8)))/2) | AR79: =((AM79/$B$7+T78*AS78/2-T79*MAX(0.1,MIN(0.3,0.3-0.09*(AQ79-36.8)))/2)+AR78*(1-AS78/2))/(1-MAX(0.1,MIN(0.3,0.3-0.09*(AQ79-36.8)))/2) | AS79: =MAX(0.1,MIN(0.3,0.3-0.09*(AR79-36.8))) | AT79: =AT78+(2*AR79-1.962*AT78-1.31)/9 | AU79: =AU78+AG79+K79 | AV79: =AU79*2.67*$B$6/1.8/60 | AW79: =IF(AT79>=$B$36,1,0) | AX79: =IF(AV79>=$B$21,1,0)
A80: 7 | B80: =MATCH(A80-1,$D$61:$D$68,1) | C80: =INDEX($G$61:$G$68,B80) | D80: =INDEX($L$61:$L$68,B80) | E80: =INDEX($M$61:$M$68,B80) | F80: =INDEX($N$61:$N$68,B80) | G80: =INDEX($AA$61:$AA$68,B80) | H80: =INDEX($X$61:$X$68,B80) | I80: =INDEX($AF$61:$AF$68,B80) | J80: =INDEX($AC$61:$AC$68,B80) | K80: =INDEX($AD$61:$AD$68,B80) | L80: =INDEX($AG$61:$AG$68,B80) | M80: =INDEX($AH$61:$AH$68,B80) | N80: =INDEX($AI$61:$AI$68,B80) | O80: =O79*$B$26+L80*(1-$B$26) | P80: =$B$7*(O80-O79)*(1-AS79) | Q80: =M80+0.51274*AT79 | R80: =N80+0.616*AT79 | S80: =IF($B$13>=0.6,Q80,IF($B$13<=0.2,R80,R80+2.5*(Q80-R80)*($B$13-0.2))) | T80: =IF(A80=1,S80,T79*$B$27+S80*(1-$B$27)) | U80: =0.6105*EXP(17.27*T80/(T80+237.3)) | V80: =($B$14*(I80*C80+IF(ABS((D80+0.1)-D80)<0.000000001,4*$B$19*$B$20*(D80+273)^3,$B$19*$B$20*(((D80+0.1)+273)^4-(D80+273)^4)/((D80+0.1)-D80))*D80)+T80/H80)/($B$14*(I80+IF(ABS((D80+0.1)-D80)<0.000000001,4*$B$19*$B$20*(D80+273)^3,$B$19*$B$20*(((D80+0.1)+273)^4-(D80+273)^4)/((D80+0.1)-D80)))+1/H80) | W80: =($B$14*(I80*C80+IF(ABS(V80-D80)<0.000000001,4*$B$19*$B$20*(D80+273)^3,$B$19*$B$20*((V80+273)^4-(D80+273)^4)/(V80-D80))*D80)+T80/H80)/($B$14*(I80+IF(ABS(V80-D80)<0.000000001,4*$B$19*$B$20*(D80+273)^3,$B$19*$B$20*((V80+273)^4-(D80+273)^4)/(V80-D80)))+1/H80) | X80: =($B$14*(I80*C80+IF(ABS(W80-D80)<0.000000001,4*$B$19*$B$20*(D80+273)^3,$B$19*$B$20*((W80+273)^4-(D80+273)^4)/(W80-D80))*D80)+T80/H80)/($B$14*(I80+IF(ABS(W80-D80)<0.000000001,4*$B$19*$B$20*(D80+273)^3,$B$19*$B$20*((W80+273)^4-(D80+273)^4)/(W80-D80)))+1/H80) | Y80: =($B$14*(I80*C80+IF(ABS(X80-D80)<0.000000001,4*$B$19*$B$20*(D80+273)^3,$B$19*$B$20*((X80+273)^4-(D80+273)^4)/(X80-D80))*D80)+T80/H80)/($B$14*(I80+IF(ABS(X80-D80)<0.000000001,4*$B$19*$B$20*(D80+273)^3,$B$19*$B$20*((X80+273)^4-(D80+273)^4)/(X80-D80)))+1/H80) | Z80: =IF(ABS(Y80-D80)<0.000000001,4*$B$19*$B$20*(D80+273)^3,$B$19*$B$20*((Y80+273)^4-(D80+273)^4)/(Y80-D80)) | AA80: =$B$14*I80*(Y80-C80) | AB80: =$B$14*Z80*(Y80-D80) | AC80: =IF((U80-E80)/G80=0,0.001,(U80-E80)/G80) | AD80: =F80-P80-J80-K80-AA80-AB80 | AE80: =AD80/AC80 | AF80: =IF(AD80<=0,0,IF(AC80<=0,$B$11,IF(AE80>=1.7,$B$11,MIN(AD80/MAX(0.05,IF(AE80>1,(2-AE80)^2/2,1-AE80^2/2)),$B$11)))) | AG80: =AG79*$B$28+AF80*(1-$B$28) | AH80: =IF(AND(AD80>0,AC80<=0),0,AC80) | AI80: =AH80/MAX(AG80,0.000001) | AJ80: =MIN(IF(AI80>=0.5,-AI80+SQRT(AI80^2+2),1),$B$12) | AK80: =IF(AG80<=0,0,AJ80*AH80) | AL80: =IF(AD80<=0,0,AD80) | AM80: =AL80-AK80+P80 | AN80: =((AM80/$B$7+T79*AS79/2-T80*MAX(0.1,MIN(0.3,0.3-0.09*(AR79-36.8)))/2)+AR79*(1-AS79/2))/(1-MAX(0.1,MIN(0.3,0.3-0.09*(AR79-36.8)))/2) | AO80: =((AM80/$B$7+T79*AS79/2-T80*MAX(0.1,MIN(0.3,0.3-0.09*(AN80-36.8)))/2)+AR79*(1-AS79/2))/(1-MAX(0.1,MIN(0.3,0.3-0.09*(AN80-36.8)))/2) | AP80: =((AM80/$B$7+T79*AS79/2-T80*MAX(0.1,MIN(0.3,0.3-0.09*(AO80-36.8)))/2)+AR79*(1-AS79/2))/(1-MAX(0.1,MIN(0.3,0.3-0.09*(AO80-36.8)))/2) | AQ80: =((AM80/$B$7+T79*AS79/2-T80*MAX(0.1,MIN(0.3,0.3-0.09*(AP80-36.8)))/2)+AR79*(1-AS79/2))/(1-MAX(0.1,MIN(0.3,0.3-0.09*(AP80-36.8)))/2) | AR80: =((AM80/$B$7+T79*AS79/2-T80*MAX(0.1,MIN(0.3,0.3-0.09*(AQ80-36.8)))/2)+AR79*(1-AS79/2))/(1-MAX(0.1,MIN(0.3,0.3-0.09*(AQ80-36.8)))/2) | AS80: =MAX(0.1,MIN(0.3,0.3-0.09*(AR80-36.8))) | AT80: =AT79+(2*AR80-1.962*AT79-1.31)/9 | AU80: =AU79+AG80+K80 | AV80: =AU80*2.67*$B$6/1.8/60 | AW80: =IF(AT80>=$B$36,1,0) | AX80: =IF(AV80>=$B$21,1,0)
A81: 8 | B81: =MATCH(A81-1,$D$61:$D$68,1) | C81: =INDEX($G$61:$G$68,B81) | D81: =INDEX($L$61:$L$68,B81) | E81: =INDEX($M$61:$M$68,B81) | F81: =INDEX($N$61:$N$68,B81) | G81: =INDEX($AA$61:$AA$68,B81) | H81: =INDEX($X$61:$X$68,B81) | I81: =INDEX($AF$61:$AF$68,B81) | J81: =INDEX($AC$61:$AC$68,B81) | K81: =INDEX($AD$61:$AD$68,B81) | L81: =INDEX($AG$61:$AG$68,B81) | M81: =INDEX($AH$61:$AH$68,B81) | N81: =INDEX($AI$61:$AI$68,B81) | O81: =O80*$B$26+L81*(1-$B$26) | P81: =$B$7*(O81-O80)*(1-AS80) | Q81: =M81+0.51274*AT80 | R81: =N81+0.616*AT80 | S81: =IF($B$13>=0.6,Q81,IF($B$13<=0.2,R81,R81+2.5*(Q81-R81)*($B$13-0.2))) | T81: =IF(A81=1,S81,T80*$B$27+S81*(1-$B$27)) | U81: =0.6105*EXP(17.27*T81/(T81+237.3)) | V81: =($B$14*(I81*C81+IF(ABS((D81+0.1)-D81)<0.000000001,4*$B$19*$B$20*(D81+273)^3,$B$19*$B$20*(((D81+0.1)+273)^4-(D81+273)^4)/((D81+0.1)-D81))*D81)+T81/H81)/($B$14*(I81+IF(ABS((D81+0.1)-D81)<0.000000001,4*$B$19*$B$20*(D81+273)^3,$B$19*$B$20*(((D81+0.1)+273)^4-(D81+273)^4)/((D81+0.1)-D81)))+1/H81) | W81: =($B$14*(I81*C81+IF(ABS(V81-D81)<0.000000001,4*$B$19*$B$20*(D81+273)^3,$B$19*$B$20*((V81+273)^4-(D81+273)^4)/(V81-D81))*D81)+T81/H81)/($B$14*(I81+IF(ABS(V81-D81)<0.000000001,4*$B$19*$B$20*(D81+273)^3,$B$19*$B$20*((V81+273)^4-(D81+273)^4)/(V81-D81)))+1/H81) | X81: =($B$14*(I81*C81+IF(ABS(W81-D81)<0.000000001,4*$B$19*$B$20*(D81+273)^3,$B$19*$B$20*((W81+273)^4-(D81+273)^4)/(W81-D81))*D81)+T81/H81)/($B$14*(I81+IF(ABS(W81-D81)<0.000000001,4*$B$19*$B$20*(D81+273)^3,$B$19*$B$20*((W81+273)^4-(D81+273)^4)/(W81-D81)))+1/H81) | Y81: =($B$14*(I81*C81+IF(ABS(X81-D81)<0.000000001,4*$B$19*$B$20*(D81+273)^3,$B$19*$B$20*((X81+273)^4-(D81+273)^4)/(X81-D81))*D81)+T81/H81)/($B$14*(I81+IF(ABS(X81-D81)<0.000000001,4*$B$19*$B$20*(D81+273)^3,$B$19*$B$20*((X81+273)^4-(D81+273)^4)/(X81-D81)))+1/H81) | Z81: =IF(ABS(Y81-D81)<0.000000001,4*$B$19*$B$20*(D81+273)^3,$B$19*$B$20*((Y81+273)^4-(D81+273)^4)/(Y81-D81)) | AA81: =$B$14*I81*(Y81-C81) | AB81: =$B$14*Z81*(Y81-D81) | AC81: =IF((U81-E81)/G81=0,0.001,(U81-E81)/G81) | AD81: =F81-P81-J81-K81-AA81-AB81 | AE81: =AD81/AC81 | AF81: =IF(AD81<=0,0,IF(AC81<=0,$B$11,IF(AE81>=1.7,$B$11,MIN(AD81/MAX(0.05,IF(AE81>1,(2-AE81)^2/2,1-AE81^2/2)),$B$11)))) | AG81: =AG80*$B$28+AF81*(1-$B$28) | AH81: =IF(AND(AD81>0,AC81<=0),0,AC81) | AI81: =AH81/MAX(AG81,0.000001) | AJ81: =MIN(IF(AI81>=0.5,-AI81+SQRT(AI81^2+2),1),$B$12) | AK81: =IF(AG81<=0,0,AJ81*AH81) | AL81: =IF(AD81<=0,0,AD81) | AM81: =AL81-AK81+P81 | AN81: =((AM81/$B$7+T80*AS80/2-T81*MAX(0.1,MIN(0.3,0.3-0.09*(AR80-36.8)))/2)+AR80*(1-AS80/2))/(1-MAX(0.1,MIN(0.3,0.3-0.09*(AR80-36.8)))/2) | AO81: =((AM81/$B$7+T80*AS80/2-T81*MAX(0.1,MIN(0.3,0.3-0.09*(AN81-36.8)))/2)+AR80*(1-AS80/2))/(1-MAX(0.1,MIN(0.3,0.3-0.09*(AN81-36.8)))/2) | AP81: =((AM81/$B$7+T80*AS80/2-T81*MAX(0.1,MIN(0.3,0.3-0.09*(AO81-36.8)))/2)+AR80*(1-AS80/2))/(1-MAX(0.1,MIN(0.3,0.3-0.09*(AO81-36.8)))/2) | AQ81: =((AM81/$B$7+T80*AS80/2-T81*MAX(0.1,MIN(0.3,0.3-0.09*(AP81-36.8)))/2)+AR80*(1-AS80/2))/(1-MAX(0.1,MIN(0.3,0.3-0.09*(AP81-36.8)))/2) | AR81: =((AM81/$B$7+T80*AS80/2-T81*MAX(0.1,MIN(0.3,0.3-0.09*(AQ81-36.8)))/2)+AR80*(1-AS80/2))/(1-MAX(0.1,MIN(0.3,0.3-0.09*(AQ81-36.8)))/2) | AS81: =MAX(0.1,MIN(0.3,0.3-0.09*(AR81-36.8))) | AT81: =AT80+(2*AR81-1.962*AT80-1.31)/9 | AU81: =AU80+AG81+K81 | AV81: =AU81*2.67*$B$6/1.8/60 | AW81: =IF(AT81>=$B$36,1,0) | AX81: =IF(AV81>=$B$21,1,0)
A82: 9 | B82: =MATCH(A82-1,$D$61:$D$68,1) | C82: =INDEX($G$61:$G$68,B82) | D82: =INDEX($L$61:$L$68,B82) | E82: =INDEX($M$61:$M$68,B82) | F82: =INDEX($N$61:$N$68,B82) | G82: =INDEX($AA$61:$AA$68,B82) | H82: =INDEX($X$61:$X$68,B82) | I82: =INDEX($AF$61:$AF$68,B82) | J82: =INDEX($AC$61:$AC$68,B82) | K82: =INDEX($AD$61:$AD$68,B82) | L82: =INDEX($AG$61:$AG$68,B82) | M82: =INDEX($AH$61:$AH$68,B82) | N82: =INDEX($AI$61:$AI$68,B82) | O82: =O81*$B$26+L82*(1-$B$26) | P82: =$B$7*(O82-O81)*(1-AS81) | Q82: =M82+0.51274*AT81 | R82: =N82+0.616*AT81 | S82: =IF($B$13>=0.6,Q82,IF($B$13<=0.2,R82,R82+2.5*(Q82-R82)*($B$13-0.2))) | T82: =IF(A82=1,S82,T81*$B$27+S82*(1-$B$27)) | U82: =0.6105*EXP(17.27*T82/(T82+237.3)) | V82: =($B$14*(I82*C82+IF(ABS((D82+0.1)-D82)<0.000000001,4*$B$19*$B$20*(D82+273)^3,$B$19*$B$20*(((D82+0.1)+273)^4-(D82+273)^4)/((D82+0.1)-D82))*D82)+T82/H82)/($B$14*(I82+IF(ABS((D82+0.1)-D82)<0.000000001,4*$B$19*$B$20*(D82+273)^3,$B$19*$B$20*(((D82+0.1)+273)^4-(D82+273)^4)/((D82+0.1)-D82)))+1/H82) | W82: =($B$14*(I82*C82+IF(ABS(V82-D82)<0.000000001,4*$B$19*$B$20*(D82+273)^3,$B$19*$B$20*((V82+273)^4-(D82+273)^4)/(V82-D82))*D82)+T82/H82)/($B$14*(I82+IF(ABS(V82-D82)<0.000000001,4*$B$19*$B$20*(D82+273)^3,$B$19*$B$20*((V82+273)^4-(D82+273)^4)/(V82-D82)))+1/H82) | X82: =($B$14*(I82*C82+IF(ABS(W82-D82)<0.000000001,4*$B$19*$B$20*(D82+273)^3,$B$19*$B$20*((W82+273)^4-(D82+273)^4)/(W82-D82))*D82)+T82/H82)/($B$14*(I82+IF(ABS(W82-D82)<0.000000001,4*$B$19*$B$20*(D82+273)^3,$B$19*$B$20*((W82+273)^4-(D82+273)^4)/(W82-D82)))+1/H82) | Y82: =($B$14*(I82*C82+IF(ABS(X82-D82)<0.000000001,4*$B$19*$B$20*(D82+273)^3,$B$19*$B$20*((X82+273)^4-(D82+273)^4)/(X82-D82))*D82)+T82/H82)/($B$14*(I82+IF(ABS(X82-D82)<0.000000001,4*$B$19*$B$20*(D82+273)^3,$B$19*$B$20*((X82+273)^4-(D82+273)^4)/(X82-D82)))+1/H82) | Z82: =IF(ABS(Y82-D82)<0.000000001,4*$B$19*$B$20*(D82+273)^3,$B$19*$B$20*((Y82+273)^4-(D82+273)^4)/(Y82-D82)) | AA82: =$B$14*I82*(Y82-C82) | AB82: =$B$14*Z82*(Y82-D82) | AC82: =IF((U82-E82)/G82=0,0.001,(U82-E82)/G82) | AD82: =F82-P82-J82-K82-AA82-AB82 | AE82: =AD82/AC82 | AF82: =IF(AD82<=0,0,IF(AC82<=0,$B$11,IF(AE82>=1.7,$B$11,MIN(AD82/MAX(0.05,IF(AE82>1,(2-AE82)^2/2,1-AE82^2/2)),$B$11)))) | AG82: =AG81*$B$28+AF82*(1-$B$28) | AH82: =IF(AND(AD82>0,AC82<=0),0,AC82) | AI82: =AH82/MAX(AG82,0.000001) | AJ82: =MIN(IF(AI82>=0.5,-AI82+SQRT(AI82^2+2),1),$B$12) | AK82: =IF(AG82<=0,0,AJ82*AH82) | AL82: =IF(AD82<=0,0,AD82) | AM82: =AL82-AK82+P82 | AN82: =((AM82/$B$7+T81*AS81/2-T82*MAX(0.1,MIN(0.3,0.3-0.09*(AR81-36.8)))/2)+AR81*(1-AS81/2))/(1-MAX(0.1,MIN(0.3,0.3-0.09*(AR81-36.8)))/2) | AO82: =((AM82/$B$7+T81*AS81/2-T82*MAX(0.1,MIN(0.3,0.3-0.09*(AN82-36.8)))/2)+AR81*(1-AS81/2))/(1-MAX(0.1,MIN(0.3,0.3-0.09*(AN82-36.8)))/2) | AP82: =((AM82/$B$7+T81*AS81/2-T82*MAX(0.1,MIN(0.3,0.3-0.09*(AO82-36.8)))/2)+AR81*(1-AS81/2))/(1-MAX(0.1,MIN(0.3,0.3-0.09*(AO82-36.8)))/2) | AQ82: =((AM82/$B$7+T81*AS81/2-T82*MAX(0.1,MIN(0.3,0.3-0.09*(AP82-36.8)))/2)+AR81*(1-AS81/2))/(1-MAX(0.1,MIN(0.3,0.3-0.09*(AP82-36.8)))/2) | AR82: =((AM82/$B$7+T81*AS81/2-T82*MAX(0.1,MIN(0.3,0.3-0.09*(AQ82-36.8)))/2)+AR81*(1-AS81/2))/(1-MAX(0.1,MIN(0.3,0.3-0.09*(AQ82-36.8)))/2) | AS82: =MAX(0.1,MIN(0.3,0.3-0.09*(AR82-36.8))) | AT82: =AT81+(2*AR82-1.962*AT81-1.31)/9 | AU82: =AU81+AG82+K82 | AV82: =AU82*2.67*$B$6/1.8/60 | AW82: =IF(AT82>=$B$36,1,0) | AX82: =IF(AV82>=$B$21,1,0)
A83: 10 | B83: =MATCH(A83-1,$D$61:$D$68,1) | C83: =INDEX($G$61:$G$68,B83) | D83: =INDEX($L$61:$L$68,B83) | E83: =INDEX($M$61:$M$68,B83) | F83: =INDEX($N$61:$N$68,B83) | G83: =INDEX($AA$61:$AA$68,B83) | H83: =INDEX($X$61:$X$68,B83) | I83: =INDEX($AF$61:$AF$68,B83) | J83: =INDEX($AC$61:$AC$68,B83) | K83: =INDEX($AD$61:$AD$68,B83) | L83: =INDEX($AG$61:$AG$68,B83) | M83: =INDEX($AH$61:$AH$68,B83) | N83: =INDEX($AI$61:$AI$68,B83) | O83: =O82*$B$26+L83*(1-$B$26) | P83: =$B$7*(O83-O82)*(1-AS82) | Q83: =M83+0.51274*AT82 | R83: =N83+0.616*AT82 | S83: =IF($B$13>=0.6,Q83,IF($B$13<=0.2,R83,R83+2.5*(Q83-R83)*($B$13-0.2))) | T83: =IF(A83=1,S83,T82*$B$27+S83*(1-$B$27)) | U83: =0.6105*EXP(17.27*T83/(T83+237.3)) | V83: =($B$14*(I83*C83+IF(ABS((D83+0.1)-D83)<0.000000001,4*$B$19*$B$20*(D83+273)^3,$B$19*$B$20*(((D83+0.1)+273)^4-(D83+273)^4)/((D83+0.1)-D83))*D83)+T83/H83)/($B$14*(I83+IF(ABS((D83+0.1)-D83)<0.000000001,4*$B$19*$B$20*(D83+273)^3,$B$19*$B$20*(((D83+0.1)+273)^4-(D83+273)^4)/((D83+0.1)-D83)))+1/H83) | W83: =($B$14*(I83*C83+IF(ABS(V83-D83)<0.000000001,4*$B$19*$B$20*(D83+273)^3,$B$19*$B$20*((V83+273)^4-(D83+273)^4)/(V83-D83))*D83)+T83/H83)/($B$14*(I83+IF(ABS(V83-D83)<0.000000001,4*$B$19*$B$20*(D83+273)^3,$B$19*$B$20*((V83+273)^4-(D83+273)^4)/(V83-D83)))+1/H83) | X83: =($B$14*(I83*C83+IF(ABS(W83-D83)<0.000000001,4*$B$19*$B$20*(D83+273)^3,$B$19*$B$20*((W83+273)^4-(D83+273)^4)/(W83-D83))*D83)+T83/H83)/($B$14*(I83+IF(ABS(W83-D83)<0.000000001,4*$B$19*$B$20*(D83+273)^3,$B$19*$B$20*((W83+273)^4-(D83+273)^4)/(W83-D83)))+1/H83) | Y83: =($B$14*(I83*C83+IF(ABS(X83-D83)<0.000000001,4*$B$19*$B$20*(D83+273)^3,$B$19*$B$20*((X83+273)^4-(D83+273)^4)/(X83-D83))*D83)+T83/H83)/($B$14*(I83+IF(ABS(X83-D83)<0.000000001,4*$B$19*$B$20*(D83+273)^3,$B$19*$B$20*((X83+273)^4-(D83+273)^4)/(X83-D83)))+1/H83) | Z83: =IF(ABS(Y83-D83)<0.000000001,4*$B$19*$B$20*(D83+273)^3,$B$19*$B$20*((Y83+273)^4-(D83+273)^4)/(Y83-D83)) | AA83: =$B$14*I83*(Y83-C83) | AB83: =$B$14*Z83*(Y83-D83) | AC83: =IF((U83-E83)/G83=0,0.001,(U83-E83)/G83) | AD83: =F83-P83-J83-K83-AA83-AB83 | AE83: =AD83/AC83 | AF83: =IF(AD83<=0,0,IF(AC83<=0,$B$11,IF(AE83>=1.7,$B$11,MIN(AD83/MAX(0.05,IF(AE83>1,(2-AE83)^2/2,1-AE83^2/2)),$B$11)))) | AG83: =AG82*$B$28+AF83*(1-$B$28) | AH83: =IF(AND(AD83>0,AC83<=0),0,AC83) | AI83: =AH83/MAX(AG83,0.000001) | AJ83: =MIN(IF(AI83>=0.5,-AI83+SQRT(AI83^2+2),1),$B$12) | AK83: =IF(AG83<=0,0,AJ83*AH83) | AL83: =IF(AD83<=0,0,AD83) | AM83: =AL83-AK83+P83 | AN83: =((AM83/$B$7+T82*AS82/2-T83*MAX(0.1,MIN(0.3,0.3-0.09*(AR82-36.8)))/2)+AR82*(1-AS82/2))/(1-MAX(0.1,MIN(0.3,0.3-0.09*(AR82-36.8)))/2) | AO83: =((AM83/$B$7+T82*AS82/2-T83*MAX(0.1,MIN(0.3,0.3-0.09*(AN83-36.8)))/2)+AR82*(1-AS82/2))/(1-MAX(0.1,MIN(0.3,0.3-0.09*(AN83-36.8)))/2) | AP83: =((AM83/$B$7+T82*AS82/2-T83*MAX(0.1,MIN(0.3,0.3-0.09*(AO83-36.8)))/2)+AR82*(1-AS82/2))/(1-MAX(0.1,MIN(0.3,0.3-0.09*(AO83-36.8)))/2) | AQ83: =((AM83/$B$7+T82*AS82/2-T83*MAX(0.1,MIN(0.3,0.3-0.09*(AP83-36.8)))/2)+AR82*(1-AS82/2))/(1-MAX(0.1,MIN(0.3,0.3-0.09*(AP83-36.8)))/2) | AR83: =((AM83/$B$7+T82*AS82/2-T83*MAX(0.1,MIN(0.3,0.3-0.09*(AQ83-36.8)))/2)+AR82*(1-AS82/2))/(1-MAX(0.1,MIN(0.3,0.3-0.09*(AQ83-36.8)))/2) | AS83: =MAX(0.1,MIN(0.3,0.3-0.09*(AR83-36.8))) | AT83: =AT82+(2*AR83-1.962*AT82-1.31)/9 | AU83: =AU82+AG83+K83 | AV83: =AU83*2.67*$B$6/1.8/60 | AW83: =IF(AT83>=$B$36,1,0) | AX83: =IF(AV83>=$B$21,1,0)
A84: 11 | B84: =MATCH(A84-1,$D$61:$D$68,1) | C84: =INDEX($G$61:$G$68,B84) | D84: =INDEX($L$61:$L$68,B84) | E84: =INDEX($M$61:$M$68,B84) | F84: =INDEX($N$61:$N$68,B84) | G84: =INDEX($AA$61:$AA$68,B84) | H84: =INDEX($X$61:$X$68,B84) | I84: =INDEX($AF$61:$AF$68,B84) | J84: =INDEX($AC$61:$AC$68,B84) | K84: =INDEX($AD$61:$AD$68,B84) | L84: =INDEX($AG$61:$AG$68,B84) | M84: =INDEX($AH$61:$AH$68,B84) | N84: =INDEX($AI$61:$AI$68,B84) | O84: =O83*$B$26+L84*(1-$B$26) | P84: =$B$7*(O84-O83)*(1-AS83) | Q84: =M84+0.51274*AT83 | R84: =N84+0.616*AT83 | S84: =IF($B$13>=0.6,Q84,IF($B$13<=0.2,R84,R84+2.5*(Q84-R84)*($B$13-0.2))) | T84: =IF(A84=1,S84,T83*$B$27+S84*(1-$B$27)) | U84: =0.6105*EXP(17.27*T84/(T84+237.3)) | V84: =($B$14*(I84*C84+IF(ABS((D84+0.1)-D84)<0.000000001,4*$B$19*$B$20*(D84+273)^3,$B$19*$B$20*(((D84+0.1)+273)^4-(D84+273)^4)/((D84+0.1)-D84))*D84)+T84/H84)/($B$14*(I84+IF(ABS((D84+0.1)-D84)<0.000000001,4*$B$19*$B$20*(D84+273)^3,$B$19*$B$20*(((D84+0.1)+273)^4-(D84+273)^4)/((D84+0.1)-D84)))+1/H84) | W84: =($B$14*(I84*C84+IF(ABS(V84-D84)<0.000000001,4*$B$19*$B$20*(D84+273)^3,$B$19*$B$20*((V84+273)^4-(D84+273)^4)/(V84-D84))*D84)+T84/H84)/($B$14*(I84+IF(ABS(V84-D84)<0.000000001,4*$B$19*$B$20*(D84+273)^3,$B$19*$B$20*((V84+273)^4-(D84+273)^4)/(V84-D84)))+1/H84) | X84: =($B$14*(I84*C84+IF(ABS(W84-D84)<0.000000001,4*$B$19*$B$20*(D84+273)^3,$B$19*$B$20*((W84+273)^4-(D84+273)^4)/(W84-D84))*D84)+T84/H84)/($B$14*(I84+IF(ABS(W84-D84)<0.000000001,4*$B$19*$B$20*(D84+273)^3,$B$19*$B$20*((W84+273)^4-(D84+273)^4)/(W84-D84)))+1/H84) | Y84: =($B$14*(I84*C84+IF(ABS(X84-D84)<0.000000001,4*$B$19*$B$20*(D84+273)^3,$B$19*$B$20*((X84+273)^4-(D84+273)^4)/(X84-D84))*D84)+T84/H84)/($B$14*(I84+IF(ABS(X84-D84)<0.000000001,4*$B$19*$B$20*(D84+273)^3,$B$19*$B$20*((X84+273)^4-(D84+273)^4)/(X84-D84)))+1/H84) | Z84: =IF(ABS(Y84-D84)<0.000000001,4*$B$19*$B$20*(D84+273)^3,$B$19*$B$20*((Y84+273)^4-(D84+273)^4)/(Y84-D84)) | AA84: =$B$14*I84*(Y84-C84) | AB84: =$B$14*Z84*(Y84-D84) | AC84: =IF((U84-E84)/G84=0,0.001,(U84-E84)/G84) | AD84: =F84-P84-J84-K84-AA84-AB84 | AE84: =AD84/AC84 | AF84: =IF(AD84<=0,0,IF(AC84<=0,$B$11,IF(AE84>=1.7,$B$11,MIN(AD84/MAX(0.05,IF(AE84>1,(2-AE84)^2/2,1-AE84^2/2)),$B$11)))) | AG84: =AG83*$B$28+AF84*(1-$B$28) | AH84: =IF(AND(AD84>0,AC84<=0),0,AC84) | AI84: =AH84/MAX(AG84,0.000001) | AJ84: =MIN(IF(AI84>=0.5,-AI84+SQRT(AI84^2+2),1),$B$12) | AK84: =IF(AG84<=0,0,AJ84*AH84) | AL84: =IF(AD84<=0,0,AD84) | AM84: =AL84-AK84+P84 | AN84: =((AM84/$B$7+T83*AS83/2-T84*MAX(0.1,MIN(0.3,0.3-0.09*(AR83-36.8)))/2)+AR83*(1-AS83/2))/(1-MAX(0.1,MIN(0.3,0.3-0.09*(AR83-36.8)))/2) | AO84: =((AM84/$B$7+T83*AS83/2-T84*MAX(0.1,MIN(0.3,0.3-0.09*(AN84-36.8)))/2)+AR83*(1-AS83/2))/(1-MAX(0.1,MIN(0.3,0.3-0.09*(AN84-36.8)))/2) | AP84: =((AM84/$B$7+T83*AS83/2-T84*MAX(0.1,MIN(0.3,0.3-0.09*(AO84-36.8)))/2)+AR83*(1-AS83/2))/(1-MAX(0.1,MIN(0.3,0.3-0.09*(AO84-36.8)))/2) | AQ84: =((AM84/$B$7+T83*AS83/2-T84*MAX(0.1,MIN(0.3,0.3-0.09*(AP84-36.8)))/2)+AR83*(1-AS83/2))/(1-MAX(0.1,MIN(0.3,0.3-0.09*(AP84-36.8)))/2) | AR84: =((AM84/$B$7+T83*AS83/2-T84*MAX(0.1,MIN(0.3,0.3-0.09*(AQ84-36.8)))/2)+AR83*(1-AS83/2))/(1-MAX(0.1,MIN(0.3,0.3-0.09*(AQ84-36.8)))/2) | AS84: =MAX(0.1,MIN(0.3,0.3-0.09*(AR84-36.8))) | AT84: =AT83+(2*AR84-1.962*AT83-1.31)/9 | AU84: =AU83+AG84+K84 | AV84: =AU84*2.67*$B$6/1.8/60 | AW84: =IF(AT84>=$B$36,1,0) | AX84: =IF(AV84>=$B$21,1,0)
A85: 12 | B85: =MATCH(A85-1,$D$61:$D$68,1) | C85: =INDEX($G$61:$G$68,B85) | D85: =INDEX($L$61:$L$68,B85) | E85: =INDEX($M$61:$M$68,B85) | F85: =INDEX($N$61:$N$68,B85) | G85: =INDEX($AA$61:$AA$68,B85) | H85: =INDEX($X$61:$X$68,B85) | I85: =INDEX($AF$61:$AF$68,B85) | J85: =INDEX($AC$61:$AC$68,B85) | K85: =INDEX($AD$61:$AD$68,B85) | L85: =INDEX($AG$61:$AG$68,B85) | M85: =INDEX($AH$61:$AH$68,B85) | N85: =INDEX($AI$61:$AI$68,B85) | O85: =O84*$B$26+L85*(1-$B$26) | P85: =$B$7*(O85-O84)*(1-AS84) | Q85: =M85+0.51274*AT84 | R85: =N85+0.616*AT84 | S85: =IF($B$13>=0.6,Q85,IF($B$13<=0.2,R85,R85+2.5*(Q85-R85)*($B$13-0.2))) | T85: =IF(A85=1,S85,T84*$B$27+S85*(1-$B$27)) | U85: =0.6105*EXP(17.27*T85/(T85+237.3)) | V85: =($B$14*(I85*C85+IF(ABS((D85+0.1)-D85)<0.000000001,4*$B$19*$B$20*(D85+273)^3,$B$19*$B$20*(((D85+0.1)+273)^4-(D85+273)^4)/((D85+0.1)-D85))*D85)+T85/H85)/($B$14*(I85+IF(ABS((D85+0.1)-D85)<0.000000001,4*$B$19*$B$20*(D85+273)^3,$B$19*$B$20*(((D85+0.1)+273)^4-(D85+273)^4)/((D85+0.1)-D85)))+1/H85) | W85: =($B$14*(I85*C85+IF(ABS(V85-D85)<0.000000001,4*$B$19*$B$20*(D85+273)^3,$B$19*$B$20*((V85+273)^4-(D85+273)^4)/(V85-D85))*D85)+T85/H85)/($B$14*(I85+IF(ABS(V85-D85)<0.000000001,4*$B$19*$B$20*(D85+273)^3,$B$19*$B$20*((V85+273)^4-(D85+273)^4)/(V85-D85)))+1/H85) | X85: =($B$14*(I85*C85+IF(ABS(W85-D85)<0.000000001,4*$B$19*$B$20*(D85+273)^3,$B$19*$B$20*((W85+273)^4-(D85+273)^4)/(W85-D85))*D85)+T85/H85)/($B$14*(I85+IF(ABS(W85-D85)<0.000000001,4*$B$19*$B$20*(D85+273)^3,$B$19*$B$20*((W85+273)^4-(D85+273)^4)/(W85-D85)))+1/H85) | Y85: =($B$14*(I85*C85+IF(ABS(X85-D85)<0.000000001,4*$B$19*$B$20*(D85+273)^3,$B$19*$B$20*((X85+273)^4-(D85+273)^4)/(X85-D85))*D85)+T85/H85)/($B$14*(I85+IF(ABS(X85-D85)<0.000000001,4*$B$19*$B$20*(D85+273)^3,$B$19*$B$20*((X85+273)^4-(D85+273)^4)/(X85-D85)))+1/H85) | Z85: =IF(ABS(Y85-D85)<0.000000001,4*$B$19*$B$20*(D85+273)^3,$B$19*$B$20*((Y85+273)^4-(D85+273)^4)/(Y85-D85)) | AA85: =$B$14*I85*(Y85-C85) | AB85: =$B$14*Z85*(Y85-D85) | AC85: =IF((U85-E85)/G85=0,0.001,(U85-E85)/G85) | AD85: =F85-P85-J85-K85-AA85-AB85 | AE85: =AD85/AC85 | AF85: =IF(AD85<=0,0,IF(AC85<=0,$B$11,IF(AE85>=1.7,$B$11,MIN(AD85/MAX(0.05,IF(AE85>1,(2-AE85)^2/2,1-AE85^2/2)),$B$11)))) | AG85: =AG84*$B$28+AF85*(1-$B$28) | AH85: =IF(AND(AD85>0,AC85<=0),0,AC85) | AI85: =AH85/MAX(AG85,0.000001) | AJ85: =MIN(IF(AI85>=0.5,-AI85+SQRT(AI85^2+2),1),$B$12) | AK85: =IF(AG85<=0,0,AJ85*AH85) | AL85: =IF(AD85<=0,0,AD85) | AM85: =AL85-AK85+P85 | AN85: =((AM85/$B$7+T84*AS84/2-T85*MAX(0.1,MIN(0.3,0.3-0.09*(AR84-36.8)))/2)+AR84*(1-AS84/2))/(1-MAX(0.1,MIN(0.3,0.3-0.09*(AR84-36.8)))/2) | AO85: =((AM85/$B$7+T84*AS84/2-T85*MAX(0.1,MIN(0.3,0.3-0.09*(AN85-36.8)))/2)+AR84*(1-AS84/2))/(1-MAX(0.1,MIN(0.3,0.3-0.09*(AN85-36.8)))/2) | AP85: =((AM85/$B$7+T84*AS84/2-T85*MAX(0.1,MIN(0.3,0.3-0.09*(AO85-36.8)))/2)+AR84*(1-AS84/2))/(1-MAX(0.1,MIN(0.3,0.3-0.09*(AO85-36.8)))/2) | AQ85: =((AM85/$B$7+T84*AS84/2-T85*MAX(0.1,MIN(0.3,0.3-0.09*(AP85-36.8)))/2)+AR84*(1-AS84/2))/(1-MAX(0.1,MIN(0.3,0.3-0.09*(AP85-36.8)))/2) | AR85: =((AM85/$B$7+T84*AS84/2-T85*MAX(0.1,MIN(0.3,0.3-0.09*(AQ85-36.8)))/2)+AR84*(1-AS84/2))/(1-MAX(0.1,MIN(0.3,0.3-0.09*(AQ85-36.8)))/2) | AS85: =MAX(0.1,MIN(0.3,0.3-0.09*(AR85-36.8))) | AT85: =AT84+(2*AR85-1.962*AT84-1.31)/9 | AU85: =AU84+AG85+K85 | AV85: =AU85*2.67*$B$6/1.8/60 | AW85: =IF(AT85>=$B$36,1,0) | AX85: =IF(AV85>=$B$21,1,0)
... A793: 720 | B793: =MATCH(A793-1,$D$61:$D$68,1) | C793: =INDEX($G$61:$G$68,B793) | D793: =INDEX($L$61:$L$68,B793) | E793: =INDEX($M$61:$M$68,B793) | F793: =INDEX($N$61:$N$68,B793) | G793: =INDEX($AA$61:$AA$68,B793) | H793: =INDEX($X$61:$X$68,B793) | I793: =INDEX($AF$61:$AF$68,B793) | J793: =INDEX($AC$61:$AC$68,B793) | K793: =INDEX($AD$61:$AD$68,B793) | L793: =INDEX($AG$61:$AG$68,B793) | M793: =INDEX($AH$61:$AH$68,B793) | N793: =INDEX($AI$61:$AI$68,B793) | O793: =O792*$B$26+L793*(1-$B$26) | P793: =$B$7*(O793-O792)*(1-AS792) | Q793: =M793+0.51274*AT792 | R793: =N793+0.616*AT792 | S793: =IF($B$13>=0.6,Q793,IF($B$13<=0.2,R793,R793+2.5*(Q793-R793)*($B$13-0.2))) | T793: =IF(A793=1,S793,T792*$B$27+S793*(1-$B$27)) | U793: =0.6105*EXP(17.27*T793/(T793+237.3)) | V793: =($B$14*(I793*C793+IF(ABS((D793+0.1)-D793)<0.000000001,4*$B$19*$B$20*(D793+273)^3,$B$19*$B$20*(((D793+0.1)+273)^4-(D793+273)^4)/((D793+0.1)-D793))*D793)+T793/H793)/($B$14*(I793+IF(ABS((D793+0.1)-D793)<0.000000001,4*$B$19*$B$20*(D793+273)^3,$B$19*$B$20*(((D793+0.1)+273)^4-(D793+273)^4)/((D793+0.1)-D793)))+1/H793) | W793: =($B$14*(I793*C793+IF(ABS(V793-D793)<0.000000001,4*$B$19*$B$20*(D793+273)^3,$B$19*$B$20*((V793+273)^4-(D793+273)^4)/(V793-D793))*D793)+T793/H793)/($B$14*(I793+IF(ABS(V793-D793)<0.000000001,4*$B$19*$B$20*(D793+273)^3,$B$19*$B$20*((V793+273)^4-(D793+273)^4)/(V793-D793)))+1/H793) | X793: =($B$14*(I793*C793+IF(ABS(W793-D793)<0.000000001,4*$B$19*$B$20*(D793+273)^3,$B$19*$B$20*((W793+273)^4-(D793+273)^4)/(W793-D793))*D793)+T793/H793)/($B$14*(I793+IF(ABS(W793-D793)<0.000000001,4*$B$19*$B$20*(D793+273)^3,$B$19*$B$20*((W793+273)^4-(D793+273)^4)/(W793-D793)))+1/H793) | Y793: =($B$14*(I793*C793+IF(ABS(X793-D793)<0.000000001,4*$B$19*$B$20*(D793+273)^3,$B$19*$B$20*((X793+273)^4-(D793+273)^4)/(X793-D793))*D793)+T793/H793)/($B$14*(I793+IF(ABS(X793-D793)<0.000000001,4*$B$19*$B$20*(D793+273)^3,$B$19*$B$20*((X793+273)^4-(D793+273)^4)/(X793-D793)))+1/H793) | Z793: =IF(ABS(Y793-D793)<0.000000001,4*$B$19*$B$20*(D793+273)^3,$B$19*$B$20*((Y793+273)^4-(D793+273)^4)/(Y793-D793)) | AA793: =$B$14*I793*(Y793-C793) | AB793: =$B$14*Z793*(Y793-D793) | AC793: =IF((U793-E793)/G793=0,0.001,(U793-E793)/G793) | AD793: =F793-P793-J793-K793-AA793-AB793 | AE793: =AD793/AC793 | AF793: =IF(AD793<=0,0,IF(AC793<=0,$B$11,IF(AE793>=1.7,$B$11,MIN(AD793/MAX(0.05,IF(AE793>1,(2-AE793)^2/2,1-AE793^2/2)),$B$11)))) | AG793: =AG792*$B$28+AF793*(1-$B$28) | AH793: =IF(AND(AD793>0,AC793<=0),0,AC793) | AI793: =AH793/MAX(AG793,0.000001) | AJ793: =MIN(IF(AI793>=0.5,-AI793+SQRT(AI793^2+2),1),$B$12) | AK793: =IF(AG793<=0,0,AJ793*AH793) | AL793: =IF(AD793<=0,0,AD793) | AM793: =AL793-AK793+P793 | AN793: =((AM793/$B$7+T792*AS792/2-T793*MAX(0.1,MIN(0.3,0.3-0.09*(AR792-36.8)))/2)+AR792*(1-AS792/2))/(1-MAX(0.1,MIN(0.3,0.3-0.09*(AR792-36.8)))/2) | AO793: =((AM793/$B$7+T792*AS792/2-T793*MAX(0.1,MIN(0.3,0.3-0.09*(AN793-36.8)))/2)+AR792*(1-AS792/2))/(1-MAX(0.1,MIN(0.3,0.3-0.09*(AN793-36.8)))/2) | AP793: =((AM793/$B$7+T792*AS792/2-T793*MAX(0.1,MIN(0.3,0.3-0.09*(AO793-36.8)))/2)+AR792*(1-AS792/2))/(1-MAX(0.1,MIN(0.3,0.3-0.09*(AO793-36.8)))/2) | AQ793: =((AM793/$B$7+T792*AS792/2-T793*MAX(0.1,MIN(0.3,0.3-0.09*(AP793-36.8)))/2)+AR792*(1-AS792/2))/(1-MAX(0.1,MIN(0.3,0.3-0.09*(AP793-36.8)))/2) | AR793: =((AM793/$B$7+T792*AS792/2-T793*MAX(0.1,MIN(0.3,0.3-0.09*(AQ793-36.8)))/2)+AR792*(1-AS792/2))/(1-MAX(0.1,MIN(0.3,0.3-0.09*(AQ793-36.8)))/2) | AS793: =MAX(0.1,MIN(0.3,0.3-0.09*(AR793-36.8))) | AT793: =AT792+(2*AR793-1.962*AT792-1.31)/9 | AU793: =AU792+AG793+K793 | AV793: =AU793*2.67*$B$6/1.8/60 | AW793: =IF(AT793>=$B$36,1,0) | AX793: =IF(AV793>=$B$21,1,0)

Sheet Instrucciones
A1: CÓMO USAR HEATSTRESSRISK
A2: 1. MÉTODO DE EVALUACIÓN | C2: Hoja: Evaluación
A3: - Ingrese WBGT temperatura medida o estimada
A4: - Seleccione o ingrese tasa metabólica
A5: - Seleccione estado de aclimatación
A6: - Ingrese valor de ajuste de ropa (CAV)
A7: - Los resultados se calculan automáticamente
A9: 2. CÁLCULOS AUTOMÁTICOS
A10: - TLV y AL se calculan según ecuaciones ACGIH
A11: - Severidad se clasifica automáticamente
A12: - Recomendaciones de nivel se basan en severidad
A14: 3. DATOS DE REFERENCIA | C14: Hoja: Datos de Referencia
A15: - Tasas metabólicas comunes
A16: - Valores de ajuste de ropa
A17: - Niveles de severidad
A19: 4. MÉTODO DETALLADO | C19: Hoja: Análisis Detallado
A20: - Para exposiciones heterogéneas con múltiples tareas
A21: - Ingrese cada tarea con duración y WBGT
A22: - Los promedios ponderados se calculan automáticamente
A24: 5. ANÁLISIS DETALLADO – CLASIFICACIÓN ACGIH (NUEVO V2) | C24: Hoja: Análisis Detallado
A25: - Ingrese aclimatación y CAV de ropa (B18:B19) debajo de los promedios ponderados
A26: - TLV/AL se calculan con el PPA de la tasa metabólica y se clasifica la severidad
A28: 6. PHS – TENSIÓN TÉRMICA PREDICHA, ISO 7933:2023 (NUEVO V2) | C28: Hoja: PHS
A29: - En 'Análisis Detallado' ingrese además Tbs, Tg, HR y velocidad del aire (columnas G–J) de cada tarea
A30: - En 'PHS' indique peso, estatura, postura y ropa (clo); Tr y Pa se calculan automáticamente
A31: - Resultados: Tre, pérdida de agua y tiempo máximo de exposición (Dlim); revise la validez y las notas
A33: 7. PLAN DE CONTROL AUTOMÁTICO (NUEVO V2) | C33: Hoja: Plan de Control
A34: - Elija la fuente de evaluación, el tipo de exposición y si hay trabajadores susceptibles
A35: - Se genera la lista de controles según severidad, ambiente, ropa, aclimatación y resultado PHS
A37: 8. BIBLIOTECA DE CONTROLES (EDITABLE) | C37: Hoja: Biblioteca de Controles
A38: - Cada fila es una regla: nivel, tipo, texto, severidad mínima y condiciones
A39: - La hoja 'Motor PHS' es de cálculo interno: no la modifique
