Workbook

Sheet Portada

Sheet Light
A1: DISEÑO DE ILUMINACION
A4: Largo del local (L) | B4: 15 | C4: m
A5: Ancho de local (W) | B5: 10 | C5: m
A6: Alto del local (H) | B6: 4 | C6: m
A7: Altura plano de trabajo (hp) | B7: 0.85 | C7: m
A8: Altura suspensión lámpara (hd) | B8: 0 | C8: m
A9: Iluminancia requerida (Ereq) | B9: 500 | C9: Lux
A10: Área del local (S) | B10: =B4 * B5 -> 150 | C10: m²
A11: Altura útil de montaje (hm) | B11: =B6 - B7 - B8 -> 3.15 | C11: m
A12: Índice del local (K) | B12: =(B4 * B5) / (B11 * (B4 + B5)) -> 1.9047619
A14: DATOS DE LUMINARIAS
A15: Flujo por lámpara (Φ (phi)) | B15: 10000 | C15: lm
A16: Número de lámparas (n_l) | B16: 1
A17: Coeficiente de Utilización (CU) | B17: 0.55
A18: Factor de Mantenimiento (FM) | B18: ='Factor de Mantenimiento'!C9 -> 0.6075
A19: Flujo luminoso total requerido | B19: =(B9 * B10) / (B17 * B18) -> 224466.89 | C19: lm
A20: Número teórico de luminarias | B20: =B19 / (B16 * B15) -> 22.446689 | C20: Unidades
A23: Luminarias a lo largo (NL) | B23: =ROUND(SQRT(B20 * (B4 / B5)), 0) -> 6 | C23: filas
A24: Luminarias a lo ancho (NW) | B24: =ROUND(B20 / B23, 0) -> 4 | C24: columnas
A25: Número real instalado | B25: =B23 * B24 -> 24 | C25: luminarias
A26: Distancia entre luminarias (Largo | B26: =B4 / B23 -> 2.5 | C26: m
A27: Distancia entre luminarias (Ancho) | B27: =B5 / B24 -> 2.5 | C27: m
A28: Distancia a la pared | B28: =B26 / 2 -> 1.25 | C28: m
A31: Iluminancia requerida | B31: =B9 -> 500 | C31: Lux
A32: Iluminancia real proyectada | B32: =(B25 * B16 * B15 * B17 * B18) / B10 -> 534.6 | C32: Lux
A33: Evaluación de cumplimiento | B33: =IF(B32>=B31, "CUMPLE NORMA", "INSUFICIENTE") -> CUMPLE NORMA

Sheet Tabla Iluminancia por Tarea
A1: TABLA DE ILUMINANCIA REQUERIDA POR TIPO DE TAREA VISUAL
A2: Tipo de Espacio / Tarea Visual | B2: Em (lux) | C2: UGR Máximo | D2: Fuente
A3: Circulación, pasillos, escaleras | B3: 100 | C3: 25 | D3: EN 12464-1 / RETILAP
A4: Áreas de descanso, comedores | B4: 200 | C4: 22 | D4: EN 12464-1 / RETILAP
A5: Vestieres, baños | B5: 150 | C5: 25 | D5: EN 12464-1 / RETILAP
A6: Bodegas — manipulación ocasional | B6: 100 | C6: 25 | D6: EN 12464-1 / RETILAP
A7: Bodegas — lectura de etiquetas / picking | B7: 200 | C7: 25 | D7: EN 12464-1 / RETILAP
A8: Recepción, portería | B8: 300 | C8: 22 | D8: EN 12464-1 / RETILAP
A9: Oficinas generales, lectura y escritura | B9: 500 | C9: 19 | D9: EN 12464-1 / RETILAP
A10: Salas de reunión, capacitación | B10: 500 | C10: 19 | D10: EN 12464-1 / RETILAP
A11: Salas de control / monitoreo | B11: 500 | C11: 16 | D11: EN 12464-1 / RETILAP
A12: CAD, diseño técnico | B12: 750 | C12: 19 | D12: EN 12464-1 / RETILAP
A13: Talleres mecánicos generales | B13: 300 | C13: 25 | D13: EN 12464-1 / RETILAP
A14: Trabajo de ensamblaje, mediana precisión | B14: 500 | C14: 22 | D14: EN 12464-1 / RETILAP
... A22: Enfermería / primeros auxilios | B22: 500 | C22: 19 | D22: EN 12464-1 / RETILAP
A23: Áreas exteriores de circulación / parqueaderos | B23: 50 | C23: — | D23: EN 12464-2 / RETILAP
A25: Nota técnica: valores orientativos según EN 12464-1 (iluminación de interiores) y el Reglamento Técnico de Iluminación y Alumbrado Público (RETILAP) de Colombia. Consulte el valor correspondiente a la tarea visual evaluada y trasládelo manualmente a la celda B9 (Ereq) de la hoja "Light"; el UGR Máximo se usa en la hoja "Uniformidad y Deslumbramiento".

Sheet Factor de Mantenimiento
A1: FACTOR DE MANTENIMIENTO (DESAGREGADO)
A3: Componente | B3: Selección | C3: Valor
A4: LLMF — Depreciación del flujo de la lámpara | B4: LED — mantenimiento cada 50.000 h | C4: =IFERROR(_xlfn.IFS(B4="LED — mantenimiento cada 25.000 h",0.95,B4="LED — mantenimiento cada 50.000 h",0.9,B4="LED — mantenimiento cada 100.000 h",0.8,B4="Fluorescente/HID — mantenimiento cada 10.000 h",0.85,B4="Fluorescente/HID — mantenimiento cada 20.000 h",0.75), "") -> 0.9
A5: LSF — Factor de Supervivencia de la Lámpara | B5: LED (fuente sólida, sin reposición grupal) | C5: =IFERROR(_xlfn.IFS(B5="LED (fuente sólida, sin reposición grupal)",1,B5="Fluorescente/HID con reposición grupal programada",0.95,B5="Fluorescente/HID con reposición individual al fallo",0.85), "") -> 1
A6: LMF — Depreciación por suciedad de la luminaria | B6: Ambiente industrial normal | C6: =IFERROR(_xlfn.IFS(B6="Ambiente limpio (oficinas, comercio, salud)",0.85,B6="Ambiente industrial normal",0.75,B6="Ambiente industrial con alta suciedad",0.65), "") -> 0.75
A7: RSMF — Depreciación por suciedad del local | B7: Local industrial normal | C7: =IFERROR(_xlfn.IFS(B7="Local limpio, mantenimiento regular",0.95,B7="Local industrial normal",0.9,B7="Local con alta suciedad o bajo mantenimiento",0.8), "") -> 0.9
A9: Factor de Mantenimiento Total (FM) | C9: =IF(OR(C4="",C5="",C6="",C7=""), "", C4*C5*C6*C7) -> 0.6075
A12: Tablas de referencia
A13: LLMF (según tecnología y periodo entre mantenimientos)
A14: LED — mantenimiento cada 25.000 h | B14: 0.95
A15: LED — mantenimiento cada 50.000 h | B15: 0.9
A16: LED — mantenimiento cada 100.000 h | B16: 0.8
A17: Fluorescente/HID — mantenimiento cada 10.000 h | B17: 0.85
A18: Fluorescente/HID — mantenimiento cada 20.000 h | B18: 0.75
A20: LSF (según tecnología y política de reposición)
A21: LED (fuente sólida, sin reposición grupal) | B21: 1
A22: Fluorescente/HID con reposición grupal programada | B22: 0.95
A23: Fluorescente/HID con reposición individual al fallo | B23: 0.85
A25: LMF (según ambiente)
A26: Ambiente limpio (oficinas, comercio, salud) | B26: 0.85
A27: Ambiente industrial normal | B27: 0.75
A28: Ambiente industrial con alta suciedad | B28: 0.65
A30: RSMF (según ambiente del local)
A31: Local limpio, mantenimiento regular | B31: 0.95
A32: Local industrial normal | B32: 0.9
A33: Local con alta suciedad o bajo mantenimiento | B33: 0.8
A35: Nota técnica: FM = LLMF × LSF × LMF × RSMF (método IES/CIE 97). Los valores de esta tabla son órdenes de magnitud orientativos de la literatura técnica de iluminación; verifique contra la ficha del fabricante y el plan de mantenimiento real del recinto cuando estén disponibles. Este valor alimenta automáticamente la celda B18 (FM) de la hoja "Light".

Sheet Uniformidad y Deslumbramiento
A1: UNIFORMIDAD Y DESLUMBRAMIENTO
A3: 1. Uniformidad (relación distancia / altura — SHR)
A4: Altura útil de montaje (hm) | B4: =Light!B11 -> 3.15
A5: Distancia entre luminarias — Largo | B5: =Light!B26 -> 2.5
A6: Distancia entre luminarias — Ancho | B6: =Light!B27 -> 2.5
A7: SHR Largo (Distancia Largo / hm) | B7: =IF(B4=0,"",B5/B4) -> 0.79365079
A8: SHR Ancho (Distancia Ancho / hm) | B8: =IF(B4=0,"",B6/B4) -> 0.79365079
A9: SHR Máximo Recomendado | B9: 1.5
A10: Evaluación de Uniformidad | B10: =IF(OR(B7="",B8=""), "", IF(AND(B7<=B9,B8<=B9), "UNIFORMIDAD ADECUADA (regla práctica)", "REVISAR DISTRIBUCIÓN — RIESGO DE UNIFORMIDAD DEFICIENTE")) -> UNIFORMIDAD ADECUADA (regla práctica)
A12: 2. Deslumbramiento (UGR)
A13: UGR reportado por el fabricante de la luminaria | B13: 19
A14: UGR Máximo permitido (ver tabla de tarea visual) | B14: 22
A15: Evaluación UGR | B15: =IF(OR(B13="",B14=""), "", IF(B13<=B14, "CUMPLE", "EXCEDE LÍMITE")) -> CUMPLE
A17: 3. Cumplimiento Integral
A18: Iluminancia (hoja "Light") | B18: =Light!B33 -> CUMPLE NORMA
A19: Uniformidad | B19: =B10 -> UNIFORMIDAD ADECUADA (regla práctica)
A20: Deslumbramiento (UGR) | B20: =B15 -> CUMPLE
A21: Resultado Integral | B21: =IF(OR(B18="",B19="",B20=""), "", IF(AND(B18="CUMPLE NORMA",B19="UNIFORMIDAD ADECUADA (regla práctica)",B20="CUMPLE"), "CUMPLE INTEGRALMENTE", "NO CUMPLE — VER DETALLE POR CRITERIO")) -> CUMPLE INTEGRALMENTE
A23: Nota técnica: el SHR (Spacing to Height Ratio) es una regla práctica de diseño lumínico — un SHR ≤ 1,5 (valor típico para luminarias de distribución media) sugiere una uniformidad razonable sin necesidad de cálculo punto a punto; luminarias de óptica muy concentrada pueden requerir un SHR máximo menor, según su curva fotométrica. El UGR depende de la curva de intensidad luminosa de la luminaria y debe tomarse de la ficha fotométrica del fabricante para la configuración instalada.

Sheet Biblioteca de Controles
A1: BIBLIOTECA DE CONTROLES (EDITABLE)
A2: Categoría | B2: Condición de Activación | C2: Recomendación
A3: Iluminancia insuficiente | B3: Evaluación de cumplimiento = INSUFICIENTE (hoja Light, celda B33) | C3: Aumentar el número de luminarias, mejorar el Coeficiente de Utilización (luminaria de óptica más eficiente o superficies más claras) o seleccionar una luminaria de mayor flujo luminoso.
A4: Uniformidad deficiente | B4: Evaluación de Uniformidad = "REVISAR DISTRIBUCIÓN" (hoja Uniformidad y Deslumbramiento) | C4: Reducir la distancia entre luminarias (aumentar NL y/o NW en la hoja "Light") hasta cumplir la relación distancia/altura (SHR) recomendada.
A5: Deslumbramiento excesivo | B5: Evaluación UGR = EXCEDE LÍMITE (hoja Uniformidad y Deslumbramiento) | C5: Seleccionar una luminaria con óptica de menor deslumbramiento (difusor, parabólica o louvers) o reubicarla fuera del campo visual directo del observador.
A6: Factor de Mantenimiento bajo | B6: FM Total < 0,60 (hoja Factor de Mantenimiento) | C6: Implementar o incrementar la frecuencia del programa de limpieza de luminarias y relamping; revisar la selección de tecnología (LED reduce la depreciación del flujo frente a fuentes convencionales).
A7: Monitoreo y verificación | B7: Siempre que se evalúe un diseño | C7: Verificar en campo el diseño con mediciones periódicas de luxómetro en varios puntos del área de trabajo, no solo en el punto de cálculo promedio.

Sheet Plan de Control
A1: PLAN DE CONTROL AUTOMÁTICO
A2: Prioridad | B2: Categoría | C2: Recomendación
A3: Prioridad inmediata | B3: Iluminancia insuficiente | C3: =IF(Light!B33="INSUFICIENTE",'Biblioteca de Controles'!C3,"—") -> —
A4: Nivel 1 | B4: Uniformidad deficiente | C4: =IF('Uniformidad y Deslumbramiento'!B10="REVISAR DISTRIBUCIÓN — RIESGO DE UNIFORMIDAD DEFICIENTE",'Biblioteca de Controles'!C4,"—") -> —
A5: Nivel 1 | B5: Deslumbramiento excesivo | C5: =IF('Uniformidad y Deslumbramiento'!B15="EXCEDE LÍMITE",'Biblioteca de Controles'!C5,"—") -> —
A6: Nivel 2 | B6: Factor de Mantenimiento bajo | C6: =IF(AND('Factor de Mantenimiento'!C9<>"",'Factor de Mantenimiento'!C9<0.6),'Biblioteca de Controles'!C6,"—") -> —
A7: Nivel 3 | B7: Monitoreo y verificación | C7: ='Biblioteca de Controles'!C7 -> Verificar en campo el diseño con mediciones periódicas de luxómetro en varios puntos del área de trabajo, no solo en el punto de cálculo promedio.
A9: Aviso: las recomendaciones del Plan de Control se generan a partir de reglas editables en la hoja "Biblioteca de Controles" y son orientativas; no sustituyen el criterio del profesional en higiene ocupacional o diseño lumínico. Un guion (—) indica que la condición de esa fila no se cumple con los datos actuales.
