Workbook

Sheet Portada

Sheet Inicio
B2: NeumoRisk V1
B3: Evaluación y control del riesgo por agentes neumoconióticos: sílice cristalina, carbón y asbesto
B4: Herramienta gratuita · Sociedad Colombiana de Higienistas Ocupacionales (SCHO) · Autores: Álvaro de Jesús Araque García y Luis Guillermo Araque Muñoz · Versión 1.0 – octubre de 2026 · ARCHIVO DE EJEMPLO
B6: Propósito | C6: Aplicar en forma práctica las recomendaciones de higiene de la GATI-NEUMO (MPS, 2006) y de la Guía Técnica de Higiene y Seguridad para Sílice Cristalina Respirable (MinTrabajo, 2024 – Res. 2467 de 2022): identificación, evaluación cualitativa, muestreo por GES, estadística, decisión, periodicidad, controles, protección respiratoria y vigilancia médica.
B7: Flujo de trabajo | C7: 1) Agentes y VLP → 2) GES (identificación y valoración cualitativa) → 3) Muestreo → 4) Estadística GES (decisión) → 5) Plan de Control (con Biblioteca) → 6) Protección Respiratoria → 7) Exposición Acumulada → 8) Vigilancia Médica.
B8: Criterio de decisión | C8: Sílice cristalina: Res. 2467/2022 y Guía Técnica 2024 – Perfil de exposición PE = MG / TLV ajustado (≤0,5 bajo; 0,5–1 moderado; >1 alto); validez GES con DEG ≤ 2,5. Carbón y asbesto: GATI-NEUMO 2006 – Concentración relativa CR = MA / TLV ajustado (<0,5 controlada; ≥0,5 fuera de control); GES aceptable con DEG ≤ 2,0.
B9: Ajuste de jornada | C9: Brief & Scala: factor diario 8/hd·(24−hd)/16 y semanal 40/hs·(168−hs)/128; se aplica el más restrictivo (Guía Técnica 2024). Nunca se incrementa el TLV para jornadas cortas.
B10: Leyenda de celdas | C10: Amarillo con texto azul: datos que usted diligencia. Gris: cálculo automático (no editar). Las listas desplegables evitan errores de digitación.
B11: Valores límite | C11: TLV ACGIH editables en la hoja Agentes. Verifíquelos cada año contra la publicación vigente de ACGIH (GATI-NEUMO 7.1.4: aplicar el criterio que más favorezca la salud del trabajador).
B12: Advertencia | C12: La herramienta apoya, pero no reemplaza, el criterio del higienista ocupacional con licencia en SST. Las mediciones deben hacerse con métodos validados y laboratorios acreditados.
B13: Referencias | C13: GATI-NEUMO (Ministerio de la Protección Social, 2006; adoptada por Res. 2844/2007) · Res. 2467 de 2022 · Guía Técnica de Higiene y Seguridad para la Prevención y el Control del Riesgo por Exposición a Sílice Cristalina Respirable (MinTrabajo, 2024) · ACGIH TLVs and BEIs · OSHA 29 CFR 1910.134 · NIOSH Manual of Analytical Methods.
B15: Datos de la evaluación
B16: Empresa | C16: Agregados y Minerales del Ejemplo S.A.S.
B17: NIT | C17: 900.000.000-0
B18: Centro de trabajo / ciudad | C18: Planta y mina – Boyacá
B19: Actividad económica | C19: Extracción de carbón, trituración de agregados y fabricación de ladrillo
B20: Higienista responsable (licencia SST) | C20: Higienista Ocupacional (Lic. SST 0000)
B21: Fecha del estudio | C21: 2026-09-15
B22: Laboratorio (acreditación) | C22: Laboratorio acreditado ISO/IEC 17025

Sheet Agentes
A1: 1. Agentes neumoconióticos y valores límite permisibles
A2: TLV-TWA ACGIH (8 h/día – 40 h/semana). Columna F editable: actualícela con la publicación ACGIH vigente.
A3: NeumoRisk V1 · Sílice cristalina, carbón y asbesto · SCHO · Celdas amarillas con texto azul = datos a diligenciar; celdas grises = cálculo automático (no editar).
A5: Código | B5: Agente | C5: CAS | D5: Fracción | E5: Unidad | F5: TLV-TWA ACGIH | G5: Criterio de decisión | H5: Método de muestreo y análisis | I5: Enfermedad asociada | J5: Carcinogenicidad | K5: Nota
A6: SIL-Q | B6: Sílice cristalina – α-cuarzo | C6: 14808-60-7 | D6: Respirable | E6: mg/m³ | F6: 0.025 | G6: Res. 2467/2022 | H6: NIOSH 7500 (DRX, preferido); NIOSH 7602 (IR); NIOSH 7601 (VIS). Ciclón nylon 10 mm, 1,7 L/min, filtro PVC 37 mm 5 µm | I6: Silicosis (CIE-10 J62); cáncer de pulmón; EPOC; TB asociada | J6: ACGIH A2 · IARC 1 | K6: Aplica si sílice libre cristalina ≥ 1 % en peso (GATI 7.1.5)
A7: SIL-C | B7: Sílice cristalina – cristobalita | C7: 14464-46-1 | D7: Respirable | E7: mg/m³ | F7: 0.025 | G7: Res. 2467/2022 | H7: NIOSH 7500 (DRX) | I7: Silicosis (J62) | J7: ACGIH A2 · IARC 1 | K7: Se forma al calentar cuarzo o sílice amorfa (>1470 °C): fundición, refractarios, tierras diatomáceas calcinadas
A8: SIL-T | B8: Sílice cristalina – tridimita | C8: 15468-32-3 | D8: Respirable | E8: mg/m³ | F8: 0.025 | G8: Res. 2467/2022 | H8: NIOSH 7500 (DRX) | I8: Silicosis (J62) | J8: IARC 1 | K8: Guía Técnica 2024 agrupa cuarzo, cristobalita y tridimita con TLV 0,025 mg/m³
A9: CAR-A | B9: Polvo de carbón – antracita | C9: — | D9: Respirable | E9: mg/m³ | F9: 0.4 | G9: GATI-NEUMO 2006 | H9: NIOSH 0600 (gravimétrico, fracción respirable) + NIOSH 7500 para cuarzo en la muestra | I9: Neumoconiosis del minero de carbón (J60); FMP | J9: ACGIH A4 · IARC 3 | K9: Descartar sílice cristalina en la muestra: si ≥ 1 % evaluar también el cuarzo (columna de cuarzo)
A10: CAR-B | B10: Polvo de carbón – bituminoso o lignito | C10: — | D10: Respirable | E10: mg/m³ | F10: 0.9 | G10: GATI-NEUMO 2006 | H10: NIOSH 0600 + NIOSH 7500 para cuarzo | I10: Neumoconiosis del minero de carbón (J60); FMP | J10: ACGIH A4 · IARC 3 | K10: Idem antracita
A11: ASB | B11: Asbesto – todas las formas | C11: 1332-21-4 | D11: Fibras respirables (PCM) | E11: f/cm³ | F11: 0.1 | G11: GATI-NEUMO 2006 | H11: OSHA ID-160 (PCM) / NIOSH 7400; confirmación por TEM NIOSH 7402 cuando haya otras fibras | I11: Asbestosis (J61); mesotelioma; cáncer de pulmón | J11: ACGIH A1 · IARC 1 | K11: Fibra: L > 5 µm, D < 3 µm, L/D ≥ 3. Colombia: Ley 1968 de 2019 prohíbe el asbesto desde 2021 (aplica a remoción, demolición y mantenimiento)
A12: PNOS | B12: Polvo respirable sin asbesto y sílice < 1 % | C12: — | D12: Respirable | E12: mg/m³ | F12: 3 | G12: GATI-NEUMO 2006 | H12: NIOSH 0600 (gravimétrico) | I12: No neumoconiótico (partículas PNOS) | J12: — | K12: Partículas insolubles no especificadas (ACGIH: 3 mg/m³ R). Se tratarán en la futura herramienta DustRisk
A14: Parámetros
A15: Denominador DEG | C15: n | D15: «n» según Res. 2467/2022 y ejemplo 2 de la Guía Técnica 2024 (DEG = 1,15). Use «n-1» para la desviación muestral clásica.
A16: Volumen minuto respiratorio (L/min) | C16: 21 | D16: Trabajo moderado: 21 L/min (GATI-NEUMO 7.2.5). Usado para la vida útil de filtros.
A17: Carga de saturación del filtro (mg) | C17: 200 | D17: 200 mg: carga máxima del ensayo NIOSH 42 CFR 84 (GATI-NEUMO 7.2.5).
A19: Selección del valor límite (GATI-NEUMO 7.1.5)
A20: 1. ¿El aerosol es de origen mineral (con potencial de sílice cristalina o asbesto) u orgánico?
A21: 2. Mineral con sílice libre cristalina ≥ 1 % en peso → TLV de sílice cristalina (SIL-Q / SIL-C / SIL-T). Si contiene asbesto → TLV de asbesto (ASB).
A22: 3. Orgánico, o mineral con sílice < 1 % y sin asbesto → TLV de polvo respirable (PNOS, 3 mg/m³).
A23: 4. Polvo de carbón: aplicar TLV de carbón (CAR-A / CAR-B) y verificar por separado el cuarzo de la muestra con NIOSH 7500.
A26: Factores de protección asignados – APF (OSHA 29 CFR 1910.134)
A27: Nº | B27: Tipo de respirador | C27: APF
A28: 1 | B28: Pieza facial filtrante (desechable) N/R/P | C28: 10
A29: 2 | B29: Media cara elastomérica con filtros P100 | C29: 10
A30: 3 | B30: PAPR con capucha o careta holgada | C30: 25
A31: 4 | B31: Cara completa elastomérica con filtros P100 | C31: 50
A32: 5 | B32: PAPR con media cara | C32: 50
A33: 6 | B33: PAPR con cara completa / casco certificado | C33: 1000
A34: 7 | B34: Línea de aire flujo continuo, cara completa | C34: 1000
A35: 8 | B35: Equipo autocontenido (SCBA) a presión positiva | C35: 10000

Sheet GES
A1: 2. Grupos de Exposición Similar – identificación, valoración cualitativa y ajuste del TLV
A2: GATI-NEUMO Diagrama 2 y rec. 7.2.1 · Guía Técnica 2024 num. 3.1–3.2.1 (matriz AIHA: VC × VE) · Brief & Scala (rec. 7.1.6)
A3: NeumoRisk V1 · Sílice cristalina, carbón y asbesto · SCHO · Celdas amarillas con texto azul = datos a diligenciar; celdas grises = cálculo automático (no editar).
A5: Código GES | B5: Cargos / oficios del GES | C5: Área / proceso | D5: Fuentes y actividades generadoras | E5: Agente (código) | F5: Nº trabajadores | G5: Controles existentes | H5: Horas / día | I5: Horas / semana | J5: Minutos de exposición por jornada | K5: VC (circunstancia) | L5: VE (efecto) | M5: Riesgo potencial VE×VC | N5: Interpretación | O5: Muestras mínimas | P5: Categoría cualitativa (juicio del higienista) | Q5: TLV base | R5: Factor diario | S5: Factor semanal | T5: Factor aplicado | U5: TLV ajustado (B&S) | V5: Unidad
A6: G01 | B6: Operadores de trituradora y cribas | C6: Planta de agregados | D6: Trituración primaria y secundaria de roca arenisca; transferencia en bandas | E6: SIL-Q | F6: 12 | G6: Encerramiento parcial; aspersión en tolva (intermitente) | H6: 8 | I6: 48 | J6: 420 | K6: =IF(J6="","",IF(J6>=360,4,IF(J6>=120,3,IF(J6>=30,2,IF(J6>0,1,0))))) -> 4 | L6: =IF(E6="","",IF(E6="PNOS",2,4)) -> 4 | M6: =IF(OR(K6="",L6=""),"",K6*L6) -> 16 | N6: =IF(M6="","",IF(M6=0,"Incipiente",IF(M6<=4,"Bajo",IF(M6<=8,"Moderado",IF(M6<=12,"Alto","Muy alto"))))) -> Muy alto | O6: =IF(A6="","",IF(N(F6)>50,ROUNDUP(SQRT(F6),0),6)) -> 6 | P6: Alto | Q6: =IF(E6="","",IFERROR(INDEX(Agentes!$F$6:$F$12,MATCH(E6,Agentes!$A$6:$A$12,0)),"Agente?")) -> 0.025 | R6: =IF(N(H6)=0,"",8/H6*(24-H6)/16) -> 1 | S6: =IF(N(I6)=0,"",40/I6*(168-I6)/128) -> 0.78125 | T6: =IF(E6="","",MIN(1,IF(R6="",1,R6),IF(S6="",1,S6))) -> 0.78125 | U6: =IF(OR(Q6="",T6=""),"",Q6*T6) -> 0.01953125 | V6: =IF(E6="","",IFERROR(INDEX(Agentes!$E$6:$E$12,MATCH(E6,Agentes!$A$6:$A$12,0)),"")) -> mg/m³
A7: G02 | B7: Operarios de moldeo y prensado | C7: Ladrillera | D7: Mezcla de arcillas, moldeo y desmolde | E7: SIL-Q | F7: 8 | G7: Ventilación general natural; humectación de la arcilla | H7: 8 | I7: 48 | J7: 300 | K7: =IF(J7="","",IF(J7>=360,4,IF(J7>=120,3,IF(J7>=30,2,IF(J7>0,1,0))))) -> 3 | L7: =IF(E7="","",IF(E7="PNOS",2,4)) -> 4 | M7: =IF(OR(K7="",L7=""),"",K7*L7) -> 12 | N7: =IF(M7="","",IF(M7=0,"Incipiente",IF(M7<=4,"Bajo",IF(M7<=8,"Moderado",IF(M7<=12,"Alto","Muy alto"))))) -> Alto | O7: =IF(A7="","",IF(N(F7)>50,ROUNDUP(SQRT(F7),0),6)) -> 6 | P7: Moderado | Q7: =IF(E7="","",IFERROR(INDEX(Agentes!$F$6:$F$12,MATCH(E7,Agentes!$A$6:$A$12,0)),"Agente?")) -> 0.025 | R7: =IF(N(H7)=0,"",8/H7*(24-H7)/16) -> 1 | S7: =IF(N(I7)=0,"",40/I7*(168-I7)/128) -> 0.78125 | T7: =IF(E7="","",MIN(1,IF(R7="",1,R7),IF(S7="",1,S7))) -> 0.78125 | U7: =IF(OR(Q7="",T7=""),"",Q7*T7) -> 0.01953125 | V7: =IF(E7="","",IFERROR(INDEX(Agentes!$E$6:$E$12,MATCH(E7,Agentes!$A$6:$A$12,0)),"")) -> mg/m³
A8: G03 | B8: Pulidores de mármol y granito | C8: Taller de acabados | D8: Corte y pulido en húmedo de piezas de granito | E8: SIL-Q | F8: 12 | G8: Herramienta con agua; LEV en mesa de corte | H8: 8 | I8: 44 | J8: 400 | K8: =IF(J8="","",IF(J8>=360,4,IF(J8>=120,3,IF(J8>=30,2,IF(J8>0,1,0))))) -> 4 | L8: =IF(E8="","",IF(E8="PNOS",2,4)) -> 4 | M8: =IF(OR(K8="",L8=""),"",K8*L8) -> 16 | N8: =IF(M8="","",IF(M8=0,"Incipiente",IF(M8<=4,"Bajo",IF(M8<=8,"Moderado",IF(M8<=12,"Alto","Muy alto"))))) -> Muy alto | O8: =IF(A8="","",IF(N(F8)>50,ROUNDUP(SQRT(F8),0),6)) -> 6 | P8: Moderado | Q8: =IF(E8="","",IFERROR(INDEX(Agentes!$F$6:$F$12,MATCH(E8,Agentes!$A$6:$A$12,0)),"Agente?")) -> 0.025 | R8: =IF(N(H8)=0,"",8/H8*(24-H8)/16) -> 1 | S8: =IF(N(I8)=0,"",40/I8*(168-I8)/128) -> 0.88068182 | T8: =IF(E8="","",MIN(1,IF(R8="",1,R8),IF(S8="",1,S8))) -> 0.88068182 | U8: =IF(OR(Q8="",T8=""),"",Q8*T8) -> 0.022017045 | V8: =IF(E8="","",IFERROR(INDEX(Agentes!$E$6:$E$12,MATCH(E8,Agentes!$A$6:$A$12,0)),"")) -> mg/m³
A9: G04 | B9: Picadores y frenteros | C9: Mina subterránea de carbón | D9: Arranque con martillo picador, cargue y sostenimiento | E9: CAR-B | F9: 30 | G9: Ventilación principal; aspersión en frente | H9: 8 | I9: 48 | J9: 450 | K9: =IF(J9="","",IF(J9>=360,4,IF(J9>=120,3,IF(J9>=30,2,IF(J9>0,1,0))))) -> 4 | L9: =IF(E9="","",IF(E9="PNOS",2,4)) -> 4 | M9: =IF(OR(K9="",L9=""),"",K9*L9) -> 16 | N9: =IF(M9="","",IF(M9=0,"Incipiente",IF(M9<=4,"Bajo",IF(M9<=8,"Moderado",IF(M9<=12,"Alto","Muy alto"))))) -> Muy alto | O9: =IF(A9="","",IF(N(F9)>50,ROUNDUP(SQRT(F9),0),6)) -> 6 | P9: Crítico | Q9: =IF(E9="","",IFERROR(INDEX(Agentes!$F$6:$F$12,MATCH(E9,Agentes!$A$6:$A$12,0)),"Agente?")) -> 0.9 | R9: =IF(N(H9)=0,"",8/H9*(24-H9)/16) -> 1 | S9: =IF(N(I9)=0,"",40/I9*(168-I9)/128) -> 0.78125 | T9: =IF(E9="","",MIN(1,IF(R9="",1,R9),IF(S9="",1,S9))) -> 0.78125 | U9: =IF(OR(Q9="",T9=""),"",Q9*T9) -> 0.703125 | V9: =IF(E9="","",IFERROR(INDEX(Agentes!$E$6:$E$12,MATCH(E9,Agentes!$A$6:$A$12,0)),"")) -> mg/m³
A10: G05 | B10: Operadores de cargue y patio | C10: Patio de acopio de carbón | D10: Cargue de volquetas y apilamiento con cargador | E10: CAR-B | F10: 10 | G10: Cabina cerrada (sin presurizar); riego de vías | H10: 8 | I10: 48 | J10: 360 | K10: =IF(J10="","",IF(J10>=360,4,IF(J10>=120,3,IF(J10>=30,2,IF(J10>0,1,0))))) -> 4 | L10: =IF(E10="","",IF(E10="PNOS",2,4)) -> 4 | M10: =IF(OR(K10="",L10=""),"",K10*L10) -> 16 | N10: =IF(M10="","",IF(M10=0,"Incipiente",IF(M10<=4,"Bajo",IF(M10<=8,"Moderado",IF(M10<=12,"Alto","Muy alto"))))) -> Muy alto | O10: =IF(A10="","",IF(N(F10)>50,ROUNDUP(SQRT(F10),0),6)) -> 6 | P10: Moderado | Q10: =IF(E10="","",IFERROR(INDEX(Agentes!$F$6:$F$12,MATCH(E10,Agentes!$A$6:$A$12,0)),"Agente?")) -> 0.9 | R10: =IF(N(H10)=0,"",8/H10*(24-H10)/16) -> 1 | S10: =IF(N(I10)=0,"",40/I10*(168-I10)/128) -> 0.78125 | T10: =IF(E10="","",MIN(1,IF(R10="",1,R10),IF(S10="",1,S10))) -> 0.78125 | U10: =IF(OR(Q10="",T10=""),"",Q10*T10) -> 0.703125 | V10: =IF(E10="","",IFERROR(INDEX(Agentes!$E$6:$E$12,MATCH(E10,Agentes!$A$6:$A$12,0)),"")) -> mg/m³
A11: G06 | B11: Cuadrilla de demolición | C11: Mantenimiento de edificaciones | D11: Retiro de tejas y tanques de asbesto-cemento | E11: ASB | F11: 6 | G11: Humectación manual; respirador desechable | H11: 8 | I11: 48 | J11: 240 | K11: =IF(J11="","",IF(J11>=360,4,IF(J11>=120,3,IF(J11>=30,2,IF(J11>0,1,0))))) -> 3 | L11: =IF(E11="","",IF(E11="PNOS",2,4)) -> 4 | M11: =IF(OR(K11="",L11=""),"",K11*L11) -> 12 | N11: =IF(M11="","",IF(M11=0,"Incipiente",IF(M11<=4,"Bajo",IF(M11<=8,"Moderado",IF(M11<=12,"Alto","Muy alto"))))) -> Alto | O11: =IF(A11="","",IF(N(F11)>50,ROUNDUP(SQRT(F11),0),6)) -> 6 | P11: Alto | Q11: =IF(E11="","",IFERROR(INDEX(Agentes!$F$6:$F$12,MATCH(E11,Agentes!$A$6:$A$12,0)),"Agente?")) -> 0.1 | R11: =IF(N(H11)=0,"",8/H11*(24-H11)/16) -> 1 | S11: =IF(N(I11)=0,"",40/I11*(168-I11)/128) -> 0.78125 | T11: =IF(E11="","",MIN(1,IF(R11="",1,R11),IF(S11="",1,S11))) -> 0.78125 | U11: =IF(OR(Q11="",T11=""),"",Q11*T11) -> 0.078125 | V11: =IF(E11="","",IFERROR(INDEX(Agentes!$E$6:$E$12,MATCH(E11,Agentes!$A$6:$A$12,0)),"")) -> f/cm³
K12: =IF(J12="","",IF(J12>=360,4,IF(J12>=120,3,IF(J12>=30,2,IF(J12>0,1,0))))) | L12: =IF(E12="","",IF(E12="PNOS",2,4)) | M12: =IF(OR(K12="",L12=""),"",K12*L12) | N12: =IF(M12="","",IF(M12=0,"Incipiente",IF(M12<=4,"Bajo",IF(M12<=8,"Moderado",IF(M12<=12,"Alto","Muy alto"))))) | O12: =IF(A12="","",IF(N(F12)>50,ROUNDUP(SQRT(F12),0),6)) | Q12: =IF(E12="","",IFERROR(INDEX(Agentes!$F$6:$F$12,MATCH(E12,Agentes!$A$6:$A$12,0)),"Agente?")) | R12: =IF(N(H12)=0,"",8/H12*(24-H12)/16) | S12: =IF(N(I12)=0,"",40/I12*(168-I12)/128) | T12: =IF(E12="","",MIN(1,IF(R12="",1,R12),IF(S12="",1,S12))) | U12: =IF(OR(Q12="",T12=""),"",Q12*T12) | V12: =IF(E12="","",IFERROR(INDEX(Agentes!$E$6:$E$12,MATCH(E12,Agentes!$A$6:$A$12,0)),""))
K13: =IF(J13="","",IF(J13>=360,4,IF(J13>=120,3,IF(J13>=30,2,IF(J13>0,1,0))))) | L13: =IF(E13="","",IF(E13="PNOS",2,4)) | M13: =IF(OR(K13="",L13=""),"",K13*L13) | N13: =IF(M13="","",IF(M13=0,"Incipiente",IF(M13<=4,"Bajo",IF(M13<=8,"Moderado",IF(M13<=12,"Alto","Muy alto"))))) | O13: =IF(A13="","",IF(N(F13)>50,ROUNDUP(SQRT(F13),0),6)) | Q13: =IF(E13="","",IFERROR(INDEX(Agentes!$F$6:$F$12,MATCH(E13,Agentes!$A$6:$A$12,0)),"Agente?")) | R13: =IF(N(H13)=0,"",8/H13*(24-H13)/16) | S13: =IF(N(I13)=0,"",40/I13*(168-I13)/128) | T13: =IF(E13="","",MIN(1,IF(R13="",1,R13),IF(S13="",1,S13))) | U13: =IF(OR(Q13="",T13=""),"",Q13*T13) | V13: =IF(E13="","",IFERROR(INDEX(Agentes!$E$6:$E$12,MATCH(E13,Agentes!$A$6:$A$12,0)),""))
K14: =IF(J14="","",IF(J14>=360,4,IF(J14>=120,3,IF(J14>=30,2,IF(J14>0,1,0))))) | L14: =IF(E14="","",IF(E14="PNOS",2,4)) | M14: =IF(OR(K14="",L14=""),"",K14*L14) | N14: =IF(M14="","",IF(M14=0,"Incipiente",IF(M14<=4,"Bajo",IF(M14<=8,"Moderado",IF(M14<=12,"Alto","Muy alto"))))) | O14: =IF(A14="","",IF(N(F14)>50,ROUNDUP(SQRT(F14),0),6)) | Q14: =IF(E14="","",IFERROR(INDEX(Agentes!$F$6:$F$12,MATCH(E14,Agentes!$A$6:$A$12,0)),"Agente?")) | R14: =IF(N(H14)=0,"",8/H14*(24-H14)/16) | S14: =IF(N(I14)=0,"",40/I14*(168-I14)/128) | T14: =IF(E14="","",MIN(1,IF(R14="",1,R14),IF(S14="",1,S14))) | U14: =IF(OR(Q14="",T14=""),"",Q14*T14) | V14: =IF(E14="","",IFERROR(INDEX(Agentes!$E$6:$E$12,MATCH(E14,Agentes!$A$6:$A$12,0)),""))
K15: =IF(J15="","",IF(J15>=360,4,IF(J15>=120,3,IF(J15>=30,2,IF(J15>0,1,0))))) | L15: =IF(E15="","",IF(E15="PNOS",2,4)) | M15: =IF(OR(K15="",L15=""),"",K15*L15) | N15: =IF(M15="","",IF(M15=0,"Incipiente",IF(M15<=4,"Bajo",IF(M15<=8,"Moderado",IF(M15<=12,"Alto","Muy alto"))))) | O15: =IF(A15="","",IF(N(F15)>50,ROUNDUP(SQRT(F15),0),6)) | Q15: =IF(E15="","",IFERROR(INDEX(Agentes!$F$6:$F$12,MATCH(E15,Agentes!$A$6:$A$12,0)),"Agente?")) | R15: =IF(N(H15)=0,"",8/H15*(24-H15)/16) | S15: =IF(N(I15)=0,"",40/I15*(168-I15)/128) | T15: =IF(E15="","",MIN(1,IF(R15="",1,R15),IF(S15="",1,S15))) | U15: =IF(OR(Q15="",T15=""),"",Q15*T15) | V15: =IF(E15="","",IFERROR(INDEX(Agentes!$E$6:$E$12,MATCH(E15,Agentes!$A$6:$A$12,0)),""))
K16: =IF(J16="","",IF(J16>=360,4,IF(J16>=120,3,IF(J16>=30,2,IF(J16>0,1,0))))) | L16: =IF(E16="","",IF(E16="PNOS",2,4)) | M16: =IF(OR(K16="",L16=""),"",K16*L16) | N16: =IF(M16="","",IF(M16=0,"Incipiente",IF(M16<=4,"Bajo",IF(M16<=8,"Moderado",IF(M16<=12,"Alto","Muy alto"))))) | O16: =IF(A16="","",IF(N(F16)>50,ROUNDUP(SQRT(F16),0),6)) | Q16: =IF(E16="","",IFERROR(INDEX(Agentes!$F$6:$F$12,MATCH(E16,Agentes!$A$6:$A$12,0)),"Agente?")) | R16: =IF(N(H16)=0,"",8/H16*(24-H16)/16) | S16: =IF(N(I16)=0,"",40/I16*(168-I16)/128) | T16: =IF(E16="","",MIN(1,IF(R16="",1,R16),IF(S16="",1,S16))) | U16: =IF(OR(Q16="",T16=""),"",Q16*T16) | V16: =IF(E16="","",IFERROR(INDEX(Agentes!$E$6:$E$12,MATCH(E16,Agentes!$A$6:$A$12,0)),""))
K17: =IF(J17="","",IF(J17>=360,4,IF(J17>=120,3,IF(J17>=30,2,IF(J17>0,1,0))))) | L17: =IF(E17="","",IF(E17="PNOS",2,4)) | M17: =IF(OR(K17="",L17=""),"",K17*L17) | N17: =IF(M17="","",IF(M17=0,"Incipiente",IF(M17<=4,"Bajo",IF(M17<=8,"Moderado",IF(M17<=12,"Alto","Muy alto"))))) | O17: =IF(A17="","",IF(N(F17)>50,ROUNDUP(SQRT(F17),0),6)) | Q17: =IF(E17="","",IFERROR(INDEX(Agentes!$F$6:$F$12,MATCH(E17,Agentes!$A$6:$A$12,0)),"Agente?")) | R17: =IF(N(H17)=0,"",8/H17*(24-H17)/16) | S17: =IF(N(I17)=0,"",40/I17*(168-I17)/128) | T17: =IF(E17="","",MIN(1,IF(R17="",1,R17),IF(S17="",1,S17))) | U17: =IF(OR(Q17="",T17=""),"",Q17*T17) | V17: =IF(E17="","",IFERROR(INDEX(Agentes!$E$6:$E$12,MATCH(E17,Agentes!$A$6:$A$12,0)),""))
K18: =IF(J18="","",IF(J18>=360,4,IF(J18>=120,3,IF(J18>=30,2,IF(J18>0,1,0))))) | L18: =IF(E18="","",IF(E18="PNOS",2,4)) | M18: =IF(OR(K18="",L18=""),"",K18*L18) | N18: =IF(M18="","",IF(M18=0,"Incipiente",IF(M18<=4,"Bajo",IF(M18<=8,"Moderado",IF(M18<=12,"Alto","Muy alto"))))) | O18: =IF(A18="","",IF(N(F18)>50,ROUNDUP(SQRT(F18),0),6)) | Q18: =IF(E18="","",IFERROR(INDEX(Agentes!$F$6:$F$12,MATCH(E18,Agentes!$A$6:$A$12,0)),"Agente?")) | R18: =IF(N(H18)=0,"",8/H18*(24-H18)/16) | S18: =IF(N(I18)=0,"",40/I18*(168-I18)/128) | T18: =IF(E18="","",MIN(1,IF(R18="",1,R18),IF(S18="",1,S18))) | U18: =IF(OR(Q18="",T18=""),"",Q18*T18) | V18: =IF(E18="","",IFERROR(INDEX(Agentes!$E$6:$E$12,MATCH(E18,Agentes!$A$6:$A$12,0)),""))
K19: =IF(J19="","",IF(J19>=360,4,IF(J19>=120,3,IF(J19>=30,2,IF(J19>0,1,0))))) | L19: =IF(E19="","",IF(E19="PNOS",2,4)) | M19: =IF(OR(K19="",L19=""),"",K19*L19) | N19: =IF(M19="","",IF(M19=0,"Incipiente",IF(M19<=4,"Bajo",IF(M19<=8,"Moderado",IF(M19<=12,"Alto","Muy alto"))))) | O19: =IF(A19="","",IF(N(F19)>50,ROUNDUP(SQRT(F19),0),6)) | Q19: =IF(E19="","",IFERROR(INDEX(Agentes!$F$6:$F$12,MATCH(E19,Agentes!$A$6:$A$12,0)),"Agente?")) | R19: =IF(N(H19)=0,"",8/H19*(24-H19)/16) | S19: =IF(N(I19)=0,"",40/I19*(168-I19)/128) | T19: =IF(E19="","",MIN(1,IF(R19="",1,R19),IF(S19="",1,S19))) | U19: =IF(OR(Q19="",T19=""),"",Q19*T19) | V19: =IF(E19="","",IFERROR(INDEX(Agentes!$E$6:$E$12,MATCH(E19,Agentes!$A$6:$A$12,0)),""))
K20: =IF(J20="","",IF(J20>=360,4,IF(J20>=120,3,IF(J20>=30,2,IF(J20>0,1,0))))) | L20: =IF(E20="","",IF(E20="PNOS",2,4)) | M20: =IF(OR(K20="",L20=""),"",K20*L20) | N20: =IF(M20="","",IF(M20=0,"Incipiente",IF(M20<=4,"Bajo",IF(M20<=8,"Moderado",IF(M20<=12,"Alto","Muy alto"))))) | O20: =IF(A20="","",IF(N(F20)>50,ROUNDUP(SQRT(F20),0),6)) | Q20: =IF(E20="","",IFERROR(INDEX(Agentes!$F$6:$F$12,MATCH(E20,Agentes!$A$6:$A$12,0)),"Agente?")) | R20: =IF(N(H20)=0,"",8/H20*(24-H20)/16) | S20: =IF(N(I20)=0,"",40/I20*(168-I20)/128) | T20: =IF(E20="","",MIN(1,IF(R20="",1,R20),IF(S20="",1,S20))) | U20: =IF(OR(Q20="",T20=""),"",Q20*T20) | V20: =IF(E20="","",IFERROR(INDEX(Agentes!$E$6:$E$12,MATCH(E20,Agentes!$A$6:$A$12,0)),""))
K21: =IF(J21="","",IF(J21>=360,4,IF(J21>=120,3,IF(J21>=30,2,IF(J21>0,1,0))))) | L21: =IF(E21="","",IF(E21="PNOS",2,4)) | M21: =IF(OR(K21="",L21=""),"",K21*L21) | N21: =IF(M21="","",IF(M21=0,"Incipiente",IF(M21<=4,"Bajo",IF(M21<=8,"Moderado",IF(M21<=12,"Alto","Muy alto"))))) | O21: =IF(A21="","",IF(N(F21)>50,ROUNDUP(SQRT(F21),0),6)) | Q21: =IF(E21="","",IFERROR(INDEX(Agentes!$F$6:$F$12,MATCH(E21,Agentes!$A$6:$A$12,0)),"Agente?")) | R21: =IF(N(H21)=0,"",8/H21*(24-H21)/16) | S21: =IF(N(I21)=0,"",40/I21*(168-I21)/128) | T21: =IF(E21="","",MIN(1,IF(R21="",1,R21),IF(S21="",1,S21))) | U21: =IF(OR(Q21="",T21=""),"",Q21*T21) | V21: =IF(E21="","",IFERROR(INDEX(Agentes!$E$6:$E$12,MATCH(E21,Agentes!$A$6:$A$12,0)),""))
K22: =IF(J22="","",IF(J22>=360,4,IF(J22>=120,3,IF(J22>=30,2,IF(J22>0,1,0))))) | L22: =IF(E22="","",IF(E22="PNOS",2,4)) | M22: =IF(OR(K22="",L22=""),"",K22*L22) | N22: =IF(M22="","",IF(M22=0,"Incipiente",IF(M22<=4,"Bajo",IF(M22<=8,"Moderado",IF(M22<=12,"Alto","Muy alto"))))) | O22: =IF(A22="","",IF(N(F22)>50,ROUNDUP(SQRT(F22),0),6)) | Q22: =IF(E22="","",IFERROR(INDEX(Agentes!$F$6:$F$12,MATCH(E22,Agentes!$A$6:$A$12,0)),"Agente?")) | R22: =IF(N(H22)=0,"",8/H22*(24-H22)/16) | S22: =IF(N(I22)=0,"",40/I22*(168-I22)/128) | T22: =IF(E22="","",MIN(1,IF(R22="",1,R22),IF(S22="",1,S22))) | U22: =IF(OR(Q22="",T22=""),"",Q22*T22) | V22: =IF(E22="","",IFERROR(INDEX(Agentes!$E$6:$E$12,MATCH(E22,Agentes!$A$6:$A$12,0)),""))
K23: =IF(J23="","",IF(J23>=360,4,IF(J23>=120,3,IF(J23>=30,2,IF(J23>0,1,0))))) | L23: =IF(E23="","",IF(E23="PNOS",2,4)) | M23: =IF(OR(K23="",L23=""),"",K23*L23) | N23: =IF(M23="","",IF(M23=0,"Incipiente",IF(M23<=4,"Bajo",IF(M23<=8,"Moderado",IF(M23<=12,"Alto","Muy alto"))))) | O23: =IF(A23="","",IF(N(F23)>50,ROUNDUP(SQRT(F23),0),6)) | Q23: =IF(E23="","",IFERROR(INDEX(Agentes!$F$6:$F$12,MATCH(E23,Agentes!$A$6:$A$12,0)),"Agente?")) | R23: =IF(N(H23)=0,"",8/H23*(24-H23)/16) | S23: =IF(N(I23)=0,"",40/I23*(168-I23)/128) | T23: =IF(E23="","",MIN(1,IF(R23="",1,R23),IF(S23="",1,S23))) | U23: =IF(OR(Q23="",T23=""),"",Q23*T23) | V23: =IF(E23="","",IFERROR(INDEX(Agentes!$E$6:$E$12,MATCH(E23,Agentes!$A$6:$A$12,0)),""))
... K25: =IF(J25="","",IF(J25>=360,4,IF(J25>=120,3,IF(J25>=30,2,IF(J25>0,1,0))))) | L25: =IF(E25="","",IF(E25="PNOS",2,4)) | M25: =IF(OR(K25="",L25=""),"",K25*L25) | N25: =IF(M25="","",IF(M25=0,"Incipiente",IF(M25<=4,"Bajo",IF(M25<=8,"Moderado",IF(M25<=12,"Alto","Muy alto"))))) | O25: =IF(A25="","",IF(N(F25)>50,ROUNDUP(SQRT(F25),0),6)) | Q25: =IF(E25="","",IFERROR(INDEX(Agentes!$F$6:$F$12,MATCH(E25,Agentes!$A$6:$A$12,0)),"Agente?")) | R25: =IF(N(H25)=0,"",8/H25*(24-H25)/16) | S25: =IF(N(I25)=0,"",40/I25*(168-I25)/128) | T25: =IF(E25="","",MIN(1,IF(R25="",1,R25),IF(S25="",1,S25))) | U25: =IF(OR(Q25="",T25=""),"",Q25*T25) | V25: =IF(E25="","",IFERROR(INDEX(Agentes!$E$6:$E$12,MATCH(E25,Agentes!$A$6:$A$12,0)),""))

Sheet Muestreo
A1: 3. Registro de muestras personales
A2: Una fila por muestra. Ingrese masa + caudal + tiempo, o la concentración reportada por el laboratorio (columna J; obligatoria para asbesto en f/cm³). Valores < LD: registre LD/2.
A3: NeumoRisk V1 · Sílice cristalina, carbón y asbesto · SCHO · Celdas amarillas con texto azul = datos a diligenciar; celdas grises = cálculo automático (no editar).
A5: Nº | B5: Código GES | C5: Fecha | D5: Trabajador / cargo | E5: Tipo de muestra | F5: Caudal (L/min) | G5: Tiempo de muestreo (min) | H5: Volumen (m³) | I5: Masa del analito (mg) | J5: Concentración reportada por laboratorio | K5: % sílice cristalina en el polvo | L5: Concentración (mg/m³ o f/cm³) | M5: Agente | N5: Cuarzo derivado (mg/m³) | O5: TLV ajustado | P5: Índice C / TLV aj. | Q5: Verificación de rango (si DEG excede) | R5: Observaciones | S5: ln C (aux) | T5: (ln C − ln MG)² (aux) | U5: (C − MA)² (aux) | V5: > TLV (aux)
A6: 1 | B6: G01 | C6: 46266 | D6: Operador trituradora 1 | E6: Personal | F6: 1.7 | G6: 480 | H6: =IF(OR(F6="",G6=""),"",F6*G6/1000) -> 0.816 | I6: 0.03672 | L6: =IF(B6="","",IF(J6<>"",J6,IF(AND(N(I6)>0,N(H6)>0),I6/H6,""))) -> 0.045 | M6: =IF(B6="","",IFERROR(INDEX(GES!$E$6:$E$25,MATCH(B6,GES!$A$6:$A$25,0)),"GES?")) -> SIL-Q | N6: =IF(AND(ISNUMBER(L6),ISNUMBER(K6),LEFT(M6,3)="CAR"),L6*K6/100,"") | O6: =IF(B6="","",IFERROR(INDEX(GES!$U$6:$U$25,MATCH(B6,GES!$A$6:$A$25,0)),"")) -> 0.01953125 | P6: =IF(AND(ISNUMBER(L6),ISNUMBER(O6)),L6/O6,"") -> 2.304 | Q6: =IF(NOT(ISNUMBER(L6)),"",IFERROR(IF(INDEX(Estadística!$L$6:$L$25,MATCH(B6,Estadística!$A$6:$A$25,0))>INDEX(Estadística!$T$6:$T$25,MATCH(B6,Estadística!$A$6:$A$25,0)),IF(OR(L6<INDEX(Estadística!$I$6:$I$25,MATCH(B6,Estadística!$A$6:$A$25,0))/2,L6>2*INDEX(Estadística!$I$6:$I$25,MATCH(B6,Estadística!$A$6:$A$25,0))),"Fuera de ½MA–2MA: revisar","Dentro de ½MA–2MA"),"—"),"")) -> — | R6: Masa de cuarzo por DRX (NIOSH 7500) | S6: =IF(ISNUMBER(L6),IF(L6>0,LN(L6),""),"") -> -3.1010928 | T6: =IF(ISNUMBER(S6),IFERROR((S6-LN(INDEX(Estadística!$K$6:$K$25,MATCH(B6,Estadística!$A$6:$A$25,0))))^2,""),"") -> 0.022163042 | U6: =IF(ISNUMBER(L6),IFERROR((L6-INDEX(Estadística!$I$6:$I$25,MATCH(B6,Estadística!$A$6:$A$25,0)))^2,""),"") -> 6.9444444e-05 | V6: =IF(ISNUMBER(P6),IF(P6>1,1,0),"") -> 1
A7: 2 | B7: G01 | C7: 46267 | D7: Operador trituradora 2 | E7: Personal | F7: 1.7 | G7: 480 | H7: =IF(OR(F7="",G7=""),"",F7*G7/1000) -> 0.816 | I7: 0.05059 | L7: =IF(B7="","",IF(J7<>"",J7,IF(AND(N(I7)>0,N(H7)>0),I7/H7,""))) -> 0.061997549 | M7: =IF(B7="","",IFERROR(INDEX(GES!$E$6:$E$25,MATCH(B7,GES!$A$6:$A$25,0)),"GES?")) -> SIL-Q | N7: =IF(AND(ISNUMBER(L7),ISNUMBER(K7),LEFT(M7,3)="CAR"),L7*K7/100,"") | O7: =IF(B7="","",IFERROR(INDEX(GES!$U$6:$U$25,MATCH(B7,GES!$A$6:$A$25,0)),"")) -> 0.01953125 | P7: =IF(AND(ISNUMBER(L7),ISNUMBER(O7)),L7/O7,"") -> 3.1742745 | Q7: =IF(NOT(ISNUMBER(L7)),"",IFERROR(IF(INDEX(Estadística!$L$6:$L$25,MATCH(B7,Estadística!$A$6:$A$25,0))>INDEX(Estadística!$T$6:$T$25,MATCH(B7,Estadística!$A$6:$A$25,0)),IF(OR(L7<INDEX(Estadística!$I$6:$I$25,MATCH(B7,Estadística!$A$6:$A$25,0))/2,L7>2*INDEX(Estadística!$I$6:$I$25,MATCH(B7,Estadística!$A$6:$A$25,0))),"Fuera de ½MA–2MA: revisar","Dentro de ½MA–2MA"),"—"),"")) -> — | S7: =IF(ISNUMBER(L7),IF(L7>0,LN(L7),""),"") -> -2.7806604 | T7: =IF(ISNUMBER(S7),IFERROR((S7-LN(INDEX(Estadística!$K$6:$K$25,MATCH(B7,Estadística!$A$6:$A$25,0))))^2,""),"") -> 0.029432763 | U7: =IF(ISNUMBER(L7),IFERROR((L7-INDEX(Estadística!$I$6:$I$25,MATCH(B7,Estadística!$A$6:$A$25,0)))^2,""),"") -> 7.5068633e-05 | V7: =IF(ISNUMBER(P7),IF(P7>1,1,0),"") -> 1
A8: 3 | B8: G01 | C8: 46268 | D8: Operador trituradora 3 | E8: Personal | F8: 1.7 | G8: 480 | H8: =IF(OR(F8="",G8=""),"",F8*G8/1000) -> 0.816 | I8: 0.03101 | L8: =IF(B8="","",IF(J8<>"",J8,IF(AND(N(I8)>0,N(H8)>0),I8/H8,""))) -> 0.038002451 | M8: =IF(B8="","",IFERROR(INDEX(GES!$E$6:$E$25,MATCH(B8,GES!$A$6:$A$25,0)),"GES?")) -> SIL-Q | N8: =IF(AND(ISNUMBER(L8),ISNUMBER(K8),LEFT(M8,3)="CAR"),L8*K8/100,"") | O8: =IF(B8="","",IFERROR(INDEX(GES!$U$6:$U$25,MATCH(B8,GES!$A$6:$A$25,0)),"")) -> 0.01953125 | P8: =IF(AND(ISNUMBER(L8),ISNUMBER(O8)),L8/O8,"") -> 1.9457255 | Q8: =IF(NOT(ISNUMBER(L8)),"",IFERROR(IF(INDEX(Estadística!$L$6:$L$25,MATCH(B8,Estadística!$A$6:$A$25,0))>INDEX(Estadística!$T$6:$T$25,MATCH(B8,Estadística!$A$6:$A$25,0)),IF(OR(L8<INDEX(Estadística!$I$6:$I$25,MATCH(B8,Estadística!$A$6:$A$25,0))/2,L8>2*INDEX(Estadística!$I$6:$I$25,MATCH(B8,Estadística!$A$6:$A$25,0))),"Fuera de ½MA–2MA: revisar","Dentro de ½MA–2MA"),"—"),"")) -> — | S8: =IF(ISNUMBER(L8),IF(L8>0,LN(L8),""),"") -> -3.2701046 | T8: =IF(ISNUMBER(S8),IFERROR((S8-LN(INDEX(Estadística!$K$6:$K$25,MATCH(B8,Estadística!$A$6:$A$25,0))))^2,""),"") -> 0.10105049 | U8: =IF(ISNUMBER(L8),IFERROR((L8-INDEX(Estadística!$I$6:$I$25,MATCH(B8,Estadística!$A$6:$A$25,0)))^2,""),"") -> 0.00023503595 | V8: =IF(ISNUMBER(P8),IF(P8>1,1,0),"") -> 1
A9: 4 | B9: G01 | C9: 46269 | D9: Operador trituradora 4 | E9: Personal | F9: 1.7 | G9: 480 | H9: =IF(OR(F9="",G9=""),"",F9*G9/1000) -> 0.816 | I9: 0.05794 | L9: =IF(B9="","",IF(J9<>"",J9,IF(AND(N(I9)>0,N(H9)>0),I9/H9,""))) -> 0.071004902 | M9: =IF(B9="","",IFERROR(INDEX(GES!$E$6:$E$25,MATCH(B9,GES!$A$6:$A$25,0)),"GES?")) -> SIL-Q | N9: =IF(AND(ISNUMBER(L9),ISNUMBER(K9),LEFT(M9,3)="CAR"),L9*K9/100,"") | O9: =IF(B9="","",IFERROR(INDEX(GES!$U$6:$U$25,MATCH(B9,GES!$A$6:$A$25,0)),"")) -> 0.01953125 | P9: =IF(AND(ISNUMBER(L9),ISNUMBER(O9)),L9/O9,"") -> 3.635451 | Q9: =IF(NOT(ISNUMBER(L9)),"",IFERROR(IF(INDEX(Estadística!$L$6:$L$25,MATCH(B9,Estadística!$A$6:$A$25,0))>INDEX(Estadística!$T$6:$T$25,MATCH(B9,Estadística!$A$6:$A$25,0)),IF(OR(L9<INDEX(Estadística!$I$6:$I$25,MATCH(B9,Estadística!$A$6:$A$25,0))/2,L9>2*INDEX(Estadística!$I$6:$I$25,MATCH(B9,Estadística!$A$6:$A$25,0))),"Fuera de ½MA–2MA: revisar","Dentro de ½MA–2MA"),"—"),"")) -> — | S9: =IF(ISNUMBER(L9),IF(L9>0,LN(L9),""),"") -> -2.6450064 | T9: =IF(ISNUMBER(S9),IFERROR((S9-LN(INDEX(Estadística!$K$6:$K$25,MATCH(B9,Estadística!$A$6:$A$25,0))))^2,""),"") -> 0.094380354 | U9: =IF(ISNUMBER(L9),IFERROR((L9-INDEX(Estadística!$I$6:$I$25,MATCH(B9,Estadística!$A$6:$A$25,0)))^2,""),"") -> 0.00031228434 | V9: =IF(ISNUMBER(P9),IF(P9>1,1,0),"") -> 1
A10: 5 | B10: G01 | C10: 46270 | D10: Operador trituradora 5 | E10: Personal | F10: 1.7 | G10: 480 | H10: =IF(OR(F10="",G10=""),"",F10*G10/1000) -> 0.816 | I10: 0.04488 | L10: =IF(B10="","",IF(J10<>"",J10,IF(AND(N(I10)>0,N(H10)>0),I10/H10,""))) -> 0.055 | M10: =IF(B10="","",IFERROR(INDEX(GES!$E$6:$E$25,MATCH(B10,GES!$A$6:$A$25,0)),"GES?")) -> SIL-Q | N10: =IF(AND(ISNUMBER(L10),ISNUMBER(K10),LEFT(M10,3)="CAR"),L10*K10/100,"") | O10: =IF(B10="","",IFERROR(INDEX(GES!$U$6:$U$25,MATCH(B10,GES!$A$6:$A$25,0)),"")) -> 0.01953125 | P10: =IF(AND(ISNUMBER(L10),ISNUMBER(O10)),L10/O10,"") -> 2.816 | Q10: =IF(NOT(ISNUMBER(L10)),"",IFERROR(IF(INDEX(Estadística!$L$6:$L$25,MATCH(B10,Estadística!$A$6:$A$25,0))>INDEX(Estadística!$T$6:$T$25,MATCH(B10,Estadística!$A$6:$A$25,0)),IF(OR(L10<INDEX(Estadística!$I$6:$I$25,MATCH(B10,Estadística!$A$6:$A$25,0))/2,L10>2*INDEX(Estadística!$I$6:$I$25,MATCH(B10,Estadística!$A$6:$A$25,0))),"Fuera de ½MA–2MA: revisar","Dentro de ½MA–2MA"),"—"),"")) -> — | S10: =IF(ISNUMBER(L10),IF(L10>0,LN(L10),""),"") -> -2.9004221 | T10: =IF(ISNUMBER(S10),IFERROR((S10-LN(INDEX(Estadística!$K$6:$K$25,MATCH(B10,Estadística!$A$6:$A$25,0))))^2,""),"") -> 0.0026830459 | U10: =IF(ISNUMBER(L10),IFERROR((L10-INDEX(Estadística!$I$6:$I$25,MATCH(B10,Estadística!$A$6:$A$25,0)))^2,""),"") -> 2.7777778e-06 | V10: =IF(ISNUMBER(P10),IF(P10>1,1,0),"") -> 1
A11: 6 | B11: G01 | C11: 46271 | D11: Operador trituradora 6 | E11: Personal | F11: 1.7 | G11: 480 | H11: =IF(OR(F11="",G11=""),"",F11*G11/1000) -> 0.816 | I11: 0.03998 | L11: =IF(B11="","",IF(J11<>"",J11,IF(AND(N(I11)>0,N(H11)>0),I11/H11,""))) -> 0.048995098 | M11: =IF(B11="","",IFERROR(INDEX(GES!$E$6:$E$25,MATCH(B11,GES!$A$6:$A$25,0)),"GES?")) -> SIL-Q | N11: =IF(AND(ISNUMBER(L11),ISNUMBER(K11),LEFT(M11,3)="CAR"),L11*K11/100,"") | O11: =IF(B11="","",IFERROR(INDEX(GES!$U$6:$U$25,MATCH(B11,GES!$A$6:$A$25,0)),"")) -> 0.01953125 | P11: =IF(AND(ISNUMBER(L11),ISNUMBER(O11)),L11/O11,"") -> 2.508549 | Q11: =IF(NOT(ISNUMBER(L11)),"",IFERROR(IF(INDEX(Estadística!$L$6:$L$25,MATCH(B11,Estadística!$A$6:$A$25,0))>INDEX(Estadística!$T$6:$T$25,MATCH(B11,Estadística!$A$6:$A$25,0)),IF(OR(L11<INDEX(Estadística!$I$6:$I$25,MATCH(B11,Estadística!$A$6:$A$25,0))/2,L11>2*INDEX(Estadística!$I$6:$I$25,MATCH(B11,Estadística!$A$6:$A$25,0))),"Fuera de ½MA–2MA: revisar","Dentro de ½MA–2MA"),"—"),"")) -> — | S11: =IF(ISNUMBER(L11),IF(L11>0,LN(L11),""),"") -> -3.016035 | T11: =IF(ISNUMBER(S11),IFERROR((S11-LN(INDEX(Estadística!$K$6:$K$25,MATCH(B11,Estadística!$A$6:$A$25,0))))^2,""),"") -> 0.0040723295 | U11: =IF(ISNUMBER(L11),IFERROR((L11-INDEX(Estadística!$I$6:$I$25,MATCH(B11,Estadística!$A$6:$A$25,0)))^2,""),"") -> 1.8820285e-05 | V11: =IF(ISNUMBER(P11),IF(P11>1,1,0),"") -> 1
A12: 7 | B12: G02 | C12: 46272 | D12: Operario moldeo 1 | E12: Personal | F12: 1.7 | G12: 480 | H12: =IF(OR(F12="",G12=""),"",F12*G12/1000) -> 0.816 | J12: 0.009 | L12: =IF(B12="","",IF(J12<>"",J12,IF(AND(N(I12)>0,N(H12)>0),I12/H12,""))) -> 0.009 | M12: =IF(B12="","",IFERROR(INDEX(GES!$E$6:$E$25,MATCH(B12,GES!$A$6:$A$25,0)),"GES?")) -> SIL-Q | N12: =IF(AND(ISNUMBER(L12),ISNUMBER(K12),LEFT(M12,3)="CAR"),L12*K12/100,"") | O12: =IF(B12="","",IFERROR(INDEX(GES!$U$6:$U$25,MATCH(B12,GES!$A$6:$A$25,0)),"")) -> 0.01953125 | P12: =IF(AND(ISNUMBER(L12),ISNUMBER(O12)),L12/O12,"") -> 0.4608 | Q12: =IF(NOT(ISNUMBER(L12)),"",IFERROR(IF(INDEX(Estadística!$L$6:$L$25,MATCH(B12,Estadística!$A$6:$A$25,0))>INDEX(Estadística!$T$6:$T$25,MATCH(B12,Estadística!$A$6:$A$25,0)),IF(OR(L12<INDEX(Estadística!$I$6:$I$25,MATCH(B12,Estadística!$A$6:$A$25,0))/2,L12>2*INDEX(Estadística!$I$6:$I$25,MATCH(B12,Estadística!$A$6:$A$25,0))),"Fuera de ½MA–2MA: revisar","Dentro de ½MA–2MA"),"—"),"")) -> — | S12: =IF(ISNUMBER(L12),IF(L12>0,LN(L12),""),"") -> -4.7105307 | T12: =IF(ISNUMBER(S12),IFERROR((S12-LN(INDEX(Estadística!$K$6:$K$25,MATCH(B12,Estadística!$A$6:$A$25,0))))^2,""),"") -> 0.019770939 | U12: =IF(ISNUMBER(L12),IFERROR((L12-INDEX(Estadística!$I$6:$I$25,MATCH(B12,Estadística!$A$6:$A$25,0)))^2,""),"") -> 2.25e-06 | V12: =IF(ISNUMBER(P12),IF(P12>1,1,0),"") -> 0
A13: 8 | B13: G02 | C13: 46273 | D13: Operario moldeo 2 | E13: Personal | F13: 1.7 | G13: 480 | H13: =IF(OR(F13="",G13=""),"",F13*G13/1000) -> 0.816 | J13: 0.012 | L13: =IF(B13="","",IF(J13<>"",J13,IF(AND(N(I13)>0,N(H13)>0),I13/H13,""))) -> 0.012 | M13: =IF(B13="","",IFERROR(INDEX(GES!$E$6:$E$25,MATCH(B13,GES!$A$6:$A$25,0)),"GES?")) -> SIL-Q | N13: =IF(AND(ISNUMBER(L13),ISNUMBER(K13),LEFT(M13,3)="CAR"),L13*K13/100,"") | O13: =IF(B13="","",IFERROR(INDEX(GES!$U$6:$U$25,MATCH(B13,GES!$A$6:$A$25,0)),"")) -> 0.01953125 | P13: =IF(AND(ISNUMBER(L13),ISNUMBER(O13)),L13/O13,"") -> 0.6144 | Q13: =IF(NOT(ISNUMBER(L13)),"",IFERROR(IF(INDEX(Estadística!$L$6:$L$25,MATCH(B13,Estadística!$A$6:$A$25,0))>INDEX(Estadística!$T$6:$T$25,MATCH(B13,Estadística!$A$6:$A$25,0)),IF(OR(L13<INDEX(Estadística!$I$6:$I$25,MATCH(B13,Estadística!$A$6:$A$25,0))/2,L13>2*INDEX(Estadística!$I$6:$I$25,MATCH(B13,Estadística!$A$6:$A$25,0))),"Fuera de ½MA–2MA: revisar","Dentro de ½MA–2MA"),"—"),"")) -> — | S13: =IF(ISNUMBER(L13),IF(L13>0,LN(L13),""),"") -> -4.4228486 | T13: =IF(ISNUMBER(S13),IFERROR((S13-LN(INDEX(Estadística!$K$6:$K$25,MATCH(B13,Estadística!$A$6:$A$25,0))))^2,""),"") -> 0.021630438 | U13: =IF(ISNUMBER(L13),IFERROR((L13-INDEX(Estadística!$I$6:$I$25,MATCH(B13,Estadística!$A$6:$A$25,0)))^2,""),"") -> 2.25e-06 | V13: =IF(ISNUMBER(P13),IF(P13>1,1,0),"") -> 0
A14: 9 | B14: G02 | C14: 46274 | D14: Operario moldeo 3 | E14: Personal | F14: 1.7 | G14: 480 | H14: =IF(OR(F14="",G14=""),"",F14*G14/1000) -> 0.816 | J14: 0.008 | L14: =IF(B14="","",IF(J14<>"",J14,IF(AND(N(I14)>0,N(H14)>0),I14/H14,""))) -> 0.008 | M14: =IF(B14="","",IFERROR(INDEX(GES!$E$6:$E$25,MATCH(B14,GES!$A$6:$A$25,0)),"GES?")) -> SIL-Q | N14: =IF(AND(ISNUMBER(L14),ISNUMBER(K14),LEFT(M14,3)="CAR"),L14*K14/100,"") | O14: =IF(B14="","",IFERROR(INDEX(GES!$U$6:$U$25,MATCH(B14,GES!$A$6:$A$25,0)),"")) -> 0.01953125 | P14: =IF(AND(ISNUMBER(L14),ISNUMBER(O14)),L14/O14,"") -> 0.4096 | Q14: =IF(NOT(ISNUMBER(L14)),"",IFERROR(IF(INDEX(Estadística!$L$6:$L$25,MATCH(B14,Estadística!$A$6:$A$25,0))>INDEX(Estadística!$T$6:$T$25,MATCH(B14,Estadística!$A$6:$A$25,0)),IF(OR(L14<INDEX(Estadística!$I$6:$I$25,MATCH(B14,Estadística!$A$6:$A$25,0))/2,L14>2*INDEX(Estadística!$I$6:$I$25,MATCH(B14,Estadística!$A$6:$A$25,0))),"Fuera de ½MA–2MA: revisar","Dentro de ½MA–2MA"),"—"),"")) -> — | S14: =IF(ISNUMBER(L14),IF(L14>0,LN(L14),""),"") -> -4.8283137 | T14: =IF(ISNUMBER(S14),IFERROR((S14-LN(INDEX(Estadística!$K$6:$K$25,MATCH(B14,Estadística!$A$6:$A$25,0))))^2,""),"") -> 0.066766533 | U14: =IF(ISNUMBER(L14),IFERROR((L14-INDEX(Estadística!$I$6:$I$25,MATCH(B14,Estadística!$A$6:$A$25,0)))^2,""),"") -> 6.25e-06 | V14: =IF(ISNUMBER(P14),IF(P14>1,1,0),"") -> 0
A15: 10 | B15: G02 | C15: 46275 | D15: Operario moldeo 4 | E15: Personal | F15: 1.7 | G15: 480 | H15: =IF(OR(F15="",G15=""),"",F15*G15/1000) -> 0.816 | J15: 0.011 | L15: =IF(B15="","",IF(J15<>"",J15,IF(AND(N(I15)>0,N(H15)>0),I15/H15,""))) -> 0.011 | M15: =IF(B15="","",IFERROR(INDEX(GES!$E$6:$E$25,MATCH(B15,GES!$A$6:$A$25,0)),"GES?")) -> SIL-Q | N15: =IF(AND(ISNUMBER(L15),ISNUMBER(K15),LEFT(M15,3)="CAR"),L15*K15/100,"") | O15: =IF(B15="","",IFERROR(INDEX(GES!$U$6:$U$25,MATCH(B15,GES!$A$6:$A$25,0)),"")) -> 0.01953125 | P15: =IF(AND(ISNUMBER(L15),ISNUMBER(O15)),L15/O15,"") -> 0.5632 | Q15: =IF(NOT(ISNUMBER(L15)),"",IFERROR(IF(INDEX(Estadística!$L$6:$L$25,MATCH(B15,Estadística!$A$6:$A$25,0))>INDEX(Estadística!$T$6:$T$25,MATCH(B15,Estadística!$A$6:$A$25,0)),IF(OR(L15<INDEX(Estadística!$I$6:$I$25,MATCH(B15,Estadística!$A$6:$A$25,0))/2,L15>2*INDEX(Estadística!$I$6:$I$25,MATCH(B15,Estadística!$A$6:$A$25,0))),"Fuera de ½MA–2MA: revisar","Dentro de ½MA–2MA"),"—"),"")) -> — | S15: =IF(ISNUMBER(L15),IF(L15>0,LN(L15),""),"") -> -4.50986 | T15: =IF(ISNUMBER(S15),IFERROR((S15-LN(INDEX(Estadística!$K$6:$K$25,MATCH(B15,Estadística!$A$6:$A$25,0))))^2,""),"") -> 0.0036073867 | U15: =IF(ISNUMBER(L15),IFERROR((L15-INDEX(Estadística!$I$6:$I$25,MATCH(B15,Estadística!$A$6:$A$25,0)))^2,""),"") -> 2.5e-07 | V15: =IF(ISNUMBER(P15),IF(P15>1,1,0),"") -> 0
A16: 11 | B16: G02 | C16: 46276 | D16: Operario moldeo 5 | E16: Personal | F16: 1.7 | G16: 480 | H16: =IF(OR(F16="",G16=""),"",F16*G16/1000) -> 0.816 | J16: 0.01 | L16: =IF(B16="","",IF(J16<>"",J16,IF(AND(N(I16)>0,N(H16)>0),I16/H16,""))) -> 0.01 | M16: =IF(B16="","",IFERROR(INDEX(GES!$E$6:$E$25,MATCH(B16,GES!$A$6:$A$25,0)),"GES?")) -> SIL-Q | N16: =IF(AND(ISNUMBER(L16),ISNUMBER(K16),LEFT(M16,3)="CAR"),L16*K16/100,"") | O16: =IF(B16="","",IFERROR(INDEX(GES!$U$6:$U$25,MATCH(B16,GES!$A$6:$A$25,0)),"")) -> 0.01953125 | P16: =IF(AND(ISNUMBER(L16),ISNUMBER(O16)),L16/O16,"") -> 0.512 | Q16: =IF(NOT(ISNUMBER(L16)),"",IFERROR(IF(INDEX(Estadística!$L$6:$L$25,MATCH(B16,Estadística!$A$6:$A$25,0))>INDEX(Estadística!$T$6:$T$25,MATCH(B16,Estadística!$A$6:$A$25,0)),IF(OR(L16<INDEX(Estadística!$I$6:$I$25,MATCH(B16,Estadística!$A$6:$A$25,0))/2,L16>2*INDEX(Estadística!$I$6:$I$25,MATCH(B16,Estadística!$A$6:$A$25,0))),"Fuera de ½MA–2MA: revisar","Dentro de ½MA–2MA"),"—"),"")) -> — | S16: =IF(ISNUMBER(L16),IF(L16>0,LN(L16),""),"") -> -4.6051702 | T16: =IF(ISNUMBER(S16),IFERROR((S16-LN(INDEX(Estadística!$K$6:$K$25,MATCH(B16,Estadística!$A$6:$A$25,0))))^2,""),"") -> 0.0012424677 | U16: =IF(ISNUMBER(L16),IFERROR((L16-INDEX(Estadística!$I$6:$I$25,MATCH(B16,Estadística!$A$6:$A$25,0)))^2,""),"") -> 2.5e-07 | V16: =IF(ISNUMBER(P16),IF(P16>1,1,0),"") -> 0
A17: 12 | B17: G02 | C17: 46277 | D17: Operario moldeo 6 | E17: Personal | F17: 1.7 | G17: 480 | H17: =IF(OR(F17="",G17=""),"",F17*G17/1000) -> 0.816 | J17: 0.013 | L17: =IF(B17="","",IF(J17<>"",J17,IF(AND(N(I17)>0,N(H17)>0),I17/H17,""))) -> 0.013 | M17: =IF(B17="","",IFERROR(INDEX(GES!$E$6:$E$25,MATCH(B17,GES!$A$6:$A$25,0)),"GES?")) -> SIL-Q | N17: =IF(AND(ISNUMBER(L17),ISNUMBER(K17),LEFT(M17,3)="CAR"),L17*K17/100,"") | O17: =IF(B17="","",IFERROR(INDEX(GES!$U$6:$U$25,MATCH(B17,GES!$A$6:$A$25,0)),"")) -> 0.01953125 | P17: =IF(AND(ISNUMBER(L17),ISNUMBER(O17)),L17/O17,"") -> 0.6656 | Q17: =IF(NOT(ISNUMBER(L17)),"",IFERROR(IF(INDEX(Estadística!$L$6:$L$25,MATCH(B17,Estadística!$A$6:$A$25,0))>INDEX(Estadística!$T$6:$T$25,MATCH(B17,Estadística!$A$6:$A$25,0)),IF(OR(L17<INDEX(Estadística!$I$6:$I$25,MATCH(B17,Estadística!$A$6:$A$25,0))/2,L17>2*INDEX(Estadística!$I$6:$I$25,MATCH(B17,Estadística!$A$6:$A$25,0))),"Fuera de ½MA–2MA: revisar","Dentro de ½MA–2MA"),"—"),"")) -> — | S17: =IF(ISNUMBER(L17),IF(L17>0,LN(L17),""),"") -> -4.3428059 | T17: =IF(ISNUMBER(S17),IFERROR((S17-LN(INDEX(Estadística!$K$6:$K$25,MATCH(B17,Estadística!$A$6:$A$25,0))))^2,""),"") -> 0.0515815 | U17: =IF(ISNUMBER(L17),IFERROR((L17-INDEX(Estadística!$I$6:$I$25,MATCH(B17,Estadística!$A$6:$A$25,0)))^2,""),"") -> 6.25e-06 | V17: =IF(ISNUMBER(P17),IF(P17>1,1,0),"") -> 0
A18: 13 | B18: G03 | C18: 46266 | D18: Pulidor 1 | E18: Personal | F18: 1.7 | G18: 480 | H18: =IF(OR(F18="",G18=""),"",F18*G18/1000) -> 0.816 | J18: 0.018 | L18: =IF(B18="","",IF(J18<>"",J18,IF(AND(N(I18)>0,N(H18)>0),I18/H18,""))) -> 0.018 | M18: =IF(B18="","",IFERROR(INDEX(GES!$E$6:$E$25,MATCH(B18,GES!$A$6:$A$25,0)),"GES?")) -> SIL-Q | N18: =IF(AND(ISNUMBER(L18),ISNUMBER(K18),LEFT(M18,3)="CAR"),L18*K18/100,"") | O18: =IF(B18="","",IFERROR(INDEX(GES!$U$6:$U$25,MATCH(B18,GES!$A$6:$A$25,0)),"")) -> 0.022017045 | P18: =IF(AND(ISNUMBER(L18),ISNUMBER(O18)),L18/O18,"") -> 0.81754839 | Q18: =IF(NOT(ISNUMBER(L18)),"",IFERROR(IF(INDEX(Estadística!$L$6:$L$25,MATCH(B18,Estadística!$A$6:$A$25,0))>INDEX(Estadística!$T$6:$T$25,MATCH(B18,Estadística!$A$6:$A$25,0)),IF(OR(L18<INDEX(Estadística!$I$6:$I$25,MATCH(B18,Estadística!$A$6:$A$25,0))/2,L18>2*INDEX(Estadística!$I$6:$I$25,MATCH(B18,Estadística!$A$6:$A$25,0))),"Fuera de ½MA–2MA: revisar","Dentro de ½MA–2MA"),"—"),"")) -> — | R18: Serie de 5 muestras del ejemplo 1 de la Guía Técnica 2024 | S18: =IF(ISNUMBER(L18),IF(L18>0,LN(L18),""),"") -> -4.0173835 | T18: =IF(ISNUMBER(S18),IFERROR((S18-LN(INDEX(Estadística!$K$6:$K$25,MATCH(B18,Estadística!$A$6:$A$25,0))))^2,""),"") -> 0.0041554035 | U18: =IF(ISNUMBER(L18),IFERROR((L18-INDEX(Estadística!$I$6:$I$25,MATCH(B18,Estadística!$A$6:$A$25,0)))^2,""),"") -> 1.96e-06 | V18: =IF(ISNUMBER(P18),IF(P18>1,1,0),"") -> 0
A19: 14 | B19: G03 | C19: 46267 | D19: Pulidor 2 | E19: Personal | F19: 1.7 | G19: 480 | H19: =IF(OR(F19="",G19=""),"",F19*G19/1000) -> 0.816 | J19: 0.02 | L19: =IF(B19="","",IF(J19<>"",J19,IF(AND(N(I19)>0,N(H19)>0),I19/H19,""))) -> 0.02 | M19: =IF(B19="","",IFERROR(INDEX(GES!$E$6:$E$25,MATCH(B19,GES!$A$6:$A$25,0)),"GES?")) -> SIL-Q | N19: =IF(AND(ISNUMBER(L19),ISNUMBER(K19),LEFT(M19,3)="CAR"),L19*K19/100,"") | O19: =IF(B19="","",IFERROR(INDEX(GES!$U$6:$U$25,MATCH(B19,GES!$A$6:$A$25,0)),"")) -> 0.022017045 | P19: =IF(AND(ISNUMBER(L19),ISNUMBER(O19)),L19/O19,"") -> 0.9083871 | Q19: =IF(NOT(ISNUMBER(L19)),"",IFERROR(IF(INDEX(Estadística!$L$6:$L$25,MATCH(B19,Estadística!$A$6:$A$25,0))>INDEX(Estadística!$T$6:$T$25,MATCH(B19,Estadística!$A$6:$A$25,0)),IF(OR(L19<INDEX(Estadística!$I$6:$I$25,MATCH(B19,Estadística!$A$6:$A$25,0))/2,L19>2*INDEX(Estadística!$I$6:$I$25,MATCH(B19,Estadística!$A$6:$A$25,0))),"Fuera de ½MA–2MA: revisar","Dentro de ½MA–2MA"),"—"),"")) -> — | S19: =IF(ISNUMBER(L19),IF(L19>0,LN(L19),""),"") -> -3.912023 | T19: =IF(ISNUMBER(S19),IFERROR((S19-LN(INDEX(Estadística!$K$6:$K$25,MATCH(B19,Estadística!$A$6:$A$25,0))))^2,""),"") -> 0.0016726543 | U19: =IF(ISNUMBER(L19),IFERROR((L19-INDEX(Estadística!$I$6:$I$25,MATCH(B19,Estadística!$A$6:$A$25,0)))^2,""),"") -> 3.6e-07 | V19: =IF(ISNUMBER(P19),IF(P19>1,1,0),"") -> 0
A20: 15 | B20: G03 | C20: 46268 | D20: Pulidor 3 | E20: Personal | F20: 1.7 | G20: 480 | H20: =IF(OR(F20="",G20=""),"",F20*G20/1000) -> 0.816 | J20: 0.023 | L20: =IF(B20="","",IF(J20<>"",J20,IF(AND(N(I20)>0,N(H20)>0),I20/H20,""))) -> 0.023 | M20: =IF(B20="","",IFERROR(INDEX(GES!$E$6:$E$25,MATCH(B20,GES!$A$6:$A$25,0)),"GES?")) -> SIL-Q | N20: =IF(AND(ISNUMBER(L20),ISNUMBER(K20),LEFT(M20,3)="CAR"),L20*K20/100,"") | O20: =IF(B20="","",IFERROR(INDEX(GES!$U$6:$U$25,MATCH(B20,GES!$A$6:$A$25,0)),"")) -> 0.022017045 | P20: =IF(AND(ISNUMBER(L20),ISNUMBER(O20)),L20/O20,"") -> 1.0446452 | Q20: =IF(NOT(ISNUMBER(L20)),"",IFERROR(IF(INDEX(Estadística!$L$6:$L$25,MATCH(B20,Estadística!$A$6:$A$25,0))>INDEX(Estadística!$T$6:$T$25,MATCH(B20,Estadística!$A$6:$A$25,0)),IF(OR(L20<INDEX(Estadística!$I$6:$I$25,MATCH(B20,Estadística!$A$6:$A$25,0))/2,L20>2*INDEX(Estadística!$I$6:$I$25,MATCH(B20,Estadística!$A$6:$A$25,0))),"Fuera de ½MA–2MA: revisar","Dentro de ½MA–2MA"),"—"),"")) -> — | S20: =IF(ISNUMBER(L20),IF(L20>0,LN(L20),""),"") -> -3.7722611 | T20: =IF(ISNUMBER(S20),IFERROR((S20-LN(INDEX(Estadística!$K$6:$K$25,MATCH(B20,Estadística!$A$6:$A$25,0))))^2,""),"") -> 0.03263805 | U20: =IF(ISNUMBER(L20),IFERROR((L20-INDEX(Estadística!$I$6:$I$25,MATCH(B20,Estadística!$A$6:$A$25,0)))^2,""),"") -> 1.296e-05 | V20: =IF(ISNUMBER(P20),IF(P20>1,1,0),"") -> 1
A21: 16 | B21: G03 | C21: 46269 | D21: Pulidor 4 | E21: Personal | F21: 1.7 | G21: 480 | H21: =IF(OR(F21="",G21=""),"",F21*G21/1000) -> 0.816 | J21: 0.015 | L21: =IF(B21="","",IF(J21<>"",J21,IF(AND(N(I21)>0,N(H21)>0),I21/H21,""))) -> 0.015 | M21: =IF(B21="","",IFERROR(INDEX(GES!$E$6:$E$25,MATCH(B21,GES!$A$6:$A$25,0)),"GES?")) -> SIL-Q | N21: =IF(AND(ISNUMBER(L21),ISNUMBER(K21),LEFT(M21,3)="CAR"),L21*K21/100,"") | O21: =IF(B21="","",IFERROR(INDEX(GES!$U$6:$U$25,MATCH(B21,GES!$A$6:$A$25,0)),"")) -> 0.022017045 | P21: =IF(AND(ISNUMBER(L21),ISNUMBER(O21)),L21/O21,"") -> 0.68129032 | Q21: =IF(NOT(ISNUMBER(L21)),"",IFERROR(IF(INDEX(Estadística!$L$6:$L$25,MATCH(B21,Estadística!$A$6:$A$25,0))>INDEX(Estadística!$T$6:$T$25,MATCH(B21,Estadística!$A$6:$A$25,0)),IF(OR(L21<INDEX(Estadística!$I$6:$I$25,MATCH(B21,Estadística!$A$6:$A$25,0))/2,L21>2*INDEX(Estadística!$I$6:$I$25,MATCH(B21,Estadística!$A$6:$A$25,0))),"Fuera de ½MA–2MA: revisar","Dentro de ½MA–2MA"),"—"),"")) -> — | S21: =IF(ISNUMBER(L21),IF(L21>0,LN(L21),""),"") -> -4.1997051 | T21: =IF(ISNUMBER(S21),IFERROR((S21-LN(INDEX(Estadística!$K$6:$K$25,MATCH(B21,Estadística!$A$6:$A$25,0))))^2,""),"") -> 0.060902331 | U21: =IF(ISNUMBER(L21),IFERROR((L21-INDEX(Estadística!$I$6:$I$25,MATCH(B21,Estadística!$A$6:$A$25,0)))^2,""),"") -> 1.936e-05 | V21: =IF(ISNUMBER(P21),IF(P21>1,1,0),"") -> 0
A22: 17 | B22: G03 | C22: 46270 | D22: Pulidor 5 | E22: Personal | F22: 1.7 | G22: 480 | H22: =IF(OR(F22="",G22=""),"",F22*G22/1000) -> 0.816 | J22: 0.021 | L22: =IF(B22="","",IF(J22<>"",J22,IF(AND(N(I22)>0,N(H22)>0),I22/H22,""))) -> 0.021 | M22: =IF(B22="","",IFERROR(INDEX(GES!$E$6:$E$25,MATCH(B22,GES!$A$6:$A$25,0)),"GES?")) -> SIL-Q | N22: =IF(AND(ISNUMBER(L22),ISNUMBER(K22),LEFT(M22,3)="CAR"),L22*K22/100,"") | O22: =IF(B22="","",IFERROR(INDEX(GES!$U$6:$U$25,MATCH(B22,GES!$A$6:$A$25,0)),"")) -> 0.022017045 | P22: =IF(AND(ISNUMBER(L22),ISNUMBER(O22)),L22/O22,"") -> 0.95380645 | Q22: =IF(NOT(ISNUMBER(L22)),"",IFERROR(IF(INDEX(Estadística!$L$6:$L$25,MATCH(B22,Estadística!$A$6:$A$25,0))>INDEX(Estadística!$T$6:$T$25,MATCH(B22,Estadística!$A$6:$A$25,0)),IF(OR(L22<INDEX(Estadística!$I$6:$I$25,MATCH(B22,Estadística!$A$6:$A$25,0))/2,L22>2*INDEX(Estadística!$I$6:$I$25,MATCH(B22,Estadística!$A$6:$A$25,0))),"Fuera de ½MA–2MA: revisar","Dentro de ½MA–2MA"),"—"),"")) -> — | S22: =IF(ISNUMBER(L22),IF(L22>0,LN(L22),""),"") -> -3.8632328 | T22: =IF(ISNUMBER(S22),IFERROR((S22-LN(INDEX(Estadística!$K$6:$K$25,MATCH(B22,Estadística!$A$6:$A$25,0))))^2,""),"") -> 0.0080439841 | U22: =IF(ISNUMBER(L22),IFERROR((L22-INDEX(Estadística!$I$6:$I$25,MATCH(B22,Estadística!$A$6:$A$25,0)))^2,""),"") -> 2.56e-06 | V22: =IF(ISNUMBER(P22),IF(P22>1,1,0),"") -> 0
A23: 18 | B23: G04 | C23: 46271 | D23: Picador 1 | E23: Personal | F23: 1.7 | G23: 480 | H23: =IF(OR(F23="",G23=""),"",F23*G23/1000) -> 0.816 | J23: 0.95 | K23: 4 | L23: =IF(B23="","",IF(J23<>"",J23,IF(AND(N(I23)>0,N(H23)>0),I23/H23,""))) -> 0.95 | M23: =IF(B23="","",IFERROR(INDEX(GES!$E$6:$E$25,MATCH(B23,GES!$A$6:$A$25,0)),"GES?")) -> CAR-B | N23: =IF(AND(ISNUMBER(L23),ISNUMBER(K23),LEFT(M23,3)="CAR"),L23*K23/100,"") -> 0.038 | O23: =IF(B23="","",IFERROR(INDEX(GES!$U$6:$U$25,MATCH(B23,GES!$A$6:$A$25,0)),"")) -> 0.703125 | P23: =IF(AND(ISNUMBER(L23),ISNUMBER(O23)),L23/O23,"") -> 1.3511111 | Q23: =IF(NOT(ISNUMBER(L23)),"",IFERROR(IF(INDEX(Estadística!$L$6:$L$25,MATCH(B23,Estadística!$A$6:$A$25,0))>INDEX(Estadística!$T$6:$T$25,MATCH(B23,Estadística!$A$6:$A$25,0)),IF(OR(L23<INDEX(Estadística!$I$6:$I$25,MATCH(B23,Estadística!$A$6:$A$25,0))/2,L23>2*INDEX(Estadística!$I$6:$I$25,MATCH(B23,Estadística!$A$6:$A$25,0))),"Fuera de ½MA–2MA: revisar","Dentro de ½MA–2MA"),"—"),"")) -> — | S23: =IF(ISNUMBER(L23),IF(L23>0,LN(L23),""),"") -> -0.051293294 | T23: =IF(ISNUMBER(S23),IFERROR((S23-LN(INDEX(Estadística!$K$6:$K$25,MATCH(B23,Estadística!$A$6:$A$25,0))))^2,""),"") -> 0.00081891703 | U23: =IF(ISNUMBER(L23),IFERROR((L23-INDEX(Estadística!$I$6:$I$25,MATCH(B23,Estadística!$A$6:$A$25,0)))^2,""),"") -> 0.0025 | V23: =IF(ISNUMBER(P23),IF(P23>1,1,0),"") -> 1
A24: 19 | B24: G04 | C24: 46272 | D24: Picador 2 | E24: Personal | F24: 1.7 | G24: 480 | H24: =IF(OR(F24="",G24=""),"",F24*G24/1000) -> 0.816 | J24: 1.2 | K24: 5 | L24: =IF(B24="","",IF(J24<>"",J24,IF(AND(N(I24)>0,N(H24)>0),I24/H24,""))) -> 1.2 | M24: =IF(B24="","",IFERROR(INDEX(GES!$E$6:$E$25,MATCH(B24,GES!$A$6:$A$25,0)),"GES?")) -> CAR-B | N24: =IF(AND(ISNUMBER(L24),ISNUMBER(K24),LEFT(M24,3)="CAR"),L24*K24/100,"") -> 0.06 | O24: =IF(B24="","",IFERROR(INDEX(GES!$U$6:$U$25,MATCH(B24,GES!$A$6:$A$25,0)),"")) -> 0.703125 | P24: =IF(AND(ISNUMBER(L24),ISNUMBER(O24)),L24/O24,"") -> 1.7066667 | Q24: =IF(NOT(ISNUMBER(L24)),"",IFERROR(IF(INDEX(Estadística!$L$6:$L$25,MATCH(B24,Estadística!$A$6:$A$25,0))>INDEX(Estadística!$T$6:$T$25,MATCH(B24,Estadística!$A$6:$A$25,0)),IF(OR(L24<INDEX(Estadística!$I$6:$I$25,MATCH(B24,Estadística!$A$6:$A$25,0))/2,L24>2*INDEX(Estadística!$I$6:$I$25,MATCH(B24,Estadística!$A$6:$A$25,0))),"Fuera de ½MA–2MA: revisar","Dentro de ½MA–2MA"),"—"),"")) -> — | S24: =IF(ISNUMBER(L24),IF(L24>0,LN(L24),""),"") -> 0.18232156 | T24: =IF(ISNUMBER(S24),IFERROR((S24-LN(INDEX(Estadística!$K$6:$K$25,MATCH(B24,Estadística!$A$6:$A$25,0))))^2,""),"") -> 0.042024231 | U24: =IF(ISNUMBER(L24),IFERROR((L24-INDEX(Estadística!$I$6:$I$25,MATCH(B24,Estadística!$A$6:$A$25,0)))^2,""),"") -> 0.04 | V24: =IF(ISNUMBER(P24),IF(P24>1,1,0),"") -> 1
A25: 20 | B25: G04 | C25: 46273 | D25: Picador 3 | E25: Personal | F25: 1.7 | G25: 480 | H25: =IF(OR(F25="",G25=""),"",F25*G25/1000) -> 0.816 | J25: 0.8 | K25: 3 | L25: =IF(B25="","",IF(J25<>"",J25,IF(AND(N(I25)>0,N(H25)>0),I25/H25,""))) -> 0.8 | M25: =IF(B25="","",IFERROR(INDEX(GES!$E$6:$E$25,MATCH(B25,GES!$A$6:$A$25,0)),"GES?")) -> CAR-B | N25: =IF(AND(ISNUMBER(L25),ISNUMBER(K25),LEFT(M25,3)="CAR"),L25*K25/100,"") -> 0.024 | O25: =IF(B25="","",IFERROR(INDEX(GES!$U$6:$U$25,MATCH(B25,GES!$A$6:$A$25,0)),"")) -> 0.703125 | P25: =IF(AND(ISNUMBER(L25),ISNUMBER(O25)),L25/O25,"") -> 1.1377778 | Q25: =IF(NOT(ISNUMBER(L25)),"",IFERROR(IF(INDEX(Estadística!$L$6:$L$25,MATCH(B25,Estadística!$A$6:$A$25,0))>INDEX(Estadística!$T$6:$T$25,MATCH(B25,Estadística!$A$6:$A$25,0)),IF(OR(L25<INDEX(Estadística!$I$6:$I$25,MATCH(B25,Estadística!$A$6:$A$25,0))/2,L25>2*INDEX(Estadística!$I$6:$I$25,MATCH(B25,Estadística!$A$6:$A$25,0))),"Fuera de ½MA–2MA: revisar","Dentro de ½MA–2MA"),"—"),"")) -> — | S25: =IF(ISNUMBER(L25),IF(L25>0,LN(L25),""),"") -> -0.22314355 | T25: =IF(ISNUMBER(S25),IFERROR((S25-LN(INDEX(Estadística!$K$6:$K$25,MATCH(B25,Estadística!$A$6:$A$25,0))))^2,""),"") -> 0.040187011 | U25: =IF(ISNUMBER(L25),IFERROR((L25-INDEX(Estadística!$I$6:$I$25,MATCH(B25,Estadística!$A$6:$A$25,0)))^2,""),"") -> 0.04 | V25: =IF(ISNUMBER(P25),IF(P25>1,1,0),"") -> 1
A26: 21 | B26: G04 | C26: 46274 | D26: Picador 4 | E26: Personal | F26: 1.7 | G26: 480 | H26: =IF(OR(F26="",G26=""),"",F26*G26/1000) -> 0.816 | J26: 1.1 | K26: 6 | L26: =IF(B26="","",IF(J26<>"",J26,IF(AND(N(I26)>0,N(H26)>0),I26/H26,""))) -> 1.1 | M26: =IF(B26="","",IFERROR(INDEX(GES!$E$6:$E$25,MATCH(B26,GES!$A$6:$A$25,0)),"GES?")) -> CAR-B | N26: =IF(AND(ISNUMBER(L26),ISNUMBER(K26),LEFT(M26,3)="CAR"),L26*K26/100,"") -> 0.066 | O26: =IF(B26="","",IFERROR(INDEX(GES!$U$6:$U$25,MATCH(B26,GES!$A$6:$A$25,0)),"")) -> 0.703125 | P26: =IF(AND(ISNUMBER(L26),ISNUMBER(O26)),L26/O26,"") -> 1.5644444 | Q26: =IF(NOT(ISNUMBER(L26)),"",IFERROR(IF(INDEX(Estadística!$L$6:$L$25,MATCH(B26,Estadística!$A$6:$A$25,0))>INDEX(Estadística!$T$6:$T$25,MATCH(B26,Estadística!$A$6:$A$25,0)),IF(OR(L26<INDEX(Estadística!$I$6:$I$25,MATCH(B26,Estadística!$A$6:$A$25,0))/2,L26>2*INDEX(Estadística!$I$6:$I$25,MATCH(B26,Estadística!$A$6:$A$25,0))),"Fuera de ½MA–2MA: revisar","Dentro de ½MA–2MA"),"—"),"")) -> — | S26: =IF(ISNUMBER(L26),IF(L26>0,LN(L26),""),"") -> 0.09531018 | T26: =IF(ISNUMBER(S26),IFERROR((S26-LN(INDEX(Estadística!$K$6:$K$25,MATCH(B26,Estadística!$A$6:$A$25,0))))^2,""),"") -> 0.013920873 | U26: =IF(ISNUMBER(L26),IFERROR((L26-INDEX(Estadística!$I$6:$I$25,MATCH(B26,Estadística!$A$6:$A$25,0)))^2,""),"") -> 0.01 | V26: =IF(ISNUMBER(P26),IF(P26>1,1,0),"") -> 1
A27: 22 | B27: G04 | C27: 46275 | D27: Picador 5 | E27: Personal | F27: 1.7 | G27: 480 | H27: =IF(OR(F27="",G27=""),"",F27*G27/1000) -> 0.816 | J27: 1.35 | K27: 4 | L27: =IF(B27="","",IF(J27<>"",J27,IF(AND(N(I27)>0,N(H27)>0),I27/H27,""))) -> 1.35 | M27: =IF(B27="","",IFERROR(INDEX(GES!$E$6:$E$25,MATCH(B27,GES!$A$6:$A$25,0)),"GES?")) -> CAR-B | N27: =IF(AND(ISNUMBER(L27),ISNUMBER(K27),LEFT(M27,3)="CAR"),L27*K27/100,"") -> 0.054 | O27: =IF(B27="","",IFERROR(INDEX(GES!$U$6:$U$25,MATCH(B27,GES!$A$6:$A$25,0)),"")) -> 0.703125 | P27: =IF(AND(ISNUMBER(L27),ISNUMBER(O27)),L27/O27,"") -> 1.92 | Q27: =IF(NOT(ISNUMBER(L27)),"",IFERROR(IF(INDEX(Estadística!$L$6:$L$25,MATCH(B27,Estadística!$A$6:$A$25,0))>INDEX(Estadística!$T$6:$T$25,MATCH(B27,Estadística!$A$6:$A$25,0)),IF(OR(L27<INDEX(Estadística!$I$6:$I$25,MATCH(B27,Estadística!$A$6:$A$25,0))/2,L27>2*INDEX(Estadística!$I$6:$I$25,MATCH(B27,Estadística!$A$6:$A$25,0))),"Fuera de ½MA–2MA: revisar","Dentro de ½MA–2MA"),"—"),"")) -> — | S27: =IF(ISNUMBER(L27),IF(L27>0,LN(L27),""),"") -> 0.30010459 | T27: =IF(ISNUMBER(S27),IFERROR((S27-LN(INDEX(Estadística!$K$6:$K$25,MATCH(B27,Estadística!$A$6:$A$25,0))))^2,""),"") -> 0.10418768 | U27: =IF(ISNUMBER(L27),IFERROR((L27-INDEX(Estadística!$I$6:$I$25,MATCH(B27,Estadística!$A$6:$A$25,0)))^2,""),"") -> 0.1225 | V27: =IF(ISNUMBER(P27),IF(P27>1,1,0),"") -> 1
A28: 23 | B28: G04 | C28: 46276 | D28: Picador 6 | E28: Personal | F28: 1.7 | G28: 480 | H28: =IF(OR(F28="",G28=""),"",F28*G28/1000) -> 0.816 | J28: 0.7 | K28: 5 | L28: =IF(B28="","",IF(J28<>"",J28,IF(AND(N(I28)>0,N(H28)>0),I28/H28,""))) -> 0.7 | M28: =IF(B28="","",IFERROR(INDEX(GES!$E$6:$E$25,MATCH(B28,GES!$A$6:$A$25,0)),"GES?")) -> CAR-B | N28: =IF(AND(ISNUMBER(L28),ISNUMBER(K28),LEFT(M28,3)="CAR"),L28*K28/100,"") -> 0.035 | O28: =IF(B28="","",IFERROR(INDEX(GES!$U$6:$U$25,MATCH(B28,GES!$A$6:$A$25,0)),"")) -> 0.703125 | P28: =IF(AND(ISNUMBER(L28),ISNUMBER(O28)),L28/O28,"") -> 0.99555556 | Q28: =IF(NOT(ISNUMBER(L28)),"",IFERROR(IF(INDEX(Estadística!$L$6:$L$25,MATCH(B28,Estadística!$A$6:$A$25,0))>INDEX(Estadística!$T$6:$T$25,MATCH(B28,Estadística!$A$6:$A$25,0)),IF(OR(L28<INDEX(Estadística!$I$6:$I$25,MATCH(B28,Estadística!$A$6:$A$25,0))/2,L28>2*INDEX(Estadística!$I$6:$I$25,MATCH(B28,Estadística!$A$6:$A$25,0))),"Fuera de ½MA–2MA: revisar","Dentro de ½MA–2MA"),"—"),"")) -> — | S28: =IF(ISNUMBER(L28),IF(L28>0,LN(L28),""),"") -> -0.35667494 | T28: =IF(ISNUMBER(S28),IFERROR((S28-LN(INDEX(Estadística!$K$6:$K$25,MATCH(B28,Estadística!$A$6:$A$25,0))))^2,""),"") -> 0.11155492 | U28: =IF(ISNUMBER(L28),IFERROR((L28-INDEX(Estadística!$I$6:$I$25,MATCH(B28,Estadística!$A$6:$A$25,0)))^2,""),"") -> 0.09 | V28: =IF(ISNUMBER(P28),IF(P28>1,1,0),"") -> 0
A29: 24 | B29: G04 | C29: 46277 | D29: Picador 7 | E29: Personal | F29: 1.7 | G29: 480 | H29: =IF(OR(F29="",G29=""),"",F29*G29/1000) -> 0.816 | J29: 0.9 | K29: 4 | L29: =IF(B29="","",IF(J29<>"",J29,IF(AND(N(I29)>0,N(H29)>0),I29/H29,""))) -> 0.9 | M29: =IF(B29="","",IFERROR(INDEX(GES!$E$6:$E$25,MATCH(B29,GES!$A$6:$A$25,0)),"GES?")) -> CAR-B | N29: =IF(AND(ISNUMBER(L29),ISNUMBER(K29),LEFT(M29,3)="CAR"),L29*K29/100,"") -> 0.036 | O29: =IF(B29="","",IFERROR(INDEX(GES!$U$6:$U$25,MATCH(B29,GES!$A$6:$A$25,0)),"")) -> 0.703125 | P29: =IF(AND(ISNUMBER(L29),ISNUMBER(O29)),L29/O29,"") -> 1.28 | Q29: =IF(NOT(ISNUMBER(L29)),"",IFERROR(IF(INDEX(Estadística!$L$6:$L$25,MATCH(B29,Estadística!$A$6:$A$25,0))>INDEX(Estadística!$T$6:$T$25,MATCH(B29,Estadística!$A$6:$A$25,0)),IF(OR(L29<INDEX(Estadística!$I$6:$I$25,MATCH(B29,Estadística!$A$6:$A$25,0))/2,L29>2*INDEX(Estadística!$I$6:$I$25,MATCH(B29,Estadística!$A$6:$A$25,0))),"Fuera de ½MA–2MA: revisar","Dentro de ½MA–2MA"),"—"),"")) -> — | S29: =IF(ISNUMBER(L29),IF(L29>0,LN(L29),""),"") -> -0.10536052 | T29: =IF(ISNUMBER(S29),IFERROR((S29-LN(INDEX(Estadística!$K$6:$K$25,MATCH(B29,Estadística!$A$6:$A$25,0))))^2,""),"") -> 0.0068366352 | U29: =IF(ISNUMBER(L29),IFERROR((L29-INDEX(Estadística!$I$6:$I$25,MATCH(B29,Estadística!$A$6:$A$25,0)))^2,""),"") -> 0.01 | V29: =IF(ISNUMBER(P29),IF(P29>1,1,0),"") -> 1
A30: 25 | B30: G05 | C30: 46266 | D30: Operador cargue 1 | E30: Personal | F30: 1.7 | G30: 480 | H30: =IF(OR(F30="",G30=""),"",F30*G30/1000) -> 0.816 | J30: 0.25 | K30: 2 | L30: =IF(B30="","",IF(J30<>"",J30,IF(AND(N(I30)>0,N(H30)>0),I30/H30,""))) -> 0.25 | M30: =IF(B30="","",IFERROR(INDEX(GES!$E$6:$E$25,MATCH(B30,GES!$A$6:$A$25,0)),"GES?")) -> CAR-B | N30: =IF(AND(ISNUMBER(L30),ISNUMBER(K30),LEFT(M30,3)="CAR"),L30*K30/100,"") -> 0.005 | O30: =IF(B30="","",IFERROR(INDEX(GES!$U$6:$U$25,MATCH(B30,GES!$A$6:$A$25,0)),"")) -> 0.703125 | P30: =IF(AND(ISNUMBER(L30),ISNUMBER(O30)),L30/O30,"") -> 0.35555556 | Q30: =IF(NOT(ISNUMBER(L30)),"",IFERROR(IF(INDEX(Estadística!$L$6:$L$25,MATCH(B30,Estadística!$A$6:$A$25,0))>INDEX(Estadística!$T$6:$T$25,MATCH(B30,Estadística!$A$6:$A$25,0)),IF(OR(L30<INDEX(Estadística!$I$6:$I$25,MATCH(B30,Estadística!$A$6:$A$25,0))/2,L30>2*INDEX(Estadística!$I$6:$I$25,MATCH(B30,Estadística!$A$6:$A$25,0))),"Fuera de ½MA–2MA: revisar","Dentro de ½MA–2MA"),"—"),"")) -> — | S30: =IF(ISNUMBER(L30),IF(L30>0,LN(L30),""),"") -> -1.3862944 | T30: =IF(ISNUMBER(S30),IFERROR((S30-LN(INDEX(Estadística!$K$6:$K$25,MATCH(B30,Estadística!$A$6:$A$25,0))))^2,""),"") -> 0.0008583439 | U30: =IF(ISNUMBER(L30),IFERROR((L30-INDEX(Estadística!$I$6:$I$25,MATCH(B30,Estadística!$A$6:$A$25,0)))^2,""),"") -> 0.00017777778 | V30: =IF(ISNUMBER(P30),IF(P30>1,1,0),"") -> 0
A31: 26 | B31: G05 | C31: 46267 | D31: Operador cargue 2 | E31: Personal | F31: 1.7 | G31: 480 | H31: =IF(OR(F31="",G31=""),"",F31*G31/1000) -> 0.816 | J31: 0.3 | K31: 2 | L31: =IF(B31="","",IF(J31<>"",J31,IF(AND(N(I31)>0,N(H31)>0),I31/H31,""))) -> 0.3 | M31: =IF(B31="","",IFERROR(INDEX(GES!$E$6:$E$25,MATCH(B31,GES!$A$6:$A$25,0)),"GES?")) -> CAR-B | N31: =IF(AND(ISNUMBER(L31),ISNUMBER(K31),LEFT(M31,3)="CAR"),L31*K31/100,"") -> 0.006 | O31: =IF(B31="","",IFERROR(INDEX(GES!$U$6:$U$25,MATCH(B31,GES!$A$6:$A$25,0)),"")) -> 0.703125 | P31: =IF(AND(ISNUMBER(L31),ISNUMBER(O31)),L31/O31,"") -> 0.42666667 | Q31: =IF(NOT(ISNUMBER(L31)),"",IFERROR(IF(INDEX(Estadística!$L$6:$L$25,MATCH(B31,Estadística!$A$6:$A$25,0))>INDEX(Estadística!$T$6:$T$25,MATCH(B31,Estadística!$A$6:$A$25,0)),IF(OR(L31<INDEX(Estadística!$I$6:$I$25,MATCH(B31,Estadística!$A$6:$A$25,0))/2,L31>2*INDEX(Estadística!$I$6:$I$25,MATCH(B31,Estadística!$A$6:$A$25,0))),"Fuera de ½MA–2MA: revisar","Dentro de ½MA–2MA"),"—"),"")) -> — | S31: =IF(ISNUMBER(L31),IF(L31>0,LN(L31),""),"") -> -1.2039728 | T31: =IF(ISNUMBER(S31),IFERROR((S31-LN(INDEX(Estadística!$K$6:$K$25,MATCH(B31,Estadística!$A$6:$A$25,0))))^2,""),"") -> 0.02341636 | U31: =IF(ISNUMBER(L31),IFERROR((L31-INDEX(Estadística!$I$6:$I$25,MATCH(B31,Estadística!$A$6:$A$25,0)))^2,""),"") -> 0.0013444444 | V31: =IF(ISNUMBER(P31),IF(P31>1,1,0),"") -> 0
A32: 27 | B32: G05 | C32: 46268 | D32: Operador cargue 3 | E32: Personal | F32: 1.7 | G32: 480 | H32: =IF(OR(F32="",G32=""),"",F32*G32/1000) -> 0.816 | J32: 0.18 | K32: 3 | L32: =IF(B32="","",IF(J32<>"",J32,IF(AND(N(I32)>0,N(H32)>0),I32/H32,""))) -> 0.18 | M32: =IF(B32="","",IFERROR(INDEX(GES!$E$6:$E$25,MATCH(B32,GES!$A$6:$A$25,0)),"GES?")) -> CAR-B | N32: =IF(AND(ISNUMBER(L32),ISNUMBER(K32),LEFT(M32,3)="CAR"),L32*K32/100,"") -> 0.0054 | O32: =IF(B32="","",IFERROR(INDEX(GES!$U$6:$U$25,MATCH(B32,GES!$A$6:$A$25,0)),"")) -> 0.703125 | P32: =IF(AND(ISNUMBER(L32),ISNUMBER(O32)),L32/O32,"") -> 0.256 | Q32: =IF(NOT(ISNUMBER(L32)),"",IFERROR(IF(INDEX(Estadística!$L$6:$L$25,MATCH(B32,Estadística!$A$6:$A$25,0))>INDEX(Estadística!$T$6:$T$25,MATCH(B32,Estadística!$A$6:$A$25,0)),IF(OR(L32<INDEX(Estadística!$I$6:$I$25,MATCH(B32,Estadística!$A$6:$A$25,0))/2,L32>2*INDEX(Estadística!$I$6:$I$25,MATCH(B32,Estadística!$A$6:$A$25,0))),"Fuera de ½MA–2MA: revisar","Dentro de ½MA–2MA"),"—"),"")) -> — | S32: =IF(ISNUMBER(L32),IF(L32>0,LN(L32),""),"") -> -1.7147984 | T32: =IF(ISNUMBER(S32),IFERROR((S32-LN(INDEX(Estadística!$K$6:$K$25,MATCH(B32,Estadística!$A$6:$A$25,0))))^2,""),"") -> 0.12802197 | U32: =IF(ISNUMBER(L32),IFERROR((L32-INDEX(Estadística!$I$6:$I$25,MATCH(B32,Estadística!$A$6:$A$25,0)))^2,""),"") -> 0.0069444444 | V32: =IF(ISNUMBER(P32),IF(P32>1,1,0),"") -> 0
A33: 28 | B33: G05 | C33: 46269 | D33: Operador cargue 4 | E33: Personal | F33: 1.7 | G33: 480 | H33: =IF(OR(F33="",G33=""),"",F33*G33/1000) -> 0.816 | J33: 0.22 | K33: 2 | L33: =IF(B33="","",IF(J33<>"",J33,IF(AND(N(I33)>0,N(H33)>0),I33/H33,""))) -> 0.22 | M33: =IF(B33="","",IFERROR(INDEX(GES!$E$6:$E$25,MATCH(B33,GES!$A$6:$A$25,0)),"GES?")) -> CAR-B | N33: =IF(AND(ISNUMBER(L33),ISNUMBER(K33),LEFT(M33,3)="CAR"),L33*K33/100,"") -> 0.0044 | O33: =IF(B33="","",IFERROR(INDEX(GES!$U$6:$U$25,MATCH(B33,GES!$A$6:$A$25,0)),"")) -> 0.703125 | P33: =IF(AND(ISNUMBER(L33),ISNUMBER(O33)),L33/O33,"") -> 0.31288889 | Q33: =IF(NOT(ISNUMBER(L33)),"",IFERROR(IF(INDEX(Estadística!$L$6:$L$25,MATCH(B33,Estadística!$A$6:$A$25,0))>INDEX(Estadística!$T$6:$T$25,MATCH(B33,Estadística!$A$6:$A$25,0)),IF(OR(L33<INDEX(Estadística!$I$6:$I$25,MATCH(B33,Estadística!$A$6:$A$25,0))/2,L33>2*INDEX(Estadística!$I$6:$I$25,MATCH(B33,Estadística!$A$6:$A$25,0))),"Fuera de ½MA–2MA: revisar","Dentro de ½MA–2MA"),"—"),"")) -> — | S33: =IF(ISNUMBER(L33),IF(L33>0,LN(L33),""),"") -> -1.5141277 | T33: =IF(ISNUMBER(S33),IFERROR((S33-LN(INDEX(Estadística!$K$6:$K$25,MATCH(B33,Estadística!$A$6:$A$25,0))))^2,""),"") -> 0.024690113 | U33: =IF(ISNUMBER(L33),IFERROR((L33-INDEX(Estadística!$I$6:$I$25,MATCH(B33,Estadística!$A$6:$A$25,0)))^2,""),"") -> 0.0018777778 | V33: =IF(ISNUMBER(P33),IF(P33>1,1,0),"") -> 0
A34: 29 | B34: G05 | C34: 46270 | D34: Operador cargue 5 | E34: Personal | F34: 1.7 | G34: 480 | H34: =IF(OR(F34="",G34=""),"",F34*G34/1000) -> 0.816 | J34: 0.35 | K34: 2 | L34: =IF(B34="","",IF(J34<>"",J34,IF(AND(N(I34)>0,N(H34)>0),I34/H34,""))) -> 0.35 | M34: =IF(B34="","",IFERROR(INDEX(GES!$E$6:$E$25,MATCH(B34,GES!$A$6:$A$25,0)),"GES?")) -> CAR-B | N34: =IF(AND(ISNUMBER(L34),ISNUMBER(K34),LEFT(M34,3)="CAR"),L34*K34/100,"") -> 0.007 | O34: =IF(B34="","",IFERROR(INDEX(GES!$U$6:$U$25,MATCH(B34,GES!$A$6:$A$25,0)),"")) -> 0.703125 | P34: =IF(AND(ISNUMBER(L34),ISNUMBER(O34)),L34/O34,"") -> 0.49777778 | Q34: =IF(NOT(ISNUMBER(L34)),"",IFERROR(IF(INDEX(Estadística!$L$6:$L$25,MATCH(B34,Estadística!$A$6:$A$25,0))>INDEX(Estadística!$T$6:$T$25,MATCH(B34,Estadística!$A$6:$A$25,0)),IF(OR(L34<INDEX(Estadística!$I$6:$I$25,MATCH(B34,Estadística!$A$6:$A$25,0))/2,L34>2*INDEX(Estadística!$I$6:$I$25,MATCH(B34,Estadística!$A$6:$A$25,0))),"Fuera de ½MA–2MA: revisar","Dentro de ½MA–2MA"),"—"),"")) -> — | S34: =IF(ISNUMBER(L34),IF(L34>0,LN(L34),""),"") -> -1.0498221 | T34: =IF(ISNUMBER(S34),IFERROR((S34-LN(INDEX(Estadística!$K$6:$K$25,MATCH(B34,Estadística!$A$6:$A$25,0))))^2,""),"") -> 0.094356315 | U34: =IF(ISNUMBER(L34),IFERROR((L34-INDEX(Estadística!$I$6:$I$25,MATCH(B34,Estadística!$A$6:$A$25,0)))^2,""),"") -> 0.0075111111 | V34: =IF(ISNUMBER(P34),IF(P34>1,1,0),"") -> 0
A35: 30 | B35: G05 | C35: 46271 | D35: Operador cargue 6 | E35: Personal | F35: 1.7 | G35: 480 | H35: =IF(OR(F35="",G35=""),"",F35*G35/1000) -> 0.816 | J35: 0.28 | K35: 3 | L35: =IF(B35="","",IF(J35<>"",J35,IF(AND(N(I35)>0,N(H35)>0),I35/H35,""))) -> 0.28 | M35: =IF(B35="","",IFERROR(INDEX(GES!$E$6:$E$25,MATCH(B35,GES!$A$6:$A$25,0)),"GES?")) -> CAR-B | N35: =IF(AND(ISNUMBER(L35),ISNUMBER(K35),LEFT(M35,3)="CAR"),L35*K35/100,"") -> 0.0084 | O35: =IF(B35="","",IFERROR(INDEX(GES!$U$6:$U$25,MATCH(B35,GES!$A$6:$A$25,0)),"")) -> 0.703125 | P35: =IF(AND(ISNUMBER(L35),ISNUMBER(O35)),L35/O35,"") -> 0.39822222 | Q35: =IF(NOT(ISNUMBER(L35)),"",IFERROR(IF(INDEX(Estadística!$L$6:$L$25,MATCH(B35,Estadística!$A$6:$A$25,0))>INDEX(Estadística!$T$6:$T$25,MATCH(B35,Estadística!$A$6:$A$25,0)),IF(OR(L35<INDEX(Estadística!$I$6:$I$25,MATCH(B35,Estadística!$A$6:$A$25,0))/2,L35>2*INDEX(Estadística!$I$6:$I$25,MATCH(B35,Estadística!$A$6:$A$25,0))),"Fuera de ½MA–2MA: revisar","Dentro de ½MA–2MA"),"—"),"")) -> — | S35: =IF(ISNUMBER(L35),IF(L35>0,LN(L35),""),"") -> -1.2729657 | T35: =IF(ISNUMBER(S35),IFERROR((S35-LN(INDEX(Estadística!$K$6:$K$25,MATCH(B35,Estadística!$A$6:$A$25,0))))^2,""),"") -> 0.007061239 | U35: =IF(ISNUMBER(L35),IFERROR((L35-INDEX(Estadística!$I$6:$I$25,MATCH(B35,Estadística!$A$6:$A$25,0)))^2,""),"") -> 0.00027777778 | V35: =IF(ISNUMBER(P35),IF(P35>1,1,0),"") -> 0
A36: 31 | B36: G06 | C36: 46272 | D36: Demoledor 1 | E36: Personal | F36: 2 | G36: 240 | H36: =IF(OR(F36="",G36=""),"",F36*G36/1000) -> 0.48 | J36: 0.03 | L36: =IF(B36="","",IF(J36<>"",J36,IF(AND(N(I36)>0,N(H36)>0),I36/H36,""))) -> 0.03 | M36: =IF(B36="","",IFERROR(INDEX(GES!$E$6:$E$25,MATCH(B36,GES!$A$6:$A$25,0)),"GES?")) -> ASB | N36: =IF(AND(ISNUMBER(L36),ISNUMBER(K36),LEFT(M36,3)="CAR"),L36*K36/100,"") | O36: =IF(B36="","",IFERROR(INDEX(GES!$U$6:$U$25,MATCH(B36,GES!$A$6:$A$25,0)),"")) -> 0.078125 | P36: =IF(AND(ISNUMBER(L36),ISNUMBER(O36)),L36/O36,"") -> 0.384 | Q36: =IF(NOT(ISNUMBER(L36)),"",IFERROR(IF(INDEX(Estadística!$L$6:$L$25,MATCH(B36,Estadística!$A$6:$A$25,0))>INDEX(Estadística!$T$6:$T$25,MATCH(B36,Estadística!$A$6:$A$25,0)),IF(OR(L36<INDEX(Estadística!$I$6:$I$25,MATCH(B36,Estadística!$A$6:$A$25,0))/2,L36>2*INDEX(Estadística!$I$6:$I$25,MATCH(B36,Estadística!$A$6:$A$25,0))),"Fuera de ½MA–2MA: revisar","Dentro de ½MA–2MA"),"—"),"")) -> — | R36: Asbesto: concentración en f/cm³ reportada por PCM (OSHA ID-160) | S36: =IF(ISNUMBER(L36),IF(L36>0,LN(L36),""),"") -> -3.5065579 | T36: =IF(ISNUMBER(S36),IFERROR((S36-LN(INDEX(Estadística!$K$6:$K$25,MATCH(B36,Estadística!$A$6:$A$25,0))))^2,""),"") -> 0.11868243 | U36: =IF(ISNUMBER(L36),IFERROR((L36-INDEX(Estadística!$I$6:$I$25,MATCH(B36,Estadística!$A$6:$A$25,0)))^2,""),"") -> 0.00027777778 | V36: =IF(ISNUMBER(P36),IF(P36>1,1,0),"") -> 0
A37: 32 | B37: G06 | C37: 46273 | D37: Demoledor 2 | E37: Personal | F37: 2 | G37: 240 | H37: =IF(OR(F37="",G37=""),"",F37*G37/1000) -> 0.48 | J37: 0.05 | L37: =IF(B37="","",IF(J37<>"",J37,IF(AND(N(I37)>0,N(H37)>0),I37/H37,""))) -> 0.05 | M37: =IF(B37="","",IFERROR(INDEX(GES!$E$6:$E$25,MATCH(B37,GES!$A$6:$A$25,0)),"GES?")) -> ASB | N37: =IF(AND(ISNUMBER(L37),ISNUMBER(K37),LEFT(M37,3)="CAR"),L37*K37/100,"") | O37: =IF(B37="","",IFERROR(INDEX(GES!$U$6:$U$25,MATCH(B37,GES!$A$6:$A$25,0)),"")) -> 0.078125 | P37: =IF(AND(ISNUMBER(L37),ISNUMBER(O37)),L37/O37,"") -> 0.64 | Q37: =IF(NOT(ISNUMBER(L37)),"",IFERROR(IF(INDEX(Estadística!$L$6:$L$25,MATCH(B37,Estadística!$A$6:$A$25,0))>INDEX(Estadística!$T$6:$T$25,MATCH(B37,Estadística!$A$6:$A$25,0)),IF(OR(L37<INDEX(Estadística!$I$6:$I$25,MATCH(B37,Estadística!$A$6:$A$25,0))/2,L37>2*INDEX(Estadística!$I$6:$I$25,MATCH(B37,Estadística!$A$6:$A$25,0))),"Fuera de ½MA–2MA: revisar","Dentro de ½MA–2MA"),"—"),"")) -> — | S37: =IF(ISNUMBER(L37),IF(L37>0,LN(L37),""),"") -> -2.9957323 | T37: =IF(ISNUMBER(S37),IFERROR((S37-LN(INDEX(Estadística!$K$6:$K$25,MATCH(B37,Estadística!$A$6:$A$25,0))))^2,""),"") -> 0.027663159 | U37: =IF(ISNUMBER(L37),IFERROR((L37-INDEX(Estadística!$I$6:$I$25,MATCH(B37,Estadística!$A$6:$A$25,0)))^2,""),"") -> 1.1111111e-05 | V37: =IF(ISNUMBER(P37),IF(P37>1,1,0),"") -> 0
A38: 33 | B38: G06 | C38: 46274 | D38: Demoledor 3 | E38: Personal | F38: 2 | G38: 240 | H38: =IF(OR(F38="",G38=""),"",F38*G38/1000) -> 0.48 | J38: 0.02 | L38: =IF(B38="","",IF(J38<>"",J38,IF(AND(N(I38)>0,N(H38)>0),I38/H38,""))) -> 0.02 | M38: =IF(B38="","",IFERROR(INDEX(GES!$E$6:$E$25,MATCH(B38,GES!$A$6:$A$25,0)),"GES?")) -> ASB | N38: =IF(AND(ISNUMBER(L38),ISNUMBER(K38),LEFT(M38,3)="CAR"),L38*K38/100,"") | O38: =IF(B38="","",IFERROR(INDEX(GES!$U$6:$U$25,MATCH(B38,GES!$A$6:$A$25,0)),"")) -> 0.078125 | P38: =IF(AND(ISNUMBER(L38),ISNUMBER(O38)),L38/O38,"") -> 0.256 | Q38: =IF(NOT(ISNUMBER(L38)),"",IFERROR(IF(INDEX(Estadística!$L$6:$L$25,MATCH(B38,Estadística!$A$6:$A$25,0))>INDEX(Estadística!$T$6:$T$25,MATCH(B38,Estadística!$A$6:$A$25,0)),IF(OR(L38<INDEX(Estadística!$I$6:$I$25,MATCH(B38,Estadística!$A$6:$A$25,0))/2,L38>2*INDEX(Estadística!$I$6:$I$25,MATCH(B38,Estadística!$A$6:$A$25,0))),"Fuera de ½MA–2MA: revisar","Dentro de ½MA–2MA"),"—"),"")) -> — | S38: =IF(ISNUMBER(L38),IF(L38>0,LN(L38),""),"") -> -3.912023 | T38: =IF(ISNUMBER(S38),IFERROR((S38-LN(INDEX(Estadística!$K$6:$K$25,MATCH(B38,Estadística!$A$6:$A$25,0))))^2,""),"") -> 0.56245242 | U38: =IF(ISNUMBER(L38),IFERROR((L38-INDEX(Estadística!$I$6:$I$25,MATCH(B38,Estadística!$A$6:$A$25,0)))^2,""),"") -> 0.00071111111 | V38: =IF(ISNUMBER(P38),IF(P38>1,1,0),"") -> 0
A39: 34 | B39: G06 | C39: 46275 | D39: Demoledor 4 | E39: Personal | F39: 2 | G39: 240 | H39: =IF(OR(F39="",G39=""),"",F39*G39/1000) -> 0.48 | J39: 0.08 | L39: =IF(B39="","",IF(J39<>"",J39,IF(AND(N(I39)>0,N(H39)>0),I39/H39,""))) -> 0.08 | M39: =IF(B39="","",IFERROR(INDEX(GES!$E$6:$E$25,MATCH(B39,GES!$A$6:$A$25,0)),"GES?")) -> ASB | N39: =IF(AND(ISNUMBER(L39),ISNUMBER(K39),LEFT(M39,3)="CAR"),L39*K39/100,"") | O39: =IF(B39="","",IFERROR(INDEX(GES!$U$6:$U$25,MATCH(B39,GES!$A$6:$A$25,0)),"")) -> 0.078125 | P39: =IF(AND(ISNUMBER(L39),ISNUMBER(O39)),L39/O39,"") -> 1.024 | Q39: =IF(NOT(ISNUMBER(L39)),"",IFERROR(IF(INDEX(Estadística!$L$6:$L$25,MATCH(B39,Estadística!$A$6:$A$25,0))>INDEX(Estadística!$T$6:$T$25,MATCH(B39,Estadística!$A$6:$A$25,0)),IF(OR(L39<INDEX(Estadística!$I$6:$I$25,MATCH(B39,Estadística!$A$6:$A$25,0))/2,L39>2*INDEX(Estadística!$I$6:$I$25,MATCH(B39,Estadística!$A$6:$A$25,0))),"Fuera de ½MA–2MA: revisar","Dentro de ½MA–2MA"),"—"),"")) -> — | S39: =IF(ISNUMBER(L39),IF(L39>0,LN(L39),""),"") -> -2.5257286 | T39: =IF(ISNUMBER(S39),IFERROR((S39-LN(INDEX(Estadística!$K$6:$K$25,MATCH(B39,Estadística!$A$6:$A$25,0))))^2,""),"") -> 0.40491088 | U39: =IF(ISNUMBER(L39),IFERROR((L39-INDEX(Estadística!$I$6:$I$25,MATCH(B39,Estadística!$A$6:$A$25,0)))^2,""),"") -> 0.0011111111 | V39: =IF(ISNUMBER(P39),IF(P39>1,1,0),"") -> 1
A40: 35 | B40: G06 | C40: 46276 | D40: Demoledor 5 | E40: Personal | F40: 2 | G40: 240 | H40: =IF(OR(F40="",G40=""),"",F40*G40/1000) -> 0.48 | J40: 0.04 | L40: =IF(B40="","",IF(J40<>"",J40,IF(AND(N(I40)>0,N(H40)>0),I40/H40,""))) -> 0.04 | M40: =IF(B40="","",IFERROR(INDEX(GES!$E$6:$E$25,MATCH(B40,GES!$A$6:$A$25,0)),"GES?")) -> ASB | N40: =IF(AND(ISNUMBER(L40),ISNUMBER(K40),LEFT(M40,3)="CAR"),L40*K40/100,"") | O40: =IF(B40="","",IFERROR(INDEX(GES!$U$6:$U$25,MATCH(B40,GES!$A$6:$A$25,0)),"")) -> 0.078125 | P40: =IF(AND(ISNUMBER(L40),ISNUMBER(O40)),L40/O40,"") -> 0.512 | Q40: =IF(NOT(ISNUMBER(L40)),"",IFERROR(IF(INDEX(Estadística!$L$6:$L$25,MATCH(B40,Estadística!$A$6:$A$25,0))>INDEX(Estadística!$T$6:$T$25,MATCH(B40,Estadística!$A$6:$A$25,0)),IF(OR(L40<INDEX(Estadística!$I$6:$I$25,MATCH(B40,Estadística!$A$6:$A$25,0))/2,L40>2*INDEX(Estadística!$I$6:$I$25,MATCH(B40,Estadística!$A$6:$A$25,0))),"Fuera de ½MA–2MA: revisar","Dentro de ½MA–2MA"),"—"),"")) -> — | S40: =IF(ISNUMBER(L40),IF(L40>0,LN(L40),""),"") -> -3.2188758 | T40: =IF(ISNUMBER(S40),IFERROR((S40-LN(INDEX(Estadística!$K$6:$K$25,MATCH(B40,Estadística!$A$6:$A$25,0))))^2,""),"") -> 0.0032286372 | U40: =IF(ISNUMBER(L40),IFERROR((L40-INDEX(Estadística!$I$6:$I$25,MATCH(B40,Estadística!$A$6:$A$25,0)))^2,""),"") -> 4.4444444e-05 | V40: =IF(ISNUMBER(P40),IF(P40>1,1,0),"") -> 0
A41: 36 | B41: G06 | C41: 46277 | D41: Demoledor 6 | E41: Personal | F41: 2 | G41: 240 | H41: =IF(OR(F41="",G41=""),"",F41*G41/1000) -> 0.48 | J41: 0.06 | L41: =IF(B41="","",IF(J41<>"",J41,IF(AND(N(I41)>0,N(H41)>0),I41/H41,""))) -> 0.06 | M41: =IF(B41="","",IFERROR(INDEX(GES!$E$6:$E$25,MATCH(B41,GES!$A$6:$A$25,0)),"GES?")) -> ASB | N41: =IF(AND(ISNUMBER(L41),ISNUMBER(K41),LEFT(M41,3)="CAR"),L41*K41/100,"") | O41: =IF(B41="","",IFERROR(INDEX(GES!$U$6:$U$25,MATCH(B41,GES!$A$6:$A$25,0)),"")) -> 0.078125 | P41: =IF(AND(ISNUMBER(L41),ISNUMBER(O41)),L41/O41,"") -> 0.768 | Q41: =IF(NOT(ISNUMBER(L41)),"",IFERROR(IF(INDEX(Estadística!$L$6:$L$25,MATCH(B41,Estadística!$A$6:$A$25,0))>INDEX(Estadística!$T$6:$T$25,MATCH(B41,Estadística!$A$6:$A$25,0)),IF(OR(L41<INDEX(Estadística!$I$6:$I$25,MATCH(B41,Estadística!$A$6:$A$25,0))/2,L41>2*INDEX(Estadística!$I$6:$I$25,MATCH(B41,Estadística!$A$6:$A$25,0))),"Fuera de ½MA–2MA: revisar","Dentro de ½MA–2MA"),"—"),"")) -> — | S41: =IF(ISNUMBER(L41),IF(L41>0,LN(L41),""),"") -> -2.8134107 | T41: =IF(ISNUMBER(S41),IFERROR((S41-LN(INDEX(Estadística!$K$6:$K$25,MATCH(B41,Estadística!$A$6:$A$25,0))))^2,""),"") -> 0.12155265 | U41: =IF(ISNUMBER(L41),IFERROR((L41-INDEX(Estadística!$I$6:$I$25,MATCH(B41,Estadística!$A$6:$A$25,0)))^2,""),"") -> 0.00017777778 | V41: =IF(ISNUMBER(P41),IF(P41>1,1,0),"") -> 0
A42: 37 | H42: =IF(OR(F42="",G42=""),"",F42*G42/1000) | L42: =IF(B42="","",IF(J42<>"",J42,IF(AND(N(I42)>0,N(H42)>0),I42/H42,""))) | M42: =IF(B42="","",IFERROR(INDEX(GES!$E$6:$E$25,MATCH(B42,GES!$A$6:$A$25,0)),"GES?")) | N42: =IF(AND(ISNUMBER(L42),ISNUMBER(K42),LEFT(M42,3)="CAR"),L42*K42/100,"") | O42: =IF(B42="","",IFERROR(INDEX(GES!$U$6:$U$25,MATCH(B42,GES!$A$6:$A$25,0)),"")) | P42: =IF(AND(ISNUMBER(L42),ISNUMBER(O42)),L42/O42,"") | Q42: =IF(NOT(ISNUMBER(L42)),"",IFERROR(IF(INDEX(Estadística!$L$6:$L$25,MATCH(B42,Estadística!$A$6:$A$25,0))>INDEX(Estadística!$T$6:$T$25,MATCH(B42,Estadística!$A$6:$A$25,0)),IF(OR(L42<INDEX(Estadística!$I$6:$I$25,MATCH(B42,Estadística!$A$6:$A$25,0))/2,L42>2*INDEX(Estadística!$I$6:$I$25,MATCH(B42,Estadística!$A$6:$A$25,0))),"Fuera de ½MA–2MA: revisar","Dentro de ½MA–2MA"),"—"),"")) | S42: =IF(ISNUMBER(L42),IF(L42>0,LN(L42),""),"") | T42: =IF(ISNUMBER(S42),IFERROR((S42-LN(INDEX(Estadística!$K$6:$K$25,MATCH(B42,Estadística!$A$6:$A$25,0))))^2,""),"") | U42: =IF(ISNUMBER(L42),IFERROR((L42-INDEX(Estadística!$I$6:$I$25,MATCH(B42,Estadística!$A$6:$A$25,0)))^2,""),"") | V42: =IF(ISNUMBER(P42),IF(P42>1,1,0),"")
A43: 38 | H43: =IF(OR(F43="",G43=""),"",F43*G43/1000) | L43: =IF(B43="","",IF(J43<>"",J43,IF(AND(N(I43)>0,N(H43)>0),I43/H43,""))) | M43: =IF(B43="","",IFERROR(INDEX(GES!$E$6:$E$25,MATCH(B43,GES!$A$6:$A$25,0)),"GES?")) | N43: =IF(AND(ISNUMBER(L43),ISNUMBER(K43),LEFT(M43,3)="CAR"),L43*K43/100,"") | O43: =IF(B43="","",IFERROR(INDEX(GES!$U$6:$U$25,MATCH(B43,GES!$A$6:$A$25,0)),"")) | P43: =IF(AND(ISNUMBER(L43),ISNUMBER(O43)),L43/O43,"") | Q43: =IF(NOT(ISNUMBER(L43)),"",IFERROR(IF(INDEX(Estadística!$L$6:$L$25,MATCH(B43,Estadística!$A$6:$A$25,0))>INDEX(Estadística!$T$6:$T$25,MATCH(B43,Estadística!$A$6:$A$25,0)),IF(OR(L43<INDEX(Estadística!$I$6:$I$25,MATCH(B43,Estadística!$A$6:$A$25,0))/2,L43>2*INDEX(Estadística!$I$6:$I$25,MATCH(B43,Estadística!$A$6:$A$25,0))),"Fuera de ½MA–2MA: revisar","Dentro de ½MA–2MA"),"—"),"")) | S43: =IF(ISNUMBER(L43),IF(L43>0,LN(L43),""),"") | T43: =IF(ISNUMBER(S43),IFERROR((S43-LN(INDEX(Estadística!$K$6:$K$25,MATCH(B43,Estadística!$A$6:$A$25,0))))^2,""),"") | U43: =IF(ISNUMBER(L43),IFERROR((L43-INDEX(Estadística!$I$6:$I$25,MATCH(B43,Estadística!$A$6:$A$25,0)))^2,""),"") | V43: =IF(ISNUMBER(P43),IF(P43>1,1,0),"")
A44: 39 | H44: =IF(OR(F44="",G44=""),"",F44*G44/1000) | L44: =IF(B44="","",IF(J44<>"",J44,IF(AND(N(I44)>0,N(H44)>0),I44/H44,""))) | M44: =IF(B44="","",IFERROR(INDEX(GES!$E$6:$E$25,MATCH(B44,GES!$A$6:$A$25,0)),"GES?")) | N44: =IF(AND(ISNUMBER(L44),ISNUMBER(K44),LEFT(M44,3)="CAR"),L44*K44/100,"") | O44: =IF(B44="","",IFERROR(INDEX(GES!$U$6:$U$25,MATCH(B44,GES!$A$6:$A$25,0)),"")) | P44: =IF(AND(ISNUMBER(L44),ISNUMBER(O44)),L44/O44,"") | Q44: =IF(NOT(ISNUMBER(L44)),"",IFERROR(IF(INDEX(Estadística!$L$6:$L$25,MATCH(B44,Estadística!$A$6:$A$25,0))>INDEX(Estadística!$T$6:$T$25,MATCH(B44,Estadística!$A$6:$A$25,0)),IF(OR(L44<INDEX(Estadística!$I$6:$I$25,MATCH(B44,Estadística!$A$6:$A$25,0))/2,L44>2*INDEX(Estadística!$I$6:$I$25,MATCH(B44,Estadística!$A$6:$A$25,0))),"Fuera de ½MA–2MA: revisar","Dentro de ½MA–2MA"),"—"),"")) | S44: =IF(ISNUMBER(L44),IF(L44>0,LN(L44),""),"") | T44: =IF(ISNUMBER(S44),IFERROR((S44-LN(INDEX(Estadística!$K$6:$K$25,MATCH(B44,Estadística!$A$6:$A$25,0))))^2,""),"") | U44: =IF(ISNUMBER(L44),IFERROR((L44-INDEX(Estadística!$I$6:$I$25,MATCH(B44,Estadística!$A$6:$A$25,0)))^2,""),"") | V44: =IF(ISNUMBER(P44),IF(P44>1,1,0),"")
A45: 40 | H45: =IF(OR(F45="",G45=""),"",F45*G45/1000) | L45: =IF(B45="","",IF(J45<>"",J45,IF(AND(N(I45)>0,N(H45)>0),I45/H45,""))) | M45: =IF(B45="","",IFERROR(INDEX(GES!$E$6:$E$25,MATCH(B45,GES!$A$6:$A$25,0)),"GES?")) | N45: =IF(AND(ISNUMBER(L45),ISNUMBER(K45),LEFT(M45,3)="CAR"),L45*K45/100,"") | O45: =IF(B45="","",IFERROR(INDEX(GES!$U$6:$U$25,MATCH(B45,GES!$A$6:$A$25,0)),"")) | P45: =IF(AND(ISNUMBER(L45),ISNUMBER(O45)),L45/O45,"") | Q45: =IF(NOT(ISNUMBER(L45)),"",IFERROR(IF(INDEX(Estadística!$L$6:$L$25,MATCH(B45,Estadística!$A$6:$A$25,0))>INDEX(Estadística!$T$6:$T$25,MATCH(B45,Estadística!$A$6:$A$25,0)),IF(OR(L45<INDEX(Estadística!$I$6:$I$25,MATCH(B45,Estadística!$A$6:$A$25,0))/2,L45>2*INDEX(Estadística!$I$6:$I$25,MATCH(B45,Estadística!$A$6:$A$25,0))),"Fuera de ½MA–2MA: revisar","Dentro de ½MA–2MA"),"—"),"")) | S45: =IF(ISNUMBER(L45),IF(L45>0,LN(L45),""),"") | T45: =IF(ISNUMBER(S45),IFERROR((S45-LN(INDEX(Estadística!$K$6:$K$25,MATCH(B45,Estadística!$A$6:$A$25,0))))^2,""),"") | U45: =IF(ISNUMBER(L45),IFERROR((L45-INDEX(Estadística!$I$6:$I$25,MATCH(B45,Estadística!$A$6:$A$25,0)))^2,""),"") | V45: =IF(ISNUMBER(P45),IF(P45>1,1,0),"")
A46: 41 | H46: =IF(OR(F46="",G46=""),"",F46*G46/1000) | L46: =IF(B46="","",IF(J46<>"",J46,IF(AND(N(I46)>0,N(H46)>0),I46/H46,""))) | M46: =IF(B46="","",IFERROR(INDEX(GES!$E$6:$E$25,MATCH(B46,GES!$A$6:$A$25,0)),"GES?")) | N46: =IF(AND(ISNUMBER(L46),ISNUMBER(K46),LEFT(M46,3)="CAR"),L46*K46/100,"") | O46: =IF(B46="","",IFERROR(INDEX(GES!$U$6:$U$25,MATCH(B46,GES!$A$6:$A$25,0)),"")) | P46: =IF(AND(ISNUMBER(L46),ISNUMBER(O46)),L46/O46,"") | Q46: =IF(NOT(ISNUMBER(L46)),"",IFERROR(IF(INDEX(Estadística!$L$6:$L$25,MATCH(B46,Estadística!$A$6:$A$25,0))>INDEX(Estadística!$T$6:$T$25,MATCH(B46,Estadística!$A$6:$A$25,0)),IF(OR(L46<INDEX(Estadística!$I$6:$I$25,MATCH(B46,Estadística!$A$6:$A$25,0))/2,L46>2*INDEX(Estadística!$I$6:$I$25,MATCH(B46,Estadística!$A$6:$A$25,0))),"Fuera de ½MA–2MA: revisar","Dentro de ½MA–2MA"),"—"),"")) | S46: =IF(ISNUMBER(L46),IF(L46>0,LN(L46),""),"") | T46: =IF(ISNUMBER(S46),IFERROR((S46-LN(INDEX(Estadística!$K$6:$K$25,MATCH(B46,Estadística!$A$6:$A$25,0))))^2,""),"") | U46: =IF(ISNUMBER(L46),IFERROR((L46-INDEX(Estadística!$I$6:$I$25,MATCH(B46,Estadística!$A$6:$A$25,0)))^2,""),"") | V46: =IF(ISNUMBER(P46),IF(P46>1,1,0),"")
A47: 42 | H47: =IF(OR(F47="",G47=""),"",F47*G47/1000) | L47: =IF(B47="","",IF(J47<>"",J47,IF(AND(N(I47)>0,N(H47)>0),I47/H47,""))) | M47: =IF(B47="","",IFERROR(INDEX(GES!$E$6:$E$25,MATCH(B47,GES!$A$6:$A$25,0)),"GES?")) | N47: =IF(AND(ISNUMBER(L47),ISNUMBER(K47),LEFT(M47,3)="CAR"),L47*K47/100,"") | O47: =IF(B47="","",IFERROR(INDEX(GES!$U$6:$U$25,MATCH(B47,GES!$A$6:$A$25,0)),"")) | P47: =IF(AND(ISNUMBER(L47),ISNUMBER(O47)),L47/O47,"") | Q47: =IF(NOT(ISNUMBER(L47)),"",IFERROR(IF(INDEX(Estadística!$L$6:$L$25,MATCH(B47,Estadística!$A$6:$A$25,0))>INDEX(Estadística!$T$6:$T$25,MATCH(B47,Estadística!$A$6:$A$25,0)),IF(OR(L47<INDEX(Estadística!$I$6:$I$25,MATCH(B47,Estadística!$A$6:$A$25,0))/2,L47>2*INDEX(Estadística!$I$6:$I$25,MATCH(B47,Estadística!$A$6:$A$25,0))),"Fuera de ½MA–2MA: revisar","Dentro de ½MA–2MA"),"—"),"")) | S47: =IF(ISNUMBER(L47),IF(L47>0,LN(L47),""),"") | T47: =IF(ISNUMBER(S47),IFERROR((S47-LN(INDEX(Estadística!$K$6:$K$25,MATCH(B47,Estadística!$A$6:$A$25,0))))^2,""),"") | U47: =IF(ISNUMBER(L47),IFERROR((L47-INDEX(Estadística!$I$6:$I$25,MATCH(B47,Estadística!$A$6:$A$25,0)))^2,""),"") | V47: =IF(ISNUMBER(P47),IF(P47>1,1,0),"")
A48: 43 | H48: =IF(OR(F48="",G48=""),"",F48*G48/1000) | L48: =IF(B48="","",IF(J48<>"",J48,IF(AND(N(I48)>0,N(H48)>0),I48/H48,""))) | M48: =IF(B48="","",IFERROR(INDEX(GES!$E$6:$E$25,MATCH(B48,GES!$A$6:$A$25,0)),"GES?")) | N48: =IF(AND(ISNUMBER(L48),ISNUMBER(K48),LEFT(M48,3)="CAR"),L48*K48/100,"") | O48: =IF(B48="","",IFERROR(INDEX(GES!$U$6:$U$25,MATCH(B48,GES!$A$6:$A$25,0)),"")) | P48: =IF(AND(ISNUMBER(L48),ISNUMBER(O48)),L48/O48,"") | Q48: =IF(NOT(ISNUMBER(L48)),"",IFERROR(IF(INDEX(Estadística!$L$6:$L$25,MATCH(B48,Estadística!$A$6:$A$25,0))>INDEX(Estadística!$T$6:$T$25,MATCH(B48,Estadística!$A$6:$A$25,0)),IF(OR(L48<INDEX(Estadística!$I$6:$I$25,MATCH(B48,Estadística!$A$6:$A$25,0))/2,L48>2*INDEX(Estadística!$I$6:$I$25,MATCH(B48,Estadística!$A$6:$A$25,0))),"Fuera de ½MA–2MA: revisar","Dentro de ½MA–2MA"),"—"),"")) | S48: =IF(ISNUMBER(L48),IF(L48>0,LN(L48),""),"") | T48: =IF(ISNUMBER(S48),IFERROR((S48-LN(INDEX(Estadística!$K$6:$K$25,MATCH(B48,Estadística!$A$6:$A$25,0))))^2,""),"") | U48: =IF(ISNUMBER(L48),IFERROR((L48-INDEX(Estadística!$I$6:$I$25,MATCH(B48,Estadística!$A$6:$A$25,0)))^2,""),"") | V48: =IF(ISNUMBER(P48),IF(P48>1,1,0),"")
A49: 44 | H49: =IF(OR(F49="",G49=""),"",F49*G49/1000) | L49: =IF(B49="","",IF(J49<>"",J49,IF(AND(N(I49)>0,N(H49)>0),I49/H49,""))) | M49: =IF(B49="","",IFERROR(INDEX(GES!$E$6:$E$25,MATCH(B49,GES!$A$6:$A$25,0)),"GES?")) | N49: =IF(AND(ISNUMBER(L49),ISNUMBER(K49),LEFT(M49,3)="CAR"),L49*K49/100,"") | O49: =IF(B49="","",IFERROR(INDEX(GES!$U$6:$U$25,MATCH(B49,GES!$A$6:$A$25,0)),"")) | P49: =IF(AND(ISNUMBER(L49),ISNUMBER(O49)),L49/O49,"") | Q49: =IF(NOT(ISNUMBER(L49)),"",IFERROR(IF(INDEX(Estadística!$L$6:$L$25,MATCH(B49,Estadística!$A$6:$A$25,0))>INDEX(Estadística!$T$6:$T$25,MATCH(B49,Estadística!$A$6:$A$25,0)),IF(OR(L49<INDEX(Estadística!$I$6:$I$25,MATCH(B49,Estadística!$A$6:$A$25,0))/2,L49>2*INDEX(Estadística!$I$6:$I$25,MATCH(B49,Estadística!$A$6:$A$25,0))),"Fuera de ½MA–2MA: revisar","Dentro de ½MA–2MA"),"—"),"")) | S49: =IF(ISNUMBER(L49),IF(L49>0,LN(L49),""),"") | T49: =IF(ISNUMBER(S49),IFERROR((S49-LN(INDEX(Estadística!$K$6:$K$25,MATCH(B49,Estadística!$A$6:$A$25,0))))^2,""),"") | U49: =IF(ISNUMBER(L49),IFERROR((L49-INDEX(Estadística!$I$6:$I$25,MATCH(B49,Estadística!$A$6:$A$25,0)))^2,""),"") | V49: =IF(ISNUMBER(P49),IF(P49>1,1,0),"")
A50: 45 | H50: =IF(OR(F50="",G50=""),"",F50*G50/1000) | L50: =IF(B50="","",IF(J50<>"",J50,IF(AND(N(I50)>0,N(H50)>0),I50/H50,""))) | M50: =IF(B50="","",IFERROR(INDEX(GES!$E$6:$E$25,MATCH(B50,GES!$A$6:$A$25,0)),"GES?")) | N50: =IF(AND(ISNUMBER(L50),ISNUMBER(K50),LEFT(M50,3)="CAR"),L50*K50/100,"") | O50: =IF(B50="","",IFERROR(INDEX(GES!$U$6:$U$25,MATCH(B50,GES!$A$6:$A$25,0)),"")) | P50: =IF(AND(ISNUMBER(L50),ISNUMBER(O50)),L50/O50,"") | Q50: =IF(NOT(ISNUMBER(L50)),"",IFERROR(IF(INDEX(Estadística!$L$6:$L$25,MATCH(B50,Estadística!$A$6:$A$25,0))>INDEX(Estadística!$T$6:$T$25,MATCH(B50,Estadística!$A$6:$A$25,0)),IF(OR(L50<INDEX(Estadística!$I$6:$I$25,MATCH(B50,Estadística!$A$6:$A$25,0))/2,L50>2*INDEX(Estadística!$I$6:$I$25,MATCH(B50,Estadística!$A$6:$A$25,0))),"Fuera de ½MA–2MA: revisar","Dentro de ½MA–2MA"),"—"),"")) | S50: =IF(ISNUMBER(L50),IF(L50>0,LN(L50),""),"") | T50: =IF(ISNUMBER(S50),IFERROR((S50-LN(INDEX(Estadística!$K$6:$K$25,MATCH(B50,Estadística!$A$6:$A$25,0))))^2,""),"") | U50: =IF(ISNUMBER(L50),IFERROR((L50-INDEX(Estadística!$I$6:$I$25,MATCH(B50,Estadística!$A$6:$A$25,0)))^2,""),"") | V50: =IF(ISNUMBER(P50),IF(P50>1,1,0),"")
A51: 46 | H51: =IF(OR(F51="",G51=""),"",F51*G51/1000) | L51: =IF(B51="","",IF(J51<>"",J51,IF(AND(N(I51)>0,N(H51)>0),I51/H51,""))) | M51: =IF(B51="","",IFERROR(INDEX(GES!$E$6:$E$25,MATCH(B51,GES!$A$6:$A$25,0)),"GES?")) | N51: =IF(AND(ISNUMBER(L51),ISNUMBER(K51),LEFT(M51,3)="CAR"),L51*K51/100,"") | O51: =IF(B51="","",IFERROR(INDEX(GES!$U$6:$U$25,MATCH(B51,GES!$A$6:$A$25,0)),"")) | P51: =IF(AND(ISNUMBER(L51),ISNUMBER(O51)),L51/O51,"") | Q51: =IF(NOT(ISNUMBER(L51)),"",IFERROR(IF(INDEX(Estadística!$L$6:$L$25,MATCH(B51,Estadística!$A$6:$A$25,0))>INDEX(Estadística!$T$6:$T$25,MATCH(B51,Estadística!$A$6:$A$25,0)),IF(OR(L51<INDEX(Estadística!$I$6:$I$25,MATCH(B51,Estadística!$A$6:$A$25,0))/2,L51>2*INDEX(Estadística!$I$6:$I$25,MATCH(B51,Estadística!$A$6:$A$25,0))),"Fuera de ½MA–2MA: revisar","Dentro de ½MA–2MA"),"—"),"")) | S51: =IF(ISNUMBER(L51),IF(L51>0,LN(L51),""),"") | T51: =IF(ISNUMBER(S51),IFERROR((S51-LN(INDEX(Estadística!$K$6:$K$25,MATCH(B51,Estadística!$A$6:$A$25,0))))^2,""),"") | U51: =IF(ISNUMBER(L51),IFERROR((L51-INDEX(Estadística!$I$6:$I$25,MATCH(B51,Estadística!$A$6:$A$25,0)))^2,""),"") | V51: =IF(ISNUMBER(P51),IF(P51>1,1,0),"")
A52: 47 | H52: =IF(OR(F52="",G52=""),"",F52*G52/1000) | L52: =IF(B52="","",IF(J52<>"",J52,IF(AND(N(I52)>0,N(H52)>0),I52/H52,""))) | M52: =IF(B52="","",IFERROR(INDEX(GES!$E$6:$E$25,MATCH(B52,GES!$A$6:$A$25,0)),"GES?")) | N52: =IF(AND(ISNUMBER(L52),ISNUMBER(K52),LEFT(M52,3)="CAR"),L52*K52/100,"") | O52: =IF(B52="","",IFERROR(INDEX(GES!$U$6:$U$25,MATCH(B52,GES!$A$6:$A$25,0)),"")) | P52: =IF(AND(ISNUMBER(L52),ISNUMBER(O52)),L52/O52,"") | Q52: =IF(NOT(ISNUMBER(L52)),"",IFERROR(IF(INDEX(Estadística!$L$6:$L$25,MATCH(B52,Estadística!$A$6:$A$25,0))>INDEX(Estadística!$T$6:$T$25,MATCH(B52,Estadística!$A$6:$A$25,0)),IF(OR(L52<INDEX(Estadística!$I$6:$I$25,MATCH(B52,Estadística!$A$6:$A$25,0))/2,L52>2*INDEX(Estadística!$I$6:$I$25,MATCH(B52,Estadística!$A$6:$A$25,0))),"Fuera de ½MA–2MA: revisar","Dentro de ½MA–2MA"),"—"),"")) | S52: =IF(ISNUMBER(L52),IF(L52>0,LN(L52),""),"") | T52: =IF(ISNUMBER(S52),IFERROR((S52-LN(INDEX(Estadística!$K$6:$K$25,MATCH(B52,Estadística!$A$6:$A$25,0))))^2,""),"") | U52: =IF(ISNUMBER(L52),IFERROR((L52-INDEX(Estadística!$I$6:$I$25,MATCH(B52,Estadística!$A$6:$A$25,0)))^2,""),"") | V52: =IF(ISNUMBER(P52),IF(P52>1,1,0),"")
A53: 48 | H53: =IF(OR(F53="",G53=""),"",F53*G53/1000) | L53: =IF(B53="","",IF(J53<>"",J53,IF(AND(N(I53)>0,N(H53)>0),I53/H53,""))) | M53: =IF(B53="","",IFERROR(INDEX(GES!$E$6:$E$25,MATCH(B53,GES!$A$6:$A$25,0)),"GES?")) | N53: =IF(AND(ISNUMBER(L53),ISNUMBER(K53),LEFT(M53,3)="CAR"),L53*K53/100,"") | O53: =IF(B53="","",IFERROR(INDEX(GES!$U$6:$U$25,MATCH(B53,GES!$A$6:$A$25,0)),"")) | P53: =IF(AND(ISNUMBER(L53),ISNUMBER(O53)),L53/O53,"") | Q53: =IF(NOT(ISNUMBER(L53)),"",IFERROR(IF(INDEX(Estadística!$L$6:$L$25,MATCH(B53,Estadística!$A$6:$A$25,0))>INDEX(Estadística!$T$6:$T$25,MATCH(B53,Estadística!$A$6:$A$25,0)),IF(OR(L53<INDEX(Estadística!$I$6:$I$25,MATCH(B53,Estadística!$A$6:$A$25,0))/2,L53>2*INDEX(Estadística!$I$6:$I$25,MATCH(B53,Estadística!$A$6:$A$25,0))),"Fuera de ½MA–2MA: revisar","Dentro de ½MA–2MA"),"—"),"")) | S53: =IF(ISNUMBER(L53),IF(L53>0,LN(L53),""),"") | T53: =IF(ISNUMBER(S53),IFERROR((S53-LN(INDEX(Estadística!$K$6:$K$25,MATCH(B53,Estadística!$A$6:$A$25,0))))^2,""),"") | U53: =IF(ISNUMBER(L53),IFERROR((L53-INDEX(Estadística!$I$6:$I$25,MATCH(B53,Estadística!$A$6:$A$25,0)))^2,""),"") | V53: =IF(ISNUMBER(P53),IF(P53>1,1,0),"")
... A305: 300 | H305: =IF(OR(F305="",G305=""),"",F305*G305/1000) | L305: =IF(B305="","",IF(J305<>"",J305,IF(AND(N(I305)>0,N(H305)>0),I305/H305,""))) | M305: =IF(B305="","",IFERROR(INDEX(GES!$E$6:$E$25,MATCH(B305,GES!$A$6:$A$25,0)),"GES?")) | N305: =IF(AND(ISNUMBER(L305),ISNUMBER(K305),LEFT(M305,3)="CAR"),L305*K305/100,"") | O305: =IF(B305="","",IFERROR(INDEX(GES!$U$6:$U$25,MATCH(B305,GES!$A$6:$A$25,0)),"")) | P305: =IF(AND(ISNUMBER(L305),ISNUMBER(O305)),L305/O305,"") | Q305: =IF(NOT(ISNUMBER(L305)),"",IFERROR(IF(INDEX(Estadística!$L$6:$L$25,MATCH(B305,Estadística!$A$6:$A$25,0))>INDEX(Estadística!$T$6:$T$25,MATCH(B305,Estadística!$A$6:$A$25,0)),IF(OR(L305<INDEX(Estadística!$I$6:$I$25,MATCH(B305,Estadística!$A$6:$A$25,0))/2,L305>2*INDEX(Estadística!$I$6:$I$25,MATCH(B305,Estadística!$A$6:$A$25,0))),"Fuera de ½MA–2MA: revisar","Dentro de ½MA–2MA"),"—"),"")) | S305: =IF(ISNUMBER(L305),IF(L305>0,LN(L305),""),"") | T305: =IF(ISNUMBER(S305),IFERROR((S305-LN(INDEX(Estadística!$K$6:$K$25,MATCH(B305,Estadística!$A$6:$A$25,0))))^2,""),"") | U305: =IF(ISNUMBER(L305),IFERROR((L305-INDEX(Estadística!$I$6:$I$25,MATCH(B305,Estadística!$A$6:$A$25,0)))^2,""),"") | V305: =IF(ISNUMBER(P305),IF(P305>1,1,0),"")

Sheet Estadística
A1: 4. Estadística por GES y criterio de decisión
A2: GATI-NEUMO 5.1 y 7.2.1–7.2.2 (CR, DEG ≤ 2,0, cuadro 3 de J. Rock) · Res. 2467/2022 y Guía Técnica 2024 num. 3.2.2.4–3.3 (MG, DEG ≤ 2,5, perfil de exposición)
A3: NeumoRisk V1 · Sílice cristalina, carbón y asbesto · SCHO · Celdas amarillas con texto azul = datos a diligenciar; celdas grises = cálculo automático (no editar).
A5: Código GES | B5: Agente | C5: Unidad | D5: n | E5: Muestras mínimas | F5: Suficiencia muestral | G5: Mínimo | H5: Máximo | I5: Media aritmética (MA) | J5: Desv. estándar | K5: Media geométrica (MG) | L5: DEG | M5: % muestras > TLV aj. | N5: TLV ajustado | O5: CR = MA / TLV aj. (GATI) | P5: PE = MG / TLV aj. (Res. 2467) | Q5: Criterio aplicable | R5: Validez del GES | S5: Indicador de decisión | T5: Límite DEG | U5: Clasificación de la exposición | V5: Grado de exposición (Rock) | W5: Frecuencia de reevaluación (GATI cuadro 3) | X5: Frecuencia Res. 2467 (sílice) | Y5: Vigilancia médica | Z5: Percentil 95 estimado | AA5: MA cuarzo en carbón (mg/m³) | AB5: Índice cuarzo / TLV sílice aj. | AC5: Alerta cuarzo
A6: =IF(GES!A6="","",GES!A6) -> G01 | B6: =IF(A6="","",GES!E6) -> SIL-Q | C6: =IF(A6="","",GES!V6) -> mg/m³ | D6: =IF(A6="","",COUNTIFS(Muestreo!$B$6:$B$305,A6,Muestreo!$L$6:$L$305,">0")) -> 6 | E6: =IF(A6="","",GES!O6) -> 6 | F6: =IF(A6="","",IF(D6=0,"Sin muestras",IF(D6>=E6,"Suficiente","Insuficiente (<"&E6&")"))) -> Suficiente | G6: =IF(N(D6)=0,"",_xlfn.MINIFS(Muestreo!$L$6:$L$305,Muestreo!$B$6:$B$305,A6)) -> 0.038002451 | H6: =IF(N(D6)=0,"",_xlfn.MAXIFS(Muestreo!$L$6:$L$305,Muestreo!$B$6:$B$305,A6)) -> 0.071004902 | I6: =IF(N(D6)=0,"",AVERAGEIFS(Muestreo!$L$6:$L$305,Muestreo!$B$6:$B$305,A6)) -> 0.053333333 | J6: =IF(N(D6)<2,"",SQRT(SUMIFS(Muestreo!$U$6:$U$305,Muestreo!$B$6:$B$305,A6)/(D6-1))) -> 0.011945137 | K6: =IF(N(D6)=0,"",EXP(AVERAGEIFS(Muestreo!$S$6:$S$305,Muestreo!$B$6:$B$305,A6))) -> 0.052223629 | L6: =IF(N(D6)<2,"",EXP(SQRT(SUMIFS(Muestreo!$T$6:$T$305,Muestreo!$B$6:$B$305,A6)/IF(Agentes!$C$15="n",D6,D6-1)))) -> 1.2283384 | M6: =IF(N(D6)=0,"",SUMIFS(Muestreo!$V$6:$V$305,Muestreo!$B$6:$B$305,A6)/D6) -> 1 | N6: =IF(A6="","",GES!U6) -> 0.01953125 | O6: =IF(OR(I6="",N(N6)=0),"",I6/N6) -> 2.7306667 | P6: =IF(OR(K6="",N(N6)=0),"",K6/N6) -> 2.6738498 | Q6: =IF(B6="","",IFERROR(INDEX(Agentes!$G$6:$G$12,MATCH(B6,Agentes!$A$6:$A$12,0)),"")) -> Res. 2467/2022 | R6: =IF(L6="",IF(N(D6)=1,"n = 1: no se calcula DEG",""),IF(L6<=T6,IF(LEFT(Q6,3)="Res","Mantener GES","GES aceptable"),IF(LEFT(Q6,3)="Res","Revisar conformación del GES (DEG > 2,5)","GES no aceptable (DEG > 2,0): revise oficios"))) -> Mantener GES | S6: =IF(Q6="","",IF(LEFT(Q6,3)="Res",P6,O6)) -> 2.6738498 | T6: =IF(Q6="","",IF(LEFT(Q6,3)="Res",2.5,2)) -> 2.5 | U6: =IF(OR(A6="",S6=""),IF(A6="","","Sin datos"),IF(S6>1,"Sobreexposición",IF(LEFT(Q6,3)="Res",IF(S6<=0.5,"Controlada","Fuera de control – precaución"),IF(S6<0.5,"Controlada","Fuera de control – precaución")))) -> Sobreexposición | V6: =IF(N(S6)=0,"",IF(S6>=1,5,IF(M6>0,4,IF(S6>=0.5,3,IF(S6>=0.1,2,1))))) -> 5 | W6: =IF(V6="","",CHOOSE(V6,"De 3 a 5 años","De 1 a 3 años","De 3 meses a 1 año","De 1 a 3 meses","Evaluación continua")) -> Evaluación continua | X6: =IF(OR(P6="",LEFT(B6,3)<>"SIL"),IF(A6="","","N/A"),IF(P6<=0.5,"Cada 3 años","Anual")) -> Anual | Y6: =IF(OR(A6="",S6=""),"",IF(LEFT(B6,3)="SIL",IF(S6>=0.5,"SVE específico (≥ nivel de acción)","Seguimiento general de salud"),IF(B6="PNOS","Según criterio médico",IF(S6>=0.5,"SVE – prioritario (CR ≥ 0,5)","SVE – todos los expuestos (GATI 7.3.1)")))) -> SVE específico (≥ nivel de acción) | Z6: =IF(L6="","",K6*L6^1.645) -> 0.073247904 | AA6: =IF(LEFT(B6,3)<>"CAR","",IFERROR(AVERAGEIFS(Muestreo!$N$6:$N$305,Muestreo!$B$6:$B$305,A6),"")) | AB6: =IF(OR(AA6="",GES!T6=""),"",AA6/(INDEX(Agentes!$F$6:$F$12,MATCH("SIL-Q",Agentes!$A$6:$A$12,0))*GES!T6)) | AC6: =IF(AB6="","",IF(AB6>1,"Cuarzo sobre TLV: gestionar también como sílice",IF(AB6>=0.5,"Cuarzo ≥ nivel de acción","Cuarzo controlado")))
A7: =IF(GES!A7="","",GES!A7) -> G02 | B7: =IF(A7="","",GES!E7) -> SIL-Q | C7: =IF(A7="","",GES!V7) -> mg/m³ | D7: =IF(A7="","",COUNTIFS(Muestreo!$B$6:$B$305,A7,Muestreo!$L$6:$L$305,">0")) -> 6 | E7: =IF(A7="","",GES!O7) -> 6 | F7: =IF(A7="","",IF(D7=0,"Sin muestras",IF(D7>=E7,"Suficiente","Insuficiente (<"&E7&")"))) -> Suficiente | G7: =IF(N(D7)=0,"",_xlfn.MINIFS(Muestreo!$L$6:$L$305,Muestreo!$B$6:$B$305,A7)) -> 0.008 | H7: =IF(N(D7)=0,"",_xlfn.MAXIFS(Muestreo!$L$6:$L$305,Muestreo!$B$6:$B$305,A7)) -> 0.013 | I7: =IF(N(D7)=0,"",AVERAGEIFS(Muestreo!$L$6:$L$305,Muestreo!$B$6:$B$305,A7)) -> 0.0105 | J7: =IF(N(D7)<2,"",SQRT(SUMIFS(Muestreo!$U$6:$U$305,Muestreo!$B$6:$B$305,A7)/(D7-1))) -> 0.0018708287 | K7: =IF(N(D7)=0,"",EXP(AVERAGEIFS(Muestreo!$S$6:$S$305,Muestreo!$B$6:$B$305,A7))) -> 0.010358773 | L7: =IF(N(D7)<2,"",EXP(SQRT(SUMIFS(Muestreo!$T$6:$T$305,Muestreo!$B$6:$B$305,A7)/IF(Agentes!$C$15="n",D7,D7-1)))) -> 1.1801361 | M7: =IF(N(D7)=0,"",SUMIFS(Muestreo!$V$6:$V$305,Muestreo!$B$6:$B$305,A7)/D7) -> 0 | N7: =IF(A7="","",GES!U7) -> 0.01953125 | O7: =IF(OR(I7="",N(N7)=0),"",I7/N7) -> 0.5376 | P7: =IF(OR(K7="",N(N7)=0),"",K7/N7) -> 0.53036915 | Q7: =IF(B7="","",IFERROR(INDEX(Agentes!$G$6:$G$12,MATCH(B7,Agentes!$A$6:$A$12,0)),"")) -> Res. 2467/2022 | R7: =IF(L7="",IF(N(D7)=1,"n = 1: no se calcula DEG",""),IF(L7<=T7,IF(LEFT(Q7,3)="Res","Mantener GES","GES aceptable"),IF(LEFT(Q7,3)="Res","Revisar conformación del GES (DEG > 2,5)","GES no aceptable (DEG > 2,0): revise oficios"))) -> Mantener GES | S7: =IF(Q7="","",IF(LEFT(Q7,3)="Res",P7,O7)) -> 0.53036915 | T7: =IF(Q7="","",IF(LEFT(Q7,3)="Res",2.5,2)) -> 2.5 | U7: =IF(OR(A7="",S7=""),IF(A7="","","Sin datos"),IF(S7>1,"Sobreexposición",IF(LEFT(Q7,3)="Res",IF(S7<=0.5,"Controlada","Fuera de control – precaución"),IF(S7<0.5,"Controlada","Fuera de control – precaución")))) -> Fuera de control – precaución | V7: =IF(N(S7)=0,"",IF(S7>=1,5,IF(M7>0,4,IF(S7>=0.5,3,IF(S7>=0.1,2,1))))) -> 3 | W7: =IF(V7="","",CHOOSE(V7,"De 3 a 5 años","De 1 a 3 años","De 3 meses a 1 año","De 1 a 3 meses","Evaluación continua")) -> De 3 meses a 1 año | X7: =IF(OR(P7="",LEFT(B7,3)<>"SIL"),IF(A7="","","N/A"),IF(P7<=0.5,"Cada 3 años","Anual")) -> Anual | Y7: =IF(OR(A7="",S7=""),"",IF(LEFT(B7,3)="SIL",IF(S7>=0.5,"SVE específico (≥ nivel de acción)","Seguimiento general de salud"),IF(B7="PNOS","Según criterio médico",IF(S7>=0.5,"SVE – prioritario (CR ≥ 0,5)","SVE – todos los expuestos (GATI 7.3.1)")))) -> SVE específico (≥ nivel de acción) | Z7: =IF(L7="","",K7*L7^1.645) -> 0.013603059 | AA7: =IF(LEFT(B7,3)<>"CAR","",IFERROR(AVERAGEIFS(Muestreo!$N$6:$N$305,Muestreo!$B$6:$B$305,A7),"")) | AB7: =IF(OR(AA7="",GES!T7=""),"",AA7/(INDEX(Agentes!$F$6:$F$12,MATCH("SIL-Q",Agentes!$A$6:$A$12,0))*GES!T7)) | AC7: =IF(AB7="","",IF(AB7>1,"Cuarzo sobre TLV: gestionar también como sílice",IF(AB7>=0.5,"Cuarzo ≥ nivel de acción","Cuarzo controlado")))
A8: =IF(GES!A8="","",GES!A8) -> G03 | B8: =IF(A8="","",GES!E8) -> SIL-Q | C8: =IF(A8="","",GES!V8) -> mg/m³ | D8: =IF(A8="","",COUNTIFS(Muestreo!$B$6:$B$305,A8,Muestreo!$L$6:$L$305,">0")) -> 5 | E8: =IF(A8="","",GES!O8) -> 6 | F8: =IF(A8="","",IF(D8=0,"Sin muestras",IF(D8>=E8,"Suficiente","Insuficiente (<"&E8&")"))) -> Insuficiente (<6) | G8: =IF(N(D8)=0,"",_xlfn.MINIFS(Muestreo!$L$6:$L$305,Muestreo!$B$6:$B$305,A8)) -> 0.015 | H8: =IF(N(D8)=0,"",_xlfn.MAXIFS(Muestreo!$L$6:$L$305,Muestreo!$B$6:$B$305,A8)) -> 0.023 | I8: =IF(N(D8)=0,"",AVERAGEIFS(Muestreo!$L$6:$L$305,Muestreo!$B$6:$B$305,A8)) -> 0.0194 | J8: =IF(N(D8)<2,"",SQRT(SUMIFS(Muestreo!$U$6:$U$305,Muestreo!$B$6:$B$305,A8)/(D8-1))) -> 0.0030495901 | K8: =IF(N(D8)=0,"",EXP(AVERAGEIFS(Muestreo!$S$6:$S$305,Muestreo!$B$6:$B$305,A8))) -> 0.019198539 | L8: =IF(N(D8)<2,"",EXP(SQRT(SUMIFS(Muestreo!$T$6:$T$305,Muestreo!$B$6:$B$305,A8)/IF(Agentes!$C$15="n",D8,D8-1)))) -> 1.1578549 | M8: =IF(N(D8)=0,"",SUMIFS(Muestreo!$V$6:$V$305,Muestreo!$B$6:$B$305,A8)/D8) -> 0.2 | N8: =IF(A8="","",GES!U8) -> 0.022017045 | O8: =IF(OR(I8="",N(N8)=0),"",I8/N8) -> 0.88113548 | P8: =IF(OR(K8="",N(N8)=0),"",K8/N8) -> 0.87198525 | Q8: =IF(B8="","",IFERROR(INDEX(Agentes!$G$6:$G$12,MATCH(B8,Agentes!$A$6:$A$12,0)),"")) -> Res. 2467/2022 | R8: =IF(L8="",IF(N(D8)=1,"n = 1: no se calcula DEG",""),IF(L8<=T8,IF(LEFT(Q8,3)="Res","Mantener GES","GES aceptable"),IF(LEFT(Q8,3)="Res","Revisar conformación del GES (DEG > 2,5)","GES no aceptable (DEG > 2,0): revise oficios"))) -> Mantener GES | S8: =IF(Q8="","",IF(LEFT(Q8,3)="Res",P8,O8)) -> 0.87198525 | T8: =IF(Q8="","",IF(LEFT(Q8,3)="Res",2.5,2)) -> 2.5 | U8: =IF(OR(A8="",S8=""),IF(A8="","","Sin datos"),IF(S8>1,"Sobreexposición",IF(LEFT(Q8,3)="Res",IF(S8<=0.5,"Controlada","Fuera de control – precaución"),IF(S8<0.5,"Controlada","Fuera de control – precaución")))) -> Fuera de control – precaución | V8: =IF(N(S8)=0,"",IF(S8>=1,5,IF(M8>0,4,IF(S8>=0.5,3,IF(S8>=0.1,2,1))))) -> 4 | W8: =IF(V8="","",CHOOSE(V8,"De 3 a 5 años","De 1 a 3 años","De 3 meses a 1 año","De 1 a 3 meses","Evaluación continua")) -> De 1 a 3 meses | X8: =IF(OR(P8="",LEFT(B8,3)<>"SIL"),IF(A8="","","N/A"),IF(P8<=0.5,"Cada 3 años","Anual")) -> Anual | Y8: =IF(OR(A8="",S8=""),"",IF(LEFT(B8,3)="SIL",IF(S8>=0.5,"SVE específico (≥ nivel de acción)","Seguimiento general de salud"),IF(B8="PNOS","Según criterio médico",IF(S8>=0.5,"SVE – prioritario (CR ≥ 0,5)","SVE – todos los expuestos (GATI 7.3.1)")))) -> SVE específico (≥ nivel de acción) | Z8: =IF(L8="","",K8*L8^1.645) -> 0.024433136 | AA8: =IF(LEFT(B8,3)<>"CAR","",IFERROR(AVERAGEIFS(Muestreo!$N$6:$N$305,Muestreo!$B$6:$B$305,A8),"")) | AB8: =IF(OR(AA8="",GES!T8=""),"",AA8/(INDEX(Agentes!$F$6:$F$12,MATCH("SIL-Q",Agentes!$A$6:$A$12,0))*GES!T8)) | AC8: =IF(AB8="","",IF(AB8>1,"Cuarzo sobre TLV: gestionar también como sílice",IF(AB8>=0.5,"Cuarzo ≥ nivel de acción","Cuarzo controlado")))
A9: =IF(GES!A9="","",GES!A9) -> G04 | B9: =IF(A9="","",GES!E9) -> CAR-B | C9: =IF(A9="","",GES!V9) -> mg/m³ | D9: =IF(A9="","",COUNTIFS(Muestreo!$B$6:$B$305,A9,Muestreo!$L$6:$L$305,">0")) -> 7 | E9: =IF(A9="","",GES!O9) -> 6 | F9: =IF(A9="","",IF(D9=0,"Sin muestras",IF(D9>=E9,"Suficiente","Insuficiente (<"&E9&")"))) -> Suficiente | G9: =IF(N(D9)=0,"",_xlfn.MINIFS(Muestreo!$L$6:$L$305,Muestreo!$B$6:$B$305,A9)) -> 0.7 | H9: =IF(N(D9)=0,"",_xlfn.MAXIFS(Muestreo!$L$6:$L$305,Muestreo!$B$6:$B$305,A9)) -> 1.35 | I9: =IF(N(D9)=0,"",AVERAGEIFS(Muestreo!$L$6:$L$305,Muestreo!$B$6:$B$305,A9)) -> 1 | J9: =IF(N(D9)<2,"",SQRT(SUMIFS(Muestreo!$U$6:$U$305,Muestreo!$B$6:$B$305,A9)/(D9-1))) -> 0.22912878 | K9: =IF(N(D9)=0,"",EXP(AVERAGEIFS(Muestreo!$S$6:$S$305,Muestreo!$B$6:$B$305,A9))) -> 0.97757861 | L9: =IF(N(D9)<2,"",EXP(SQRT(SUMIFS(Muestreo!$T$6:$T$305,Muestreo!$B$6:$B$305,A9)/IF(Agentes!$C$15="n",D9,D9-1)))) -> 1.2381917 | M9: =IF(N(D9)=0,"",SUMIFS(Muestreo!$V$6:$V$305,Muestreo!$B$6:$B$305,A9)/D9) -> 0.85714286 | N9: =IF(A9="","",GES!U9) -> 0.703125 | O9: =IF(OR(I9="",N(N9)=0),"",I9/N9) -> 1.4222222 | P9: =IF(OR(K9="",N(N9)=0),"",K9/N9) -> 1.390334 | Q9: =IF(B9="","",IFERROR(INDEX(Agentes!$G$6:$G$12,MATCH(B9,Agentes!$A$6:$A$12,0)),"")) -> GATI-NEUMO 2006 | R9: =IF(L9="",IF(N(D9)=1,"n = 1: no se calcula DEG",""),IF(L9<=T9,IF(LEFT(Q9,3)="Res","Mantener GES","GES aceptable"),IF(LEFT(Q9,3)="Res","Revisar conformación del GES (DEG > 2,5)","GES no aceptable (DEG > 2,0): revise oficios"))) -> GES aceptable | S9: =IF(Q9="","",IF(LEFT(Q9,3)="Res",P9,O9)) -> 1.4222222 | T9: =IF(Q9="","",IF(LEFT(Q9,3)="Res",2.5,2)) -> 2 | U9: =IF(OR(A9="",S9=""),IF(A9="","","Sin datos"),IF(S9>1,"Sobreexposición",IF(LEFT(Q9,3)="Res",IF(S9<=0.5,"Controlada","Fuera de control – precaución"),IF(S9<0.5,"Controlada","Fuera de control – precaución")))) -> Sobreexposición | V9: =IF(N(S9)=0,"",IF(S9>=1,5,IF(M9>0,4,IF(S9>=0.5,3,IF(S9>=0.1,2,1))))) -> 5 | W9: =IF(V9="","",CHOOSE(V9,"De 3 a 5 años","De 1 a 3 años","De 3 meses a 1 año","De 1 a 3 meses","Evaluación continua")) -> Evaluación continua | X9: =IF(OR(P9="",LEFT(B9,3)<>"SIL"),IF(A9="","","N/A"),IF(P9<=0.5,"Cada 3 años","Anual")) -> N/A | Y9: =IF(OR(A9="",S9=""),"",IF(LEFT(B9,3)="SIL",IF(S9>=0.5,"SVE específico (≥ nivel de acción)","Seguimiento general de salud"),IF(B9="PNOS","Según criterio médico",IF(S9>=0.5,"SVE – prioritario (CR ≥ 0,5)","SVE – todos los expuestos (GATI 7.3.1)")))) -> SVE – prioritario (CR ≥ 0,5) | Z9: =IF(L9="","",K9*L9^1.645) -> 1.3892735 | AA9: =IF(LEFT(B9,3)<>"CAR","",IFERROR(AVERAGEIFS(Muestreo!$N$6:$N$305,Muestreo!$B$6:$B$305,A9),"")) -> 0.044714286 | AB9: =IF(OR(AA9="",GES!T9=""),"",AA9/(INDEX(Agentes!$F$6:$F$12,MATCH("SIL-Q",Agentes!$A$6:$A$12,0))*GES!T9)) -> 2.2893714 | AC9: =IF(AB9="","",IF(AB9>1,"Cuarzo sobre TLV: gestionar también como sílice",IF(AB9>=0.5,"Cuarzo ≥ nivel de acción","Cuarzo controlado"))) -> Cuarzo sobre TLV: gestionar también como sílice
A10: =IF(GES!A10="","",GES!A10) -> G05 | B10: =IF(A10="","",GES!E10) -> CAR-B | C10: =IF(A10="","",GES!V10) -> mg/m³ | D10: =IF(A10="","",COUNTIFS(Muestreo!$B$6:$B$305,A10,Muestreo!$L$6:$L$305,">0")) -> 6 | E10: =IF(A10="","",GES!O10) -> 6 | F10: =IF(A10="","",IF(D10=0,"Sin muestras",IF(D10>=E10,"Suficiente","Insuficiente (<"&E10&")"))) -> Suficiente | G10: =IF(N(D10)=0,"",_xlfn.MINIFS(Muestreo!$L$6:$L$305,Muestreo!$B$6:$B$305,A10)) -> 0.18 | H10: =IF(N(D10)=0,"",_xlfn.MAXIFS(Muestreo!$L$6:$L$305,Muestreo!$B$6:$B$305,A10)) -> 0.35 | I10: =IF(N(D10)=0,"",AVERAGEIFS(Muestreo!$L$6:$L$305,Muestreo!$B$6:$B$305,A10)) -> 0.26333333 | J10: =IF(N(D10)<2,"",SQRT(SUMIFS(Muestreo!$U$6:$U$305,Muestreo!$B$6:$B$305,A10)/(D10-1))) -> 0.060221812 | K10: =IF(N(D10)=0,"",EXP(AVERAGEIFS(Muestreo!$S$6:$S$305,Muestreo!$B$6:$B$305,A10))) -> 0.25743273 | L10: =IF(N(D10)<2,"",EXP(SQRT(SUMIFS(Muestreo!$T$6:$T$305,Muestreo!$B$6:$B$305,A10)/IF(Agentes!$C$15="n",D10,D10-1)))) -> 1.2403682 | M10: =IF(N(D10)=0,"",SUMIFS(Muestreo!$V$6:$V$305,Muestreo!$B$6:$B$305,A10)/D10) -> 0 | N10: =IF(A10="","",GES!U10) -> 0.703125 | O10: =IF(OR(I10="",N(N10)=0),"",I10/N10) -> 0.37451852 | P10: =IF(OR(K10="",N(N10)=0),"",K10/N10) -> 0.36612654 | Q10: =IF(B10="","",IFERROR(INDEX(Agentes!$G$6:$G$12,MATCH(B10,Agentes!$A$6:$A$12,0)),"")) -> GATI-NEUMO 2006 | R10: =IF(L10="",IF(N(D10)=1,"n = 1: no se calcula DEG",""),IF(L10<=T10,IF(LEFT(Q10,3)="Res","Mantener GES","GES aceptable"),IF(LEFT(Q10,3)="Res","Revisar conformación del GES (DEG > 2,5)","GES no aceptable (DEG > 2,0): revise oficios"))) -> GES aceptable | S10: =IF(Q10="","",IF(LEFT(Q10,3)="Res",P10,O10)) -> 0.37451852 | T10: =IF(Q10="","",IF(LEFT(Q10,3)="Res",2.5,2)) -> 2 | U10: =IF(OR(A10="",S10=""),IF(A10="","","Sin datos"),IF(S10>1,"Sobreexposición",IF(LEFT(Q10,3)="Res",IF(S10<=0.5,"Controlada","Fuera de control – precaución"),IF(S10<0.5,"Controlada","Fuera de control – precaución")))) -> Controlada | V10: =IF(N(S10)=0,"",IF(S10>=1,5,IF(M10>0,4,IF(S10>=0.5,3,IF(S10>=0.1,2,1))))) -> 2 | W10: =IF(V10="","",CHOOSE(V10,"De 3 a 5 años","De 1 a 3 años","De 3 meses a 1 año","De 1 a 3 meses","Evaluación continua")) -> De 1 a 3 años | X10: =IF(OR(P10="",LEFT(B10,3)<>"SIL"),IF(A10="","","N/A"),IF(P10<=0.5,"Cada 3 años","Anual")) -> N/A | Y10: =IF(OR(A10="",S10=""),"",IF(LEFT(B10,3)="SIL",IF(S10>=0.5,"SVE específico (≥ nivel de acción)","Seguimiento general de salud"),IF(B10="PNOS","Según criterio médico",IF(S10>=0.5,"SVE – prioritario (CR ≥ 0,5)","SVE – todos los expuestos (GATI 7.3.1)")))) -> SVE – todos los expuestos (GATI 7.3.1) | Z10: =IF(L10="","",K10*L10^1.645) -> 0.36690576 | AA10: =IF(LEFT(B10,3)<>"CAR","",IFERROR(AVERAGEIFS(Muestreo!$N$6:$N$305,Muestreo!$B$6:$B$305,A10),"")) -> 0.0060333333 | AB10: =IF(OR(AA10="",GES!T10=""),"",AA10/(INDEX(Agentes!$F$6:$F$12,MATCH("SIL-Q",Agentes!$A$6:$A$12,0))*GES!T10)) -> 0.30890667 | AC10: =IF(AB10="","",IF(AB10>1,"Cuarzo sobre TLV: gestionar también como sílice",IF(AB10>=0.5,"Cuarzo ≥ nivel de acción","Cuarzo controlado"))) -> Cuarzo controlado
A11: =IF(GES!A11="","",GES!A11) -> G06 | B11: =IF(A11="","",GES!E11) -> ASB | C11: =IF(A11="","",GES!V11) -> f/cm³ | D11: =IF(A11="","",COUNTIFS(Muestreo!$B$6:$B$305,A11,Muestreo!$L$6:$L$305,">0")) -> 6 | E11: =IF(A11="","",GES!O11) -> 6 | F11: =IF(A11="","",IF(D11=0,"Sin muestras",IF(D11>=E11,"Suficiente","Insuficiente (<"&E11&")"))) -> Suficiente | G11: =IF(N(D11)=0,"",_xlfn.MINIFS(Muestreo!$L$6:$L$305,Muestreo!$B$6:$B$305,A11)) -> 0.02 | H11: =IF(N(D11)=0,"",_xlfn.MAXIFS(Muestreo!$L$6:$L$305,Muestreo!$B$6:$B$305,A11)) -> 0.08 | I11: =IF(N(D11)=0,"",AVERAGEIFS(Muestreo!$L$6:$L$305,Muestreo!$B$6:$B$305,A11)) -> 0.046666667 | J11: =IF(N(D11)<2,"",SQRT(SUMIFS(Muestreo!$U$6:$U$305,Muestreo!$B$6:$B$305,A11)/(D11-1))) -> 0.021602469 | K11: =IF(N(D11)=0,"",EXP(AVERAGEIFS(Muestreo!$S$6:$S$305,Muestreo!$B$6:$B$305,A11))) -> 0.042338657 | L11: =IF(N(D11)<2,"",EXP(SQRT(SUMIFS(Muestreo!$T$6:$T$305,Muestreo!$B$6:$B$305,A11)/IF(Agentes!$C$15="n",D11,D11-1)))) -> 1.5751165 | M11: =IF(N(D11)=0,"",SUMIFS(Muestreo!$V$6:$V$305,Muestreo!$B$6:$B$305,A11)/D11) -> 0.16666667 | N11: =IF(A11="","",GES!U11) -> 0.078125 | O11: =IF(OR(I11="",N(N11)=0),"",I11/N11) -> 0.59733333 | P11: =IF(OR(K11="",N(N11)=0),"",K11/N11) -> 0.54193481 | Q11: =IF(B11="","",IFERROR(INDEX(Agentes!$G$6:$G$12,MATCH(B11,Agentes!$A$6:$A$12,0)),"")) -> GATI-NEUMO 2006 | R11: =IF(L11="",IF(N(D11)=1,"n = 1: no se calcula DEG",""),IF(L11<=T11,IF(LEFT(Q11,3)="Res","Mantener GES","GES aceptable"),IF(LEFT(Q11,3)="Res","Revisar conformación del GES (DEG > 2,5)","GES no aceptable (DEG > 2,0): revise oficios"))) -> GES aceptable | S11: =IF(Q11="","",IF(LEFT(Q11,3)="Res",P11,O11)) -> 0.59733333 | T11: =IF(Q11="","",IF(LEFT(Q11,3)="Res",2.5,2)) -> 2 | U11: =IF(OR(A11="",S11=""),IF(A11="","","Sin datos"),IF(S11>1,"Sobreexposición",IF(LEFT(Q11,3)="Res",IF(S11<=0.5,"Controlada","Fuera de control – precaución"),IF(S11<0.5,"Controlada","Fuera de control – precaución")))) -> Fuera de control – precaución | V11: =IF(N(S11)=0,"",IF(S11>=1,5,IF(M11>0,4,IF(S11>=0.5,3,IF(S11>=0.1,2,1))))) -> 4 | W11: =IF(V11="","",CHOOSE(V11,"De 3 a 5 años","De 1 a 3 años","De 3 meses a 1 año","De 1 a 3 meses","Evaluación continua")) -> De 1 a 3 meses | X11: =IF(OR(P11="",LEFT(B11,3)<>"SIL"),IF(A11="","","N/A"),IF(P11<=0.5,"Cada 3 años","Anual")) -> N/A | Y11: =IF(OR(A11="",S11=""),"",IF(LEFT(B11,3)="SIL",IF(S11>=0.5,"SVE específico (≥ nivel de acción)","Seguimiento general de salud"),IF(B11="PNOS","Según criterio médico",IF(S11>=0.5,"SVE – prioritario (CR ≥ 0,5)","SVE – todos los expuestos (GATI 7.3.1)")))) -> SVE – prioritario (CR ≥ 0,5) | Z11: =IF(L11="","",K11*L11^1.645) -> 0.089395657 | AA11: =IF(LEFT(B11,3)<>"CAR","",IFERROR(AVERAGEIFS(Muestreo!$N$6:$N$305,Muestreo!$B$6:$B$305,A11),"")) | AB11: =IF(OR(AA11="",GES!T11=""),"",AA11/(INDEX(Agentes!$F$6:$F$12,MATCH("SIL-Q",Agentes!$A$6:$A$12,0))*GES!T11)) | AC11: =IF(AB11="","",IF(AB11>1,"Cuarzo sobre TLV: gestionar también como sílice",IF(AB11>=0.5,"Cuarzo ≥ nivel de acción","Cuarzo controlado")))
A12: =IF(GES!A12="","",GES!A12) | B12: =IF(A12="","",GES!E12) | C12: =IF(A12="","",GES!V12) | D12: =IF(A12="","",COUNTIFS(Muestreo!$B$6:$B$305,A12,Muestreo!$L$6:$L$305,">0")) | E12: =IF(A12="","",GES!O12) | F12: =IF(A12="","",IF(D12=0,"Sin muestras",IF(D12>=E12,"Suficiente","Insuficiente (<"&E12&")"))) | G12: =IF(N(D12)=0,"",_xlfn.MINIFS(Muestreo!$L$6:$L$305,Muestreo!$B$6:$B$305,A12)) | H12: =IF(N(D12)=0,"",_xlfn.MAXIFS(Muestreo!$L$6:$L$305,Muestreo!$B$6:$B$305,A12)) | I12: =IF(N(D12)=0,"",AVERAGEIFS(Muestreo!$L$6:$L$305,Muestreo!$B$6:$B$305,A12)) | J12: =IF(N(D12)<2,"",SQRT(SUMIFS(Muestreo!$U$6:$U$305,Muestreo!$B$6:$B$305,A12)/(D12-1))) | K12: =IF(N(D12)=0,"",EXP(AVERAGEIFS(Muestreo!$S$6:$S$305,Muestreo!$B$6:$B$305,A12))) | L12: =IF(N(D12)<2,"",EXP(SQRT(SUMIFS(Muestreo!$T$6:$T$305,Muestreo!$B$6:$B$305,A12)/IF(Agentes!$C$15="n",D12,D12-1)))) | M12: =IF(N(D12)=0,"",SUMIFS(Muestreo!$V$6:$V$305,Muestreo!$B$6:$B$305,A12)/D12) | N12: =IF(A12="","",GES!U12) | O12: =IF(OR(I12="",N(N12)=0),"",I12/N12) | P12: =IF(OR(K12="",N(N12)=0),"",K12/N12) | Q12: =IF(B12="","",IFERROR(INDEX(Agentes!$G$6:$G$12,MATCH(B12,Agentes!$A$6:$A$12,0)),"")) | R12: =IF(L12="",IF(N(D12)=1,"n = 1: no se calcula DEG",""),IF(L12<=T12,IF(LEFT(Q12,3)="Res","Mantener GES","GES aceptable"),IF(LEFT(Q12,3)="Res","Revisar conformación del GES (DEG > 2,5)","GES no aceptable (DEG > 2,0): revise oficios"))) | S12: =IF(Q12="","",IF(LEFT(Q12,3)="Res",P12,O12)) | T12: =IF(Q12="","",IF(LEFT(Q12,3)="Res",2.5,2)) | U12: =IF(OR(A12="",S12=""),IF(A12="","","Sin datos"),IF(S12>1,"Sobreexposición",IF(LEFT(Q12,3)="Res",IF(S12<=0.5,"Controlada","Fuera de control – precaución"),IF(S12<0.5,"Controlada","Fuera de control – precaución")))) | V12: =IF(N(S12)=0,"",IF(S12>=1,5,IF(M12>0,4,IF(S12>=0.5,3,IF(S12>=0.1,2,1))))) | W12: =IF(V12="","",CHOOSE(V12,"De 3 a 5 años","De 1 a 3 años","De 3 meses a 1 año","De 1 a 3 meses","Evaluación continua")) | X12: =IF(OR(P12="",LEFT(B12,3)<>"SIL"),IF(A12="","","N/A"),IF(P12<=0.5,"Cada 3 años","Anual")) | Y12: =IF(OR(A12="",S12=""),"",IF(LEFT(B12,3)="SIL",IF(S12>=0.5,"SVE específico (≥ nivel de acción)","Seguimiento general de salud"),IF(B12="PNOS","Según criterio médico",IF(S12>=0.5,"SVE – prioritario (CR ≥ 0,5)","SVE – todos los expuestos (GATI 7.3.1)")))) | Z12: =IF(L12="","",K12*L12^1.645) | AA12: =IF(LEFT(B12,3)<>"CAR","",IFERROR(AVERAGEIFS(Muestreo!$N$6:$N$305,Muestreo!$B$6:$B$305,A12),"")) | AB12: =IF(OR(AA12="",GES!T12=""),"",AA12/(INDEX(Agentes!$F$6:$F$12,MATCH("SIL-Q",Agentes!$A$6:$A$12,0))*GES!T12)) | AC12: =IF(AB12="","",IF(AB12>1,"Cuarzo sobre TLV: gestionar también como sílice",IF(AB12>=0.5,"Cuarzo ≥ nivel de acción","Cuarzo controlado")))
A13: =IF(GES!A13="","",GES!A13) | B13: =IF(A13="","",GES!E13) | C13: =IF(A13="","",GES!V13) | D13: =IF(A13="","",COUNTIFS(Muestreo!$B$6:$B$305,A13,Muestreo!$L$6:$L$305,">0")) | E13: =IF(A13="","",GES!O13) | F13: =IF(A13="","",IF(D13=0,"Sin muestras",IF(D13>=E13,"Suficiente","Insuficiente (<"&E13&")"))) | G13: =IF(N(D13)=0,"",_xlfn.MINIFS(Muestreo!$L$6:$L$305,Muestreo!$B$6:$B$305,A13)) | H13: =IF(N(D13)=0,"",_xlfn.MAXIFS(Muestreo!$L$6:$L$305,Muestreo!$B$6:$B$305,A13)) | I13: =IF(N(D13)=0,"",AVERAGEIFS(Muestreo!$L$6:$L$305,Muestreo!$B$6:$B$305,A13)) | J13: =IF(N(D13)<2,"",SQRT(SUMIFS(Muestreo!$U$6:$U$305,Muestreo!$B$6:$B$305,A13)/(D13-1))) | K13: =IF(N(D13)=0,"",EXP(AVERAGEIFS(Muestreo!$S$6:$S$305,Muestreo!$B$6:$B$305,A13))) | L13: =IF(N(D13)<2,"",EXP(SQRT(SUMIFS(Muestreo!$T$6:$T$305,Muestreo!$B$6:$B$305,A13)/IF(Agentes!$C$15="n",D13,D13-1)))) | M13: =IF(N(D13)=0,"",SUMIFS(Muestreo!$V$6:$V$305,Muestreo!$B$6:$B$305,A13)/D13) | N13: =IF(A13="","",GES!U13) | O13: =IF(OR(I13="",N(N13)=0),"",I13/N13) | P13: =IF(OR(K13="",N(N13)=0),"",K13/N13) | Q13: =IF(B13="","",IFERROR(INDEX(Agentes!$G$6:$G$12,MATCH(B13,Agentes!$A$6:$A$12,0)),"")) | R13: =IF(L13="",IF(N(D13)=1,"n = 1: no se calcula DEG",""),IF(L13<=T13,IF(LEFT(Q13,3)="Res","Mantener GES","GES aceptable"),IF(LEFT(Q13,3)="Res","Revisar conformación del GES (DEG > 2,5)","GES no aceptable (DEG > 2,0): revise oficios"))) | S13: =IF(Q13="","",IF(LEFT(Q13,3)="Res",P13,O13)) | T13: =IF(Q13="","",IF(LEFT(Q13,3)="Res",2.5,2)) | U13: =IF(OR(A13="",S13=""),IF(A13="","","Sin datos"),IF(S13>1,"Sobreexposición",IF(LEFT(Q13,3)="Res",IF(S13<=0.5,"Controlada","Fuera de control – precaución"),IF(S13<0.5,"Controlada","Fuera de control – precaución")))) | V13: =IF(N(S13)=0,"",IF(S13>=1,5,IF(M13>0,4,IF(S13>=0.5,3,IF(S13>=0.1,2,1))))) | W13: =IF(V13="","",CHOOSE(V13,"De 3 a 5 años","De 1 a 3 años","De 3 meses a 1 año","De 1 a 3 meses","Evaluación continua")) | X13: =IF(OR(P13="",LEFT(B13,3)<>"SIL"),IF(A13="","","N/A"),IF(P13<=0.5,"Cada 3 años","Anual")) | Y13: =IF(OR(A13="",S13=""),"",IF(LEFT(B13,3)="SIL",IF(S13>=0.5,"SVE específico (≥ nivel de acción)","Seguimiento general de salud"),IF(B13="PNOS","Según criterio médico",IF(S13>=0.5,"SVE – prioritario (CR ≥ 0,5)","SVE – todos los expuestos (GATI 7.3.1)")))) | Z13: =IF(L13="","",K13*L13^1.645) | AA13: =IF(LEFT(B13,3)<>"CAR","",IFERROR(AVERAGEIFS(Muestreo!$N$6:$N$305,Muestreo!$B$6:$B$305,A13),"")) | AB13: =IF(OR(AA13="",GES!T13=""),"",AA13/(INDEX(Agentes!$F$6:$F$12,MATCH("SIL-Q",Agentes!$A$6:$A$12,0))*GES!T13)) | AC13: =IF(AB13="","",IF(AB13>1,"Cuarzo sobre TLV: gestionar también como sílice",IF(AB13>=0.5,"Cuarzo ≥ nivel de acción","Cuarzo controlado")))
A14: =IF(GES!A14="","",GES!A14) | B14: =IF(A14="","",GES!E14) | C14: =IF(A14="","",GES!V14) | D14: =IF(A14="","",COUNTIFS(Muestreo!$B$6:$B$305,A14,Muestreo!$L$6:$L$305,">0")) | E14: =IF(A14="","",GES!O14) | F14: =IF(A14="","",IF(D14=0,"Sin muestras",IF(D14>=E14,"Suficiente","Insuficiente (<"&E14&")"))) | G14: =IF(N(D14)=0,"",_xlfn.MINIFS(Muestreo!$L$6:$L$305,Muestreo!$B$6:$B$305,A14)) | H14: =IF(N(D14)=0,"",_xlfn.MAXIFS(Muestreo!$L$6:$L$305,Muestreo!$B$6:$B$305,A14)) | I14: =IF(N(D14)=0,"",AVERAGEIFS(Muestreo!$L$6:$L$305,Muestreo!$B$6:$B$305,A14)) | J14: =IF(N(D14)<2,"",SQRT(SUMIFS(Muestreo!$U$6:$U$305,Muestreo!$B$6:$B$305,A14)/(D14-1))) | K14: =IF(N(D14)=0,"",EXP(AVERAGEIFS(Muestreo!$S$6:$S$305,Muestreo!$B$6:$B$305,A14))) | L14: =IF(N(D14)<2,"",EXP(SQRT(SUMIFS(Muestreo!$T$6:$T$305,Muestreo!$B$6:$B$305,A14)/IF(Agentes!$C$15="n",D14,D14-1)))) | M14: =IF(N(D14)=0,"",SUMIFS(Muestreo!$V$6:$V$305,Muestreo!$B$6:$B$305,A14)/D14) | N14: =IF(A14="","",GES!U14) | O14: =IF(OR(I14="",N(N14)=0),"",I14/N14) | P14: =IF(OR(K14="",N(N14)=0),"",K14/N14) | Q14: =IF(B14="","",IFERROR(INDEX(Agentes!$G$6:$G$12,MATCH(B14,Agentes!$A$6:$A$12,0)),"")) | R14: =IF(L14="",IF(N(D14)=1,"n = 1: no se calcula DEG",""),IF(L14<=T14,IF(LEFT(Q14,3)="Res","Mantener GES","GES aceptable"),IF(LEFT(Q14,3)="Res","Revisar conformación del GES (DEG > 2,5)","GES no aceptable (DEG > 2,0): revise oficios"))) | S14: =IF(Q14="","",IF(LEFT(Q14,3)="Res",P14,O14)) | T14: =IF(Q14="","",IF(LEFT(Q14,3)="Res",2.5,2)) | U14: =IF(OR(A14="",S14=""),IF(A14="","","Sin datos"),IF(S14>1,"Sobreexposición",IF(LEFT(Q14,3)="Res",IF(S14<=0.5,"Controlada","Fuera de control – precaución"),IF(S14<0.5,"Controlada","Fuera de control – precaución")))) | V14: =IF(N(S14)=0,"",IF(S14>=1,5,IF(M14>0,4,IF(S14>=0.5,3,IF(S14>=0.1,2,1))))) | W14: =IF(V14="","",CHOOSE(V14,"De 3 a 5 años","De 1 a 3 años","De 3 meses a 1 año","De 1 a 3 meses","Evaluación continua")) | X14: =IF(OR(P14="",LEFT(B14,3)<>"SIL"),IF(A14="","","N/A"),IF(P14<=0.5,"Cada 3 años","Anual")) | Y14: =IF(OR(A14="",S14=""),"",IF(LEFT(B14,3)="SIL",IF(S14>=0.5,"SVE específico (≥ nivel de acción)","Seguimiento general de salud"),IF(B14="PNOS","Según criterio médico",IF(S14>=0.5,"SVE – prioritario (CR ≥ 0,5)","SVE – todos los expuestos (GATI 7.3.1)")))) | Z14: =IF(L14="","",K14*L14^1.645) | AA14: =IF(LEFT(B14,3)<>"CAR","",IFERROR(AVERAGEIFS(Muestreo!$N$6:$N$305,Muestreo!$B$6:$B$305,A14),"")) | AB14: =IF(OR(AA14="",GES!T14=""),"",AA14/(INDEX(Agentes!$F$6:$F$12,MATCH("SIL-Q",Agentes!$A$6:$A$12,0))*GES!T14)) | AC14: =IF(AB14="","",IF(AB14>1,"Cuarzo sobre TLV: gestionar también como sílice",IF(AB14>=0.5,"Cuarzo ≥ nivel de acción","Cuarzo controlado")))
A15: =IF(GES!A15="","",GES!A15) | B15: =IF(A15="","",GES!E15) | C15: =IF(A15="","",GES!V15) | D15: =IF(A15="","",COUNTIFS(Muestreo!$B$6:$B$305,A15,Muestreo!$L$6:$L$305,">0")) | E15: =IF(A15="","",GES!O15) | F15: =IF(A15="","",IF(D15=0,"Sin muestras",IF(D15>=E15,"Suficiente","Insuficiente (<"&E15&")"))) | G15: =IF(N(D15)=0,"",_xlfn.MINIFS(Muestreo!$L$6:$L$305,Muestreo!$B$6:$B$305,A15)) | H15: =IF(N(D15)=0,"",_xlfn.MAXIFS(Muestreo!$L$6:$L$305,Muestreo!$B$6:$B$305,A15)) | I15: =IF(N(D15)=0,"",AVERAGEIFS(Muestreo!$L$6:$L$305,Muestreo!$B$6:$B$305,A15)) | J15: =IF(N(D15)<2,"",SQRT(SUMIFS(Muestreo!$U$6:$U$305,Muestreo!$B$6:$B$305,A15)/(D15-1))) | K15: =IF(N(D15)=0,"",EXP(AVERAGEIFS(Muestreo!$S$6:$S$305,Muestreo!$B$6:$B$305,A15))) | L15: =IF(N(D15)<2,"",EXP(SQRT(SUMIFS(Muestreo!$T$6:$T$305,Muestreo!$B$6:$B$305,A15)/IF(Agentes!$C$15="n",D15,D15-1)))) | M15: =IF(N(D15)=0,"",SUMIFS(Muestreo!$V$6:$V$305,Muestreo!$B$6:$B$305,A15)/D15) | N15: =IF(A15="","",GES!U15) | O15: =IF(OR(I15="",N(N15)=0),"",I15/N15) | P15: =IF(OR(K15="",N(N15)=0),"",K15/N15) | Q15: =IF(B15="","",IFERROR(INDEX(Agentes!$G$6:$G$12,MATCH(B15,Agentes!$A$6:$A$12,0)),"")) | R15: =IF(L15="",IF(N(D15)=1,"n = 1: no se calcula DEG",""),IF(L15<=T15,IF(LEFT(Q15,3)="Res","Mantener GES","GES aceptable"),IF(LEFT(Q15,3)="Res","Revisar conformación del GES (DEG > 2,5)","GES no aceptable (DEG > 2,0): revise oficios"))) | S15: =IF(Q15="","",IF(LEFT(Q15,3)="Res",P15,O15)) | T15: =IF(Q15="","",IF(LEFT(Q15,3)="Res",2.5,2)) | U15: =IF(OR(A15="",S15=""),IF(A15="","","Sin datos"),IF(S15>1,"Sobreexposición",IF(LEFT(Q15,3)="Res",IF(S15<=0.5,"Controlada","Fuera de control – precaución"),IF(S15<0.5,"Controlada","Fuera de control – precaución")))) | V15: =IF(N(S15)=0,"",IF(S15>=1,5,IF(M15>0,4,IF(S15>=0.5,3,IF(S15>=0.1,2,1))))) | W15: =IF(V15="","",CHOOSE(V15,"De 3 a 5 años","De 1 a 3 años","De 3 meses a 1 año","De 1 a 3 meses","Evaluación continua")) | X15: =IF(OR(P15="",LEFT(B15,3)<>"SIL"),IF(A15="","","N/A"),IF(P15<=0.5,"Cada 3 años","Anual")) | Y15: =IF(OR(A15="",S15=""),"",IF(LEFT(B15,3)="SIL",IF(S15>=0.5,"SVE específico (≥ nivel de acción)","Seguimiento general de salud"),IF(B15="PNOS","Según criterio médico",IF(S15>=0.5,"SVE – prioritario (CR ≥ 0,5)","SVE – todos los expuestos (GATI 7.3.1)")))) | Z15: =IF(L15="","",K15*L15^1.645) | AA15: =IF(LEFT(B15,3)<>"CAR","",IFERROR(AVERAGEIFS(Muestreo!$N$6:$N$305,Muestreo!$B$6:$B$305,A15),"")) | AB15: =IF(OR(AA15="",GES!T15=""),"",AA15/(INDEX(Agentes!$F$6:$F$12,MATCH("SIL-Q",Agentes!$A$6:$A$12,0))*GES!T15)) | AC15: =IF(AB15="","",IF(AB15>1,"Cuarzo sobre TLV: gestionar también como sílice",IF(AB15>=0.5,"Cuarzo ≥ nivel de acción","Cuarzo controlado")))
A16: =IF(GES!A16="","",GES!A16) | B16: =IF(A16="","",GES!E16) | C16: =IF(A16="","",GES!V16) | D16: =IF(A16="","",COUNTIFS(Muestreo!$B$6:$B$305,A16,Muestreo!$L$6:$L$305,">0")) | E16: =IF(A16="","",GES!O16) | F16: =IF(A16="","",IF(D16=0,"Sin muestras",IF(D16>=E16,"Suficiente","Insuficiente (<"&E16&")"))) | G16: =IF(N(D16)=0,"",_xlfn.MINIFS(Muestreo!$L$6:$L$305,Muestreo!$B$6:$B$305,A16)) | H16: =IF(N(D16)=0,"",_xlfn.MAXIFS(Muestreo!$L$6:$L$305,Muestreo!$B$6:$B$305,A16)) | I16: =IF(N(D16)=0,"",AVERAGEIFS(Muestreo!$L$6:$L$305,Muestreo!$B$6:$B$305,A16)) | J16: =IF(N(D16)<2,"",SQRT(SUMIFS(Muestreo!$U$6:$U$305,Muestreo!$B$6:$B$305,A16)/(D16-1))) | K16: =IF(N(D16)=0,"",EXP(AVERAGEIFS(Muestreo!$S$6:$S$305,Muestreo!$B$6:$B$305,A16))) | L16: =IF(N(D16)<2,"",EXP(SQRT(SUMIFS(Muestreo!$T$6:$T$305,Muestreo!$B$6:$B$305,A16)/IF(Agentes!$C$15="n",D16,D16-1)))) | M16: =IF(N(D16)=0,"",SUMIFS(Muestreo!$V$6:$V$305,Muestreo!$B$6:$B$305,A16)/D16) | N16: =IF(A16="","",GES!U16) | O16: =IF(OR(I16="",N(N16)=0),"",I16/N16) | P16: =IF(OR(K16="",N(N16)=0),"",K16/N16) | Q16: =IF(B16="","",IFERROR(INDEX(Agentes!$G$6:$G$12,MATCH(B16,Agentes!$A$6:$A$12,0)),"")) | R16: =IF(L16="",IF(N(D16)=1,"n = 1: no se calcula DEG",""),IF(L16<=T16,IF(LEFT(Q16,3)="Res","Mantener GES","GES aceptable"),IF(LEFT(Q16,3)="Res","Revisar conformación del GES (DEG > 2,5)","GES no aceptable (DEG > 2,0): revise oficios"))) | S16: =IF(Q16="","",IF(LEFT(Q16,3)="Res",P16,O16)) | T16: =IF(Q16="","",IF(LEFT(Q16,3)="Res",2.5,2)) | U16: =IF(OR(A16="",S16=""),IF(A16="","","Sin datos"),IF(S16>1,"Sobreexposición",IF(LEFT(Q16,3)="Res",IF(S16<=0.5,"Controlada","Fuera de control – precaución"),IF(S16<0.5,"Controlada","Fuera de control – precaución")))) | V16: =IF(N(S16)=0,"",IF(S16>=1,5,IF(M16>0,4,IF(S16>=0.5,3,IF(S16>=0.1,2,1))))) | W16: =IF(V16="","",CHOOSE(V16,"De 3 a 5 años","De 1 a 3 años","De 3 meses a 1 año","De 1 a 3 meses","Evaluación continua")) | X16: =IF(OR(P16="",LEFT(B16,3)<>"SIL"),IF(A16="","","N/A"),IF(P16<=0.5,"Cada 3 años","Anual")) | Y16: =IF(OR(A16="",S16=""),"",IF(LEFT(B16,3)="SIL",IF(S16>=0.5,"SVE específico (≥ nivel de acción)","Seguimiento general de salud"),IF(B16="PNOS","Según criterio médico",IF(S16>=0.5,"SVE – prioritario (CR ≥ 0,5)","SVE – todos los expuestos (GATI 7.3.1)")))) | Z16: =IF(L16="","",K16*L16^1.645) | AA16: =IF(LEFT(B16,3)<>"CAR","",IFERROR(AVERAGEIFS(Muestreo!$N$6:$N$305,Muestreo!$B$6:$B$305,A16),"")) | AB16: =IF(OR(AA16="",GES!T16=""),"",AA16/(INDEX(Agentes!$F$6:$F$12,MATCH("SIL-Q",Agentes!$A$6:$A$12,0))*GES!T16)) | AC16: =IF(AB16="","",IF(AB16>1,"Cuarzo sobre TLV: gestionar también como sílice",IF(AB16>=0.5,"Cuarzo ≥ nivel de acción","Cuarzo controlado")))
A17: =IF(GES!A17="","",GES!A17) | B17: =IF(A17="","",GES!E17) | C17: =IF(A17="","",GES!V17) | D17: =IF(A17="","",COUNTIFS(Muestreo!$B$6:$B$305,A17,Muestreo!$L$6:$L$305,">0")) | E17: =IF(A17="","",GES!O17) | F17: =IF(A17="","",IF(D17=0,"Sin muestras",IF(D17>=E17,"Suficiente","Insuficiente (<"&E17&")"))) | G17: =IF(N(D17)=0,"",_xlfn.MINIFS(Muestreo!$L$6:$L$305,Muestreo!$B$6:$B$305,A17)) | H17: =IF(N(D17)=0,"",_xlfn.MAXIFS(Muestreo!$L$6:$L$305,Muestreo!$B$6:$B$305,A17)) | I17: =IF(N(D17)=0,"",AVERAGEIFS(Muestreo!$L$6:$L$305,Muestreo!$B$6:$B$305,A17)) | J17: =IF(N(D17)<2,"",SQRT(SUMIFS(Muestreo!$U$6:$U$305,Muestreo!$B$6:$B$305,A17)/(D17-1))) | K17: =IF(N(D17)=0,"",EXP(AVERAGEIFS(Muestreo!$S$6:$S$305,Muestreo!$B$6:$B$305,A17))) | L17: =IF(N(D17)<2,"",EXP(SQRT(SUMIFS(Muestreo!$T$6:$T$305,Muestreo!$B$6:$B$305,A17)/IF(Agentes!$C$15="n",D17,D17-1)))) | M17: =IF(N(D17)=0,"",SUMIFS(Muestreo!$V$6:$V$305,Muestreo!$B$6:$B$305,A17)/D17) | N17: =IF(A17="","",GES!U17) | O17: =IF(OR(I17="",N(N17)=0),"",I17/N17) | P17: =IF(OR(K17="",N(N17)=0),"",K17/N17) | Q17: =IF(B17="","",IFERROR(INDEX(Agentes!$G$6:$G$12,MATCH(B17,Agentes!$A$6:$A$12,0)),"")) | R17: =IF(L17="",IF(N(D17)=1,"n = 1: no se calcula DEG",""),IF(L17<=T17,IF(LEFT(Q17,3)="Res","Mantener GES","GES aceptable"),IF(LEFT(Q17,3)="Res","Revisar conformación del GES (DEG > 2,5)","GES no aceptable (DEG > 2,0): revise oficios"))) | S17: =IF(Q17="","",IF(LEFT(Q17,3)="Res",P17,O17)) | T17: =IF(Q17="","",IF(LEFT(Q17,3)="Res",2.5,2)) | U17: =IF(OR(A17="",S17=""),IF(A17="","","Sin datos"),IF(S17>1,"Sobreexposición",IF(LEFT(Q17,3)="Res",IF(S17<=0.5,"Controlada","Fuera de control – precaución"),IF(S17<0.5,"Controlada","Fuera de control – precaución")))) | V17: =IF(N(S17)=0,"",IF(S17>=1,5,IF(M17>0,4,IF(S17>=0.5,3,IF(S17>=0.1,2,1))))) | W17: =IF(V17="","",CHOOSE(V17,"De 3 a 5 años","De 1 a 3 años","De 3 meses a 1 año","De 1 a 3 meses","Evaluación continua")) | X17: =IF(OR(P17="",LEFT(B17,3)<>"SIL"),IF(A17="","","N/A"),IF(P17<=0.5,"Cada 3 años","Anual")) | Y17: =IF(OR(A17="",S17=""),"",IF(LEFT(B17,3)="SIL",IF(S17>=0.5,"SVE específico (≥ nivel de acción)","Seguimiento general de salud"),IF(B17="PNOS","Según criterio médico",IF(S17>=0.5,"SVE – prioritario (CR ≥ 0,5)","SVE – todos los expuestos (GATI 7.3.1)")))) | Z17: =IF(L17="","",K17*L17^1.645) | AA17: =IF(LEFT(B17,3)<>"CAR","",IFERROR(AVERAGEIFS(Muestreo!$N$6:$N$305,Muestreo!$B$6:$B$305,A17),"")) | AB17: =IF(OR(AA17="",GES!T17=""),"",AA17/(INDEX(Agentes!$F$6:$F$12,MATCH("SIL-Q",Agentes!$A$6:$A$12,0))*GES!T17)) | AC17: =IF(AB17="","",IF(AB17>1,"Cuarzo sobre TLV: gestionar también como sílice",IF(AB17>=0.5,"Cuarzo ≥ nivel de acción","Cuarzo controlado")))
... A25: =IF(GES!A25="","",GES!A25) | B25: =IF(A25="","",GES!E25) | C25: =IF(A25="","",GES!V25) | D25: =IF(A25="","",COUNTIFS(Muestreo!$B$6:$B$305,A25,Muestreo!$L$6:$L$305,">0")) | E25: =IF(A25="","",GES!O25) | F25: =IF(A25="","",IF(D25=0,"Sin muestras",IF(D25>=E25,"Suficiente","Insuficiente (<"&E25&")"))) | G25: =IF(N(D25)=0,"",_xlfn.MINIFS(Muestreo!$L$6:$L$305,Muestreo!$B$6:$B$305,A25)) | H25: =IF(N(D25)=0,"",_xlfn.MAXIFS(Muestreo!$L$6:$L$305,Muestreo!$B$6:$B$305,A25)) | I25: =IF(N(D25)=0,"",AVERAGEIFS(Muestreo!$L$6:$L$305,Muestreo!$B$6:$B$305,A25)) | J25: =IF(N(D25)<2,"",SQRT(SUMIFS(Muestreo!$U$6:$U$305,Muestreo!$B$6:$B$305,A25)/(D25-1))) | K25: =IF(N(D25)=0,"",EXP(AVERAGEIFS(Muestreo!$S$6:$S$305,Muestreo!$B$6:$B$305,A25))) | L25: =IF(N(D25)<2,"",EXP(SQRT(SUMIFS(Muestreo!$T$6:$T$305,Muestreo!$B$6:$B$305,A25)/IF(Agentes!$C$15="n",D25,D25-1)))) | M25: =IF(N(D25)=0,"",SUMIFS(Muestreo!$V$6:$V$305,Muestreo!$B$6:$B$305,A25)/D25) | N25: =IF(A25="","",GES!U25) | O25: =IF(OR(I25="",N(N25)=0),"",I25/N25) | P25: =IF(OR(K25="",N(N25)=0),"",K25/N25) | Q25: =IF(B25="","",IFERROR(INDEX(Agentes!$G$6:$G$12,MATCH(B25,Agentes!$A$6:$A$12,0)),"")) | R25: =IF(L25="",IF(N(D25)=1,"n = 1: no se calcula DEG",""),IF(L25<=T25,IF(LEFT(Q25,3)="Res","Mantener GES","GES aceptable"),IF(LEFT(Q25,3)="Res","Revisar conformación del GES (DEG > 2,5)","GES no aceptable (DEG > 2,0): revise oficios"))) | S25: =IF(Q25="","",IF(LEFT(Q25,3)="Res",P25,O25)) | T25: =IF(Q25="","",IF(LEFT(Q25,3)="Res",2.5,2)) | U25: =IF(OR(A25="",S25=""),IF(A25="","","Sin datos"),IF(S25>1,"Sobreexposición",IF(LEFT(Q25,3)="Res",IF(S25<=0.5,"Controlada","Fuera de control – precaución"),IF(S25<0.5,"Controlada","Fuera de control – precaución")))) | V25: =IF(N(S25)=0,"",IF(S25>=1,5,IF(M25>0,4,IF(S25>=0.5,3,IF(S25>=0.1,2,1))))) | W25: =IF(V25="","",CHOOSE(V25,"De 3 a 5 años","De 1 a 3 años","De 3 meses a 1 año","De 1 a 3 meses","Evaluación continua")) | X25: =IF(OR(P25="",LEFT(B25,3)<>"SIL"),IF(A25="","","N/A"),IF(P25<=0.5,"Cada 3 años","Anual")) | Y25: =IF(OR(A25="",S25=""),"",IF(LEFT(B25,3)="SIL",IF(S25>=0.5,"SVE específico (≥ nivel de acción)","Seguimiento general de salud"),IF(B25="PNOS","Según criterio médico",IF(S25>=0.5,"SVE – prioritario (CR ≥ 0,5)","SVE – todos los expuestos (GATI 7.3.1)")))) | Z25: =IF(L25="","",K25*L25^1.645) | AA25: =IF(LEFT(B25,3)<>"CAR","",IFERROR(AVERAGEIFS(Muestreo!$N$6:$N$305,Muestreo!$B$6:$B$305,A25),"")) | AB25: =IF(OR(AA25="",GES!T25=""),"",AA25/(INDEX(Agentes!$F$6:$F$12,MATCH("SIL-Q",Agentes!$A$6:$A$12,0))*GES!T25)) | AC25: =IF(AB25="","",IF(AB25>1,"Cuarzo sobre TLV: gestionar también como sílice",IF(AB25>=0.5,"Cuarzo ≥ nivel de acción","Cuarzo controlado")))

Sheet Plan de Control
A1: 5. Plan de Control por GES
A2: Recomendaciones automáticas según agente y clasificación (códigos B## en la Biblioteca). Diligencie las medidas adoptadas, responsables y seguimiento.
A3: NeumoRisk V1 · Sílice cristalina, carbón y asbesto · SCHO · Celdas amarillas con texto azul = datos a diligenciar; celdas grises = cálculo automático (no editar).
A5: Código GES | B5: Agente | C5: Clasificación | D5: Grado | E5: Prioridad | F5: Medidas recomendadas (automático) | G5: Medida(s) adoptada(s) | H5: Jerarquía | I5: Responsable | J5: Fecha compromiso | K5: Estado | L5: Verificación de eficacia (remuestreo) | M5: Observaciones
A6: =Estadística!A6 -> G01 | B6: =Estadística!B6 -> SIL-Q | C6: =Estadística!U6 -> Sobreexposición | D6: =Estadística!V6 -> 5 | E6: =IF(A6="","",IF(D6="","Evaluar",CHOOSE(D6,"Mantener","Mantener y reevaluar","Media (≤ 3–12 meses)","Alta (≤ 1–3 meses)","Inmediata"))) -> Inmediata | F6: =IF(A6="","",IF(C6="Sin datos","Realizar evaluación cuantitativa con 6 a 10 muestras personales (GATI 7.2.1).",IFERROR(INDEX(Biblioteca!$J$6:$J$17,MATCH(LEFT(B6,3)&"|"&C6,Biblioteca!$I$6:$I$17,0)),""))) -> Control inmediato: evaluar sustitución (B01–B02), encerramiento y LEV (B03–B04), humectación o herramientas con agua/aspiración (B05–B06), cabinas (B07). Mientras tanto reducir tiempos (B17), demarcar (B18) y protección respiratoria según factor requerido (hoja Protección Respiratoria). Ingreso prioritario al SVE. | G6: Instalar LEV en puntos de transferencia y aspersión continua en tolva | H6: Ingeniería – fuente | I6: Jefe de planta | J6: 46371 | K6: En curso | L6: Remuestreo 6 muestras en ene-2027
A7: =Estadística!A7 -> G02 | B7: =Estadística!B7 -> SIL-Q | C7: =Estadística!U7 -> Fuera de control – precaución | D7: =Estadística!V7 -> 3 | E7: =IF(A7="","",IF(D7="","Evaluar",CHOOSE(D7,"Mantener","Mantener y reevaluar","Media (≤ 3–12 meses)","Alta (≤ 1–3 meses)","Inmediata"))) -> Media (≤ 3–12 meses) | F7: =IF(A7="","",IF(C7="Sin datos","Realizar evaluación cuantitativa con 6 a 10 muestras personales (GATI 7.2.1).",IFERROR(INDEX(Biblioteca!$J$6:$J$17,MATCH(LEFT(B7,3)&"|"&C7,Biblioteca!$I$6:$I$17,0)),""))) -> Nivel de acción alcanzado: ingresar al SVE específico. Priorizar humectación y LEV en la fuente (B04–B06); verificar desempeño de la ventilación (B23); orden y aseo sin barrido en seco (B14); protección respiratoria P100/FFP3 complementaria (B24–B25).
A8: =Estadística!A8 -> G03 | B8: =Estadística!B8 -> SIL-Q | C8: =Estadística!U8 -> Fuera de control – precaución | D8: =Estadística!V8 -> 4 | E8: =IF(A8="","",IF(D8="","Evaluar",CHOOSE(D8,"Mantener","Mantener y reevaluar","Media (≤ 3–12 meses)","Alta (≤ 1–3 meses)","Inmediata"))) -> Alta (≤ 1–3 meses) | F8: =IF(A8="","",IF(C8="Sin datos","Realizar evaluación cuantitativa con 6 a 10 muestras personales (GATI 7.2.1).",IFERROR(INDEX(Biblioteca!$J$6:$J$17,MATCH(LEFT(B8,3)&"|"&C8,Biblioteca!$I$6:$I$17,0)),""))) -> Nivel de acción alcanzado: ingresar al SVE específico. Priorizar humectación y LEV en la fuente (B04–B06); verificar desempeño de la ventilación (B23); orden y aseo sin barrido en seco (B14); protección respiratoria P100/FFP3 complementaria (B24–B25).
A9: =Estadística!A9 -> G04 | B9: =Estadística!B9 -> CAR-B | C9: =Estadística!U9 -> Sobreexposición | D9: =Estadística!V9 -> 5 | E9: =IF(A9="","",IF(D9="","Evaluar",CHOOSE(D9,"Mantener","Mantener y reevaluar","Media (≤ 3–12 meses)","Alta (≤ 1–3 meses)","Inmediata"))) -> Inmediata | F9: =IF(A9="","",IF(C9="Sin datos","Realizar evaluación cuantitativa con 6 a 10 muestras personales (GATI 7.2.1).",IFERROR(INDEX(Biblioteca!$J$6:$J$17,MATCH(LEFT(B9,3)&"|"&C9,Biblioteca!$I$6:$I$17,0)),""))) -> Control inmediato: rediseño de ventilación (B08), sistemas de supresión en minadores y bandas (B09), humectación (B05), cabinas presurizadas (B07). Reducir exposición (B17). Protección respiratoria según factor requerido. Evaluar cuarzo como agente adicional. | G9: Rediseño del circuito de ventilación y aspersión en frente de arranque | H9: Ingeniería – medio | I9: Ingeniero de minas | J9: 46356 | K9: Pendiente | L9: Remuestreo trimestral
A10: =Estadística!A10 -> G05 | B10: =Estadística!B10 -> CAR-B | C10: =Estadística!U10 -> Controlada | D10: =Estadística!V10 -> 2 | E10: =IF(A10="","",IF(D10="","Evaluar",CHOOSE(D10,"Mantener","Mantener y reevaluar","Media (≤ 3–12 meses)","Alta (≤ 1–3 meses)","Inmediata"))) -> Mantener y reevaluar | F10: =IF(A10="","",IF(C10="Sin datos","Realizar evaluación cuantitativa con 6 a 10 muestras personales (GATI 7.2.1).",IFERROR(INDEX(Biblioteca!$J$6:$J$17,MATCH(LEFT(B10,3)&"|"&C10,Biblioteca!$I$6:$I$17,0)),""))) -> Mantener ventilación principal y humectación. Verificar contenido de cuarzo en las muestras (NIOSH 7500). Capacitación y programa antitabaco (B20–B21).
A11: =Estadística!A11 -> G06 | B11: =Estadística!B11 -> ASB | C11: =Estadística!U11 -> Fuera de control – precaución | D11: =Estadística!V11 -> 4 | E11: =IF(A11="","",IF(D11="","Evaluar",CHOOSE(D11,"Mantener","Mantener y reevaluar","Media (≤ 3–12 meses)","Alta (≤ 1–3 meses)","Inmediata"))) -> Alta (≤ 1–3 meses) | F11: =IF(A11="","",IF(C11="Sin datos","Realizar evaluación cuantitativa con 6 a 10 muestras personales (GATI 7.2.1).",IFERROR(INDEX(Biblioteca!$J$6:$J$17,MATCH(LEFT(B11,3)&"|"&C11,Biblioteca!$I$6:$I$17,0)),""))) -> Confinar la zona y extraer con HEPA (B11, B13); trabajo húmedo (B12); prohibir barrido en seco y aire comprimido (B14); ropa exclusiva y ducha (B19); respirador elastomérico P100 como mínimo (B26). | G11: Suspender retiro en seco; confinar zona con presión negativa y HEPA; ropa exclusiva y ducha | H11: Ingeniería – medio | I11: Coordinador SST | J11: 46325 | K11: En curso | L11: Medición de fibras en cada intervención
A12: =Estadística!A12 | B12: =Estadística!B12 | C12: =Estadística!U12 | D12: =Estadística!V12 | E12: =IF(A12="","",IF(D12="","Evaluar",CHOOSE(D12,"Mantener","Mantener y reevaluar","Media (≤ 3–12 meses)","Alta (≤ 1–3 meses)","Inmediata"))) | F12: =IF(A12="","",IF(C12="Sin datos","Realizar evaluación cuantitativa con 6 a 10 muestras personales (GATI 7.2.1).",IFERROR(INDEX(Biblioteca!$J$6:$J$17,MATCH(LEFT(B12,3)&"|"&C12,Biblioteca!$I$6:$I$17,0)),"")))
A13: =Estadística!A13 | B13: =Estadística!B13 | C13: =Estadística!U13 | D13: =Estadística!V13 | E13: =IF(A13="","",IF(D13="","Evaluar",CHOOSE(D13,"Mantener","Mantener y reevaluar","Media (≤ 3–12 meses)","Alta (≤ 1–3 meses)","Inmediata"))) | F13: =IF(A13="","",IF(C13="Sin datos","Realizar evaluación cuantitativa con 6 a 10 muestras personales (GATI 7.2.1).",IFERROR(INDEX(Biblioteca!$J$6:$J$17,MATCH(LEFT(B13,3)&"|"&C13,Biblioteca!$I$6:$I$17,0)),"")))
A14: =Estadística!A14 | B14: =Estadística!B14 | C14: =Estadística!U14 | D14: =Estadística!V14 | E14: =IF(A14="","",IF(D14="","Evaluar",CHOOSE(D14,"Mantener","Mantener y reevaluar","Media (≤ 3–12 meses)","Alta (≤ 1–3 meses)","Inmediata"))) | F14: =IF(A14="","",IF(C14="Sin datos","Realizar evaluación cuantitativa con 6 a 10 muestras personales (GATI 7.2.1).",IFERROR(INDEX(Biblioteca!$J$6:$J$17,MATCH(LEFT(B14,3)&"|"&C14,Biblioteca!$I$6:$I$17,0)),"")))
A15: =Estadística!A15 | B15: =Estadística!B15 | C15: =Estadística!U15 | D15: =Estadística!V15 | E15: =IF(A15="","",IF(D15="","Evaluar",CHOOSE(D15,"Mantener","Mantener y reevaluar","Media (≤ 3–12 meses)","Alta (≤ 1–3 meses)","Inmediata"))) | F15: =IF(A15="","",IF(C15="Sin datos","Realizar evaluación cuantitativa con 6 a 10 muestras personales (GATI 7.2.1).",IFERROR(INDEX(Biblioteca!$J$6:$J$17,MATCH(LEFT(B15,3)&"|"&C15,Biblioteca!$I$6:$I$17,0)),"")))
A16: =Estadística!A16 | B16: =Estadística!B16 | C16: =Estadística!U16 | D16: =Estadística!V16 | E16: =IF(A16="","",IF(D16="","Evaluar",CHOOSE(D16,"Mantener","Mantener y reevaluar","Media (≤ 3–12 meses)","Alta (≤ 1–3 meses)","Inmediata"))) | F16: =IF(A16="","",IF(C16="Sin datos","Realizar evaluación cuantitativa con 6 a 10 muestras personales (GATI 7.2.1).",IFERROR(INDEX(Biblioteca!$J$6:$J$17,MATCH(LEFT(B16,3)&"|"&C16,Biblioteca!$I$6:$I$17,0)),"")))
A17: =Estadística!A17 | B17: =Estadística!B17 | C17: =Estadística!U17 | D17: =Estadística!V17 | E17: =IF(A17="","",IF(D17="","Evaluar",CHOOSE(D17,"Mantener","Mantener y reevaluar","Media (≤ 3–12 meses)","Alta (≤ 1–3 meses)","Inmediata"))) | F17: =IF(A17="","",IF(C17="Sin datos","Realizar evaluación cuantitativa con 6 a 10 muestras personales (GATI 7.2.1).",IFERROR(INDEX(Biblioteca!$J$6:$J$17,MATCH(LEFT(B17,3)&"|"&C17,Biblioteca!$I$6:$I$17,0)),"")))
A18: =Estadística!A18 | B18: =Estadística!B18 | C18: =Estadística!U18 | D18: =Estadística!V18 | E18: =IF(A18="","",IF(D18="","Evaluar",CHOOSE(D18,"Mantener","Mantener y reevaluar","Media (≤ 3–12 meses)","Alta (≤ 1–3 meses)","Inmediata"))) | F18: =IF(A18="","",IF(C18="Sin datos","Realizar evaluación cuantitativa con 6 a 10 muestras personales (GATI 7.2.1).",IFERROR(INDEX(Biblioteca!$J$6:$J$17,MATCH(LEFT(B18,3)&"|"&C18,Biblioteca!$I$6:$I$17,0)),"")))
A19: =Estadística!A19 | B19: =Estadística!B19 | C19: =Estadística!U19 | D19: =Estadística!V19 | E19: =IF(A19="","",IF(D19="","Evaluar",CHOOSE(D19,"Mantener","Mantener y reevaluar","Media (≤ 3–12 meses)","Alta (≤ 1–3 meses)","Inmediata"))) | F19: =IF(A19="","",IF(C19="Sin datos","Realizar evaluación cuantitativa con 6 a 10 muestras personales (GATI 7.2.1).",IFERROR(INDEX(Biblioteca!$J$6:$J$17,MATCH(LEFT(B19,3)&"|"&C19,Biblioteca!$I$6:$I$17,0)),"")))
A20: =Estadística!A20 | B20: =Estadística!B20 | C20: =Estadística!U20 | D20: =Estadística!V20 | E20: =IF(A20="","",IF(D20="","Evaluar",CHOOSE(D20,"Mantener","Mantener y reevaluar","Media (≤ 3–12 meses)","Alta (≤ 1–3 meses)","Inmediata"))) | F20: =IF(A20="","",IF(C20="Sin datos","Realizar evaluación cuantitativa con 6 a 10 muestras personales (GATI 7.2.1).",IFERROR(INDEX(Biblioteca!$J$6:$J$17,MATCH(LEFT(B20,3)&"|"&C20,Biblioteca!$I$6:$I$17,0)),"")))
A21: =Estadística!A21 | B21: =Estadística!B21 | C21: =Estadística!U21 | D21: =Estadística!V21 | E21: =IF(A21="","",IF(D21="","Evaluar",CHOOSE(D21,"Mantener","Mantener y reevaluar","Media (≤ 3–12 meses)","Alta (≤ 1–3 meses)","Inmediata"))) | F21: =IF(A21="","",IF(C21="Sin datos","Realizar evaluación cuantitativa con 6 a 10 muestras personales (GATI 7.2.1).",IFERROR(INDEX(Biblioteca!$J$6:$J$17,MATCH(LEFT(B21,3)&"|"&C21,Biblioteca!$I$6:$I$17,0)),"")))
A22: =Estadística!A22 | B22: =Estadística!B22 | C22: =Estadística!U22 | D22: =Estadística!V22 | E22: =IF(A22="","",IF(D22="","Evaluar",CHOOSE(D22,"Mantener","Mantener y reevaluar","Media (≤ 3–12 meses)","Alta (≤ 1–3 meses)","Inmediata"))) | F22: =IF(A22="","",IF(C22="Sin datos","Realizar evaluación cuantitativa con 6 a 10 muestras personales (GATI 7.2.1).",IFERROR(INDEX(Biblioteca!$J$6:$J$17,MATCH(LEFT(B22,3)&"|"&C22,Biblioteca!$I$6:$I$17,0)),"")))
A23: =Estadística!A23 | B23: =Estadística!B23 | C23: =Estadística!U23 | D23: =Estadística!V23 | E23: =IF(A23="","",IF(D23="","Evaluar",CHOOSE(D23,"Mantener","Mantener y reevaluar","Media (≤ 3–12 meses)","Alta (≤ 1–3 meses)","Inmediata"))) | F23: =IF(A23="","",IF(C23="Sin datos","Realizar evaluación cuantitativa con 6 a 10 muestras personales (GATI 7.2.1).",IFERROR(INDEX(Biblioteca!$J$6:$J$17,MATCH(LEFT(B23,3)&"|"&C23,Biblioteca!$I$6:$I$17,0)),"")))
... A25: =Estadística!A25 | B25: =Estadística!B25 | C25: =Estadística!U25 | D25: =Estadística!V25 | E25: =IF(A25="","",IF(D25="","Evaluar",CHOOSE(D25,"Mantener","Mantener y reevaluar","Media (≤ 3–12 meses)","Alta (≤ 1–3 meses)","Inmediata"))) | F25: =IF(A25="","",IF(C25="Sin datos","Realizar evaluación cuantitativa con 6 a 10 muestras personales (GATI 7.2.1).",IFERROR(INDEX(Biblioteca!$J$6:$J$17,MATCH(LEFT(B25,3)&"|"&C25,Biblioteca!$I$6:$I$17,0)),"")))

Sheet Biblioteca
A1: Biblioteca de Controles
A2: Jerarquía de controles (Decreto 1072/2015) · GATI-NEUMO 7.2.3–7.2.6 · Guía Técnica 2024 cap. 4–6 · NEPSI · NIOSH IC 9465
A3: NeumoRisk V1 · Sílice cristalina, carbón y asbesto · SCHO · Celdas amarillas con texto azul = datos a diligenciar; celdas grises = cálculo automático (no editar).
A5: Código | B5: Agente | C5: Jerarquía | D5: Medida de control | E5: Aplicación típica | F5: Fuente | I5: Clave (grupo|clasificación) | J5: Recomendación automática para el Plan de Control
A6: B01 | B6: Sílice | C6: Sustitución | D6: Sustituir arena silícea en limpieza abrasiva por granalla metálica, escoria, cáscara de nuez o de cereales, bicarbonato o hielo seco | E6: Sandblasting, limpieza de superficies | F6: GATI-NEUMO 7.2.3 | I6: SIL|Controlada | J6: Mantener controles existentes y orden y aseo con métodos húmedos/HEPA (B14–B15). Capacitación anual (B20). Reevaluar según periodicidad.
A7: B02 | B7: Sílice | C7: Sustitución | D7: Emplear materias primas con menor contenido de sílice cristalina (p. ej. arenas de olivino o cromita en fundición) | E7: Fundición, moldeo, cerámica | F7: NEPSI; Guía Técnica 2024 | I7: SIL|Fuera de control – precaución | J7: Nivel de acción alcanzado: ingresar al SVE específico. Priorizar humectación y LEV en la fuente (B04–B06); verificar desempeño de la ventilación (B23); orden y aseo sin barrido en seco (B14); protección respiratoria P100/FFP3 complementaria (B24–B25).
A8: B03 | B8: Sílice / Carbón | C8: Ingeniería – fuente | D8: Mecanizar y encerrar procesos de trituración, molienda, tamizado y transferencia | E8: Plantas de agregados, molinos, cribas | F8: GATI-NEUMO 7.2.3 | I8: SIL|Sobreexposición | J8: Control inmediato: evaluar sustitución (B01–B02), encerramiento y LEV (B03–B04), humectación o herramientas con agua/aspiración (B05–B06), cabinas (B07). Mientras tanto reducir tiempos (B17), demarcar (B18) y protección respiratoria según factor requerido (hoja Protección Respiratoria). Ingreso prioritario al SVE.
A9: B04 | B9: Sílice / Carbón | C9: Ingeniería – fuente | D9: Ventilación local exhaustiva (LEV) con captación en el punto de generación, diseñada según Manual de Ventilación Industrial ACGIH, con colector de alta eficiencia | E9: Puntos de transferencia, tolvas, mezcladoras, mesas de pulido | F9: GATI-NEUMO 7.2.3; ACGIH IV Manual | I9: CAR|Controlada | J9: Mantener ventilación principal y humectación. Verificar contenido de cuarzo en las muestras (NIOSH 7500). Capacitación y programa antitabaco (B20–B21).
A10: B05 | B10: Sílice / Carbón | C10: Ingeniería – fuente | D10: Humectación: aspersión o niebla de agua en perforación, corte, transporte y vías; perforación con inyección de agua | E10: Minería, construcción, canteras | F10: GATI-NEUMO 7.2.3; NIOSH IC 9465 | I10: CAR|Fuera de control – precaución | J10: Reforzar ventilación principal (B08), aspersión en corte y transporte (B05, B09), cabinas (B07). Verificar el cuarzo de la muestra. Protección respiratoria complementaria (B24). Vigilancia médica (GATI 7.3.2).
A11: B06 | B11: Sílice | C11: Ingeniería – fuente | D11: Herramientas eléctricas con suministro integrado de agua o con aspiración incorporada (cubierta + aspiradora HEPA) | E11: Corte, desbaste, perforación de concreto, ladrillo, piedra | F11: OSHA 1926.1153 Tabla 1; NEPSI | I11: CAR|Sobreexposición | J11: Control inmediato: rediseño de ventilación (B08), sistemas de supresión en minadores y bandas (B09), humectación (B05), cabinas presurizadas (B07). Reducir exposición (B17). Protección respiratoria según factor requerido. Evaluar cuarzo como agente adicional.
A12: B07 | B12: Sílice / Carbón | C12: Ingeniería – medio | D12: Cabinas cerradas presurizadas y con aire filtrado para operadores de maquinaria pesada y salas de control | E12: Cargadores, perforadoras, salas de mando | F12: NIOSH IC 9465; NEPSI | I12: ASB|Controlada | J12: Mantener prácticas húmedas, aspiración HEPA y ropa/ducha (B12, B14, B19). Inventario y plan de retiro seguro de materiales con asbesto (Ley 1968/2019).
A13: B08 | B13: Sílice / Carbón | C13: Ingeniería – medio | D13: Ventilación general/principal adecuada (minería subterránea) para dilución y arrastre del polvo | E13: Labores subterráneas | F13: Decreto 1886 de 2015 | I13: ASB|Fuera de control – precaución | J13: Confinar la zona y extraer con HEPA (B11, B13); trabajo húmedo (B12); prohibir barrido en seco y aire comprimido (B14); ropa exclusiva y ducha (B19); respirador elastomérico P100 como mínimo (B26).
A14: B09 | B14: Carbón | C14: Ingeniería – fuente | D14: Tambor de corte con aspersores, depuradores (scrubbers) en minadores continuos; control de polvo en bandas | E14: Minería de carbón subterránea | F14: NIOSH IC 9465 | I14: ASB|Sobreexposición | J14: Suspender la tarea hasta implementar confinamiento con presión negativa y HEPA (B13), humectación (B12) y descontaminación (B19). Protección respiratoria según factor requerido (cara completa o PAPR). Medición continua de fibras (GATI 7.2.3).
A15: B10 | B15: Asbesto | C15: Eliminación / Sustitución | D15: No introducir materiales con asbesto; sustituir por fibra de vidrio, fibras sintéticas o celulosa (Ley 1968 de 2019) | E15: Aislamientos, frenos, fibrocemento | F15: GATI-NEUMO 7.2.3; Ley 1968/2019 | I15: PNO|Controlada | J15: Polvo no neumoconiótico (sílice < 1 %, sin asbesto). Mantener controles generales; gestionar en DustRisk.
A16: B11 | B16: Asbesto | C16: Ingeniería – fuente | D16: Máximo encerramiento y LEV; material captado a colectores de alta eficiencia (HEPA) y almacenado en recipientes sellados | E16: Mantenimiento de frenos/embragues, retiro de aislamiento | F16: GATI-NEUMO 7.2.3 | I16: PNO|Fuera de control – precaución | J16: Polvo PNOS: controles de ingeniería generales (B03–B05, B14). Confirmar que la sílice cristalina sea < 1 %.
A17: B12 | B17: Asbesto | C17: Ingeniería – fuente | D17: Procesar y retirar materiales en estado húmedo (humectación con surfactante) para reducir la emisión de fibras | E17: Demolición, remoción de tejas y tanques de fibrocemento | F17: GATI-NEUMO 7.2.3 | I17: PNO|Sobreexposición | J17: Polvo PNOS sobre el TLV: control en la fuente (B03–B05) y protección respiratoria temporal. Confirmar contenido de sílice.
A18: B13 | B18: Asbesto | C18: Ingeniería – medio | D18: Confinamiento con presión negativa de la zona de remoción, unidades de extracción HEPA y esclusas de descontaminación | E18: Remoción de materiales friables | F18: OSHA 1926.1101
A19: B14 | B19: Todos | C19: Administrativo | D19: Prohibir el barrido en seco y el aire comprimido para limpieza; usar aspiración industrial HEPA o métodos húmedos | E19: Orden y aseo, limpieza de equipos y pisos | F19: GATI-NEUMO 7.2.3; Guía Técnica 2024
A20: B15 | B20: Todos | C20: Administrativo | D20: Programa de orden y aseo; evitar acumulación de material en pisos que genere resuspensión | E20: Todas las áreas | F20: GATI-NEUMO 7.2.3
A21: B16 | B21: Todos | C21: Administrativo | D21: Procedimientos de trabajo seguro: trabajar a favor de la corriente de aire, retirarse de zonas contaminadas cuando la tarea lo permita | E21: Operaciones manuales y semimecanizadas | F21: GATI-NEUMO 7.2.3
A22: B17 | B22: Todos | C22: Administrativo | D22: Reducir el tiempo de exposición (rotación) mientras se implementan controles de ingeniería | E22: GES con sobreexposición | F22: Guía Técnica 2024 cap. 4
A23: B18 | B23: Todos | C23: Administrativo | D23: Señalización de advertencia, demarcación de zonas de riesgo y control de acceso | E23: Áreas con perfil moderado o alto | F23: Guía Técnica 2024 cap. 4
A24: B19 | B24: Asbesto | C24: Administrativo | D24: Ropa de trabajo exclusiva, vestidores con casilleros separados (ropa limpia/sucia), ducha obligatoria al final de la jornada; lavado de ropa en la empresa | E24: Toda tarea con asbesto | F24: GATI-NEUMO 7.2.3
A25: B20 | B25: Todos | C25: Administrativo | D25: Programa de capacitación al ingreso y mínimo anual: fuentes, efectos, sinergia con el tabaco, controles, EPP y vigilancia médica | E25: Todos los expuestos | F25: GATI-NEUMO 7.2.6; Guía Técnica 2024 cap. 6
A26: B21 | B26: Todos | C26: Administrativo | D26: Programa antitabaco dentro del SVE | E26: Todos los expuestos | F26: GATI-NEUMO 7.3.2
A27: B22 | B27: Todos | C27: Administrativo | D27: Repetir evaluaciones ambientales ante cambios de proceso, equipos o funciones | E27: Gestión del cambio | F27: GATI-NEUMO 7.2.2 (NIOSH)
A28: B23 | B28: Todos | C28: Administrativo | D28: Mantenimiento preventivo y verificación periódica de sistemas de ventilación y humectación (caudal, velocidad de captura, presión estática) | E28: LEV, colectores, aspersores | F28: ACGIH IV Manual
A29: B24 | B29: Todos | C29: EPP | D29: Programa de protección respiratoria (selección por APF, evaluación médica, pruebas de ajuste, mantenimiento, entrenamiento, registros) | E29: Mientras se implementan controles o como complemento | F29: GATI-NEUMO 7.2.4; Guía Técnica 2024 cap. 5; OSHA 1910.134
... A32: B27 | B32: Todos | C32: EPP | D32: Reemplazo de filtros: cuando se dañen o aumente la resistencia respiratoria; serie N por carga (≈200 mg); serie R una jornada | E32: Usuarios de respiradores purificadores | F32: GATI-NEUMO 7.2.5

Sheet Protección Respiratoria
A1: 6. Selección de protección respiratoria y vida útil de filtros
A2: Medida provisional mientras se implementan controles de ingeniería (GATI 7.2.4). FPR = P95 / TLV ajustado → APF mínimo (OSHA 1910.134). Filtros: eficiencia ≥95 % a 0,3 µm; preferir N/R/P100 o FFP3 (Guía Técnica 2024).
A3: NeumoRisk V1 · Sílice cristalina, carbón y asbesto · SCHO · Celdas amarillas con texto azul = datos a diligenciar; celdas grises = cálculo automático (no editar).
A5: Código GES | B5: Agente | C5: Concentración de referencia (P95 o máx.) | D5: TLV ajustado | E5: Factor de protección requerido (FPR; en carbón incluye el cuarzo) | F5: Respirador mínimo (APF ≥ FPR) | G5: APF | H5: Filtro | I5: Polvo total/respirable en el aire (mg/m³) | J5: Horas de uso por jornada | K5: Nº de filtros del respirador | L5: Carga diaria por filtro (mg) | M5: Reemplazo estimado serie N (jornadas) | N5: Observaciones
A6: =Estadística!A6 -> G01 | B6: =Estadística!B6 -> SIL-Q | C6: =IF(A6="","",IF(Estadística!Z6<>"",Estadística!Z6,Estadística!H6)) -> 0.073247904 | D6: =IF(A6="","",Estadística!N6) -> 0.01953125 | E6: =IF(OR(N(C6)=0,N(D6)=0),"",MAX(C6/D6,IF(AND(LEFT(B6,3)="CAR",N(Estadística!AB6)>0,N(Estadística!I6)>0),Estadística!AB6*C6/Estadística!I6,0))) -> 3.7502927 | F6: =IF(E6="","",IF(E6<=1,"No requerido por concentración; usar si hay picos o tareas no rutinarias",IF(E6<=10,IF(B6="ASB","Media cara elastomérica con filtros P100 (no desechable)","Pieza facial filtrante o media cara elastomérica"),IF(E6<=25,IF(B6="ASB","Cara completa elastomérica P100 o PAPR holgado","PAPR con capucha o careta holgada"),IF(E6<=50,"Cara completa elastomérica P100 o PAPR con media cara",IF(E6<=1000,"PAPR cara completa o línea de aire flujo continuo",IF(E6<=10000,"SCBA a presión positiva","Excede APF disponibles: suspender y controlar en la fuente"))))))) -> Pieza facial filtrante o media cara elastomérica | G6: =IF(E6="","",IF(E6<=1,"—",IF(E6<=10,10,IF(E6<=25,IF(B6="ASB",50,25),IF(E6<=50,50,IF(E6<=1000,1000,IF(E6<=10000,10000,"—"))))))) -> 10 | H6: =IF(A6="","",IF(B6="ASB","P100 (HEPA) – desechar como residuo de asbesto",IF(OR(LEFT(B6,3)="SIL",N(Estadística!AB6)>=0.5),"N100/R100/P100 o FFP3 (≥ N95 mínimo)","N95 o superior; P si hay aceites"))) -> N100/R100/P100 o FFP3 (≥ N95 mínimo) | I6: 0.85 | J6: 8 | K6: 2 | L6: =IF(OR(N(I6)=0,N(J6)=0,N(K6)=0),"",I6*Agentes!$C$16*60*J6/1000/K6) -> 4.284 | M6: =IF(L6="","",IF(B6="ASB","Cambiar al final de cada tarea",ROUNDDOWN(Agentes!$C$17/L6,0))) -> 46 | N6: Polvo respirable total medido por gravimetría (NIOSH 0600)
A7: =Estadística!A7 -> G02 | B7: =Estadística!B7 -> SIL-Q | C7: =IF(A7="","",IF(Estadística!Z7<>"",Estadística!Z7,Estadística!H7)) -> 0.013603059 | D7: =IF(A7="","",Estadística!N7) -> 0.01953125 | E7: =IF(OR(N(C7)=0,N(D7)=0),"",MAX(C7/D7,IF(AND(LEFT(B7,3)="CAR",N(Estadística!AB7)>0,N(Estadística!I7)>0),Estadística!AB7*C7/Estadística!I7,0))) -> 0.6964766 | F7: =IF(E7="","",IF(E7<=1,"No requerido por concentración; usar si hay picos o tareas no rutinarias",IF(E7<=10,IF(B7="ASB","Media cara elastomérica con filtros P100 (no desechable)","Pieza facial filtrante o media cara elastomérica"),IF(E7<=25,IF(B7="ASB","Cara completa elastomérica P100 o PAPR holgado","PAPR con capucha o careta holgada"),IF(E7<=50,"Cara completa elastomérica P100 o PAPR con media cara",IF(E7<=1000,"PAPR cara completa o línea de aire flujo continuo",IF(E7<=10000,"SCBA a presión positiva","Excede APF disponibles: suspender y controlar en la fuente"))))))) -> No requerido por concentración; usar si hay picos o tareas no rutinarias | G7: =IF(E7="","",IF(E7<=1,"—",IF(E7<=10,10,IF(E7<=25,IF(B7="ASB",50,25),IF(E7<=50,50,IF(E7<=1000,1000,IF(E7<=10000,10000,"—"))))))) -> — | H7: =IF(A7="","",IF(B7="ASB","P100 (HEPA) – desechar como residuo de asbesto",IF(OR(LEFT(B7,3)="SIL",N(Estadística!AB7)>=0.5),"N100/R100/P100 o FFP3 (≥ N95 mínimo)","N95 o superior; P si hay aceites"))) -> N100/R100/P100 o FFP3 (≥ N95 mínimo) | I7: 0.4 | J7: 8 | K7: 2 | L7: =IF(OR(N(I7)=0,N(J7)=0,N(K7)=0),"",I7*Agentes!$C$16*60*J7/1000/K7) -> 2.016 | M7: =IF(L7="","",IF(B7="ASB","Cambiar al final de cada tarea",ROUNDDOWN(Agentes!$C$17/L7,0))) -> 99
A8: =Estadística!A8 -> G03 | B8: =Estadística!B8 -> SIL-Q | C8: =IF(A8="","",IF(Estadística!Z8<>"",Estadística!Z8,Estadística!H8)) -> 0.024433136 | D8: =IF(A8="","",Estadística!N8) -> 0.022017045 | E8: =IF(OR(N(C8)=0,N(D8)=0),"",MAX(C8/D8,IF(AND(LEFT(B8,3)="CAR",N(Estadística!AB8)>0,N(Estadística!I8)>0),Estadística!AB8*C8/Estadística!I8,0))) -> 1.1097373 | F8: =IF(E8="","",IF(E8<=1,"No requerido por concentración; usar si hay picos o tareas no rutinarias",IF(E8<=10,IF(B8="ASB","Media cara elastomérica con filtros P100 (no desechable)","Pieza facial filtrante o media cara elastomérica"),IF(E8<=25,IF(B8="ASB","Cara completa elastomérica P100 o PAPR holgado","PAPR con capucha o careta holgada"),IF(E8<=50,"Cara completa elastomérica P100 o PAPR con media cara",IF(E8<=1000,"PAPR cara completa o línea de aire flujo continuo",IF(E8<=10000,"SCBA a presión positiva","Excede APF disponibles: suspender y controlar en la fuente"))))))) -> Pieza facial filtrante o media cara elastomérica | G8: =IF(E8="","",IF(E8<=1,"—",IF(E8<=10,10,IF(E8<=25,IF(B8="ASB",50,25),IF(E8<=50,50,IF(E8<=1000,1000,IF(E8<=10000,10000,"—"))))))) -> 10 | H8: =IF(A8="","",IF(B8="ASB","P100 (HEPA) – desechar como residuo de asbesto",IF(OR(LEFT(B8,3)="SIL",N(Estadística!AB8)>=0.5),"N100/R100/P100 o FFP3 (≥ N95 mínimo)","N95 o superior; P si hay aceites"))) -> N100/R100/P100 o FFP3 (≥ N95 mínimo) | I8: 0.3 | J8: 9 | K8: 2 | L8: =IF(OR(N(I8)=0,N(J8)=0,N(K8)=0),"",I8*Agentes!$C$16*60*J8/1000/K8) -> 1.701 | M8: =IF(L8="","",IF(B8="ASB","Cambiar al final de cada tarea",ROUNDDOWN(Agentes!$C$17/L8,0))) -> 117
A9: =Estadística!A9 -> G04 | B9: =Estadística!B9 -> CAR-B | C9: =IF(A9="","",IF(Estadística!Z9<>"",Estadística!Z9,Estadística!H9)) -> 1.3892735 | D9: =IF(A9="","",Estadística!N9) -> 0.703125 | E9: =IF(OR(N(C9)=0,N(D9)=0),"",MAX(C9/D9,IF(AND(LEFT(B9,3)="CAR",N(Estadística!AB9)>0,N(Estadística!I9)>0),Estadística!AB9*C9/Estadística!I9,0))) -> 3.1805632 | F9: =IF(E9="","",IF(E9<=1,"No requerido por concentración; usar si hay picos o tareas no rutinarias",IF(E9<=10,IF(B9="ASB","Media cara elastomérica con filtros P100 (no desechable)","Pieza facial filtrante o media cara elastomérica"),IF(E9<=25,IF(B9="ASB","Cara completa elastomérica P100 o PAPR holgado","PAPR con capucha o careta holgada"),IF(E9<=50,"Cara completa elastomérica P100 o PAPR con media cara",IF(E9<=1000,"PAPR cara completa o línea de aire flujo continuo",IF(E9<=10000,"SCBA a presión positiva","Excede APF disponibles: suspender y controlar en la fuente"))))))) -> Pieza facial filtrante o media cara elastomérica | G9: =IF(E9="","",IF(E9<=1,"—",IF(E9<=10,10,IF(E9<=25,IF(B9="ASB",50,25),IF(E9<=50,50,IF(E9<=1000,1000,IF(E9<=10000,10000,"—"))))))) -> 10 | H9: =IF(A9="","",IF(B9="ASB","P100 (HEPA) – desechar como residuo de asbesto",IF(OR(LEFT(B9,3)="SIL",N(Estadística!AB9)>=0.5),"N100/R100/P100 o FFP3 (≥ N95 mínimo)","N95 o superior; P si hay aceites"))) -> N100/R100/P100 o FFP3 (≥ N95 mínimo) | I9: 1.05 | J9: 8 | K9: 2 | L9: =IF(OR(N(I9)=0,N(J9)=0,N(K9)=0),"",I9*Agentes!$C$16*60*J9/1000/K9) -> 5.292 | M9: =IF(L9="","",IF(B9="ASB","Cambiar al final de cada tarea",ROUNDDOWN(Agentes!$C$17/L9,0))) -> 37
A10: =Estadística!A10 -> G05 | B10: =Estadística!B10 -> CAR-B | C10: =IF(A10="","",IF(Estadística!Z10<>"",Estadística!Z10,Estadística!H10)) -> 0.36690576 | D10: =IF(A10="","",Estadística!N10) -> 0.703125 | E10: =IF(OR(N(C10)=0,N(D10)=0),"",MAX(C10/D10,IF(AND(LEFT(B10,3)="CAR",N(Estadística!AB10)>0,N(Estadística!I10)>0),Estadística!AB10*C10/Estadística!I10,0))) -> 0.52182152 | F10: =IF(E10="","",IF(E10<=1,"No requerido por concentración; usar si hay picos o tareas no rutinarias",IF(E10<=10,IF(B10="ASB","Media cara elastomérica con filtros P100 (no desechable)","Pieza facial filtrante o media cara elastomérica"),IF(E10<=25,IF(B10="ASB","Cara completa elastomérica P100 o PAPR holgado","PAPR con capucha o careta holgada"),IF(E10<=50,"Cara completa elastomérica P100 o PAPR con media cara",IF(E10<=1000,"PAPR cara completa o línea de aire flujo continuo",IF(E10<=10000,"SCBA a presión positiva","Excede APF disponibles: suspender y controlar en la fuente"))))))) -> No requerido por concentración; usar si hay picos o tareas no rutinarias | G10: =IF(E10="","",IF(E10<=1,"—",IF(E10<=10,10,IF(E10<=25,IF(B10="ASB",50,25),IF(E10<=50,50,IF(E10<=1000,1000,IF(E10<=10000,10000,"—"))))))) -> — | H10: =IF(A10="","",IF(B10="ASB","P100 (HEPA) – desechar como residuo de asbesto",IF(OR(LEFT(B10,3)="SIL",N(Estadística!AB10)>=0.5),"N100/R100/P100 o FFP3 (≥ N95 mínimo)","N95 o superior; P si hay aceites"))) -> N95 o superior; P si hay aceites | I10: 0.27 | J10: 8 | K10: 1 | L10: =IF(OR(N(I10)=0,N(J10)=0,N(K10)=0),"",I10*Agentes!$C$16*60*J10/1000/K10) -> 2.7216 | M10: =IF(L10="","",IF(B10="ASB","Cambiar al final de cada tarea",ROUNDDOWN(Agentes!$C$17/L10,0))) -> 73
A11: =Estadística!A11 -> G06 | B11: =Estadística!B11 -> ASB | C11: =IF(A11="","",IF(Estadística!Z11<>"",Estadística!Z11,Estadística!H11)) -> 0.089395657 | D11: =IF(A11="","",Estadística!N11) -> 0.078125 | E11: =IF(OR(N(C11)=0,N(D11)=0),"",MAX(C11/D11,IF(AND(LEFT(B11,3)="CAR",N(Estadística!AB11)>0,N(Estadística!I11)>0),Estadística!AB11*C11/Estadística!I11,0))) -> 1.1442644 | F11: =IF(E11="","",IF(E11<=1,"No requerido por concentración; usar si hay picos o tareas no rutinarias",IF(E11<=10,IF(B11="ASB","Media cara elastomérica con filtros P100 (no desechable)","Pieza facial filtrante o media cara elastomérica"),IF(E11<=25,IF(B11="ASB","Cara completa elastomérica P100 o PAPR holgado","PAPR con capucha o careta holgada"),IF(E11<=50,"Cara completa elastomérica P100 o PAPR con media cara",IF(E11<=1000,"PAPR cara completa o línea de aire flujo continuo",IF(E11<=10000,"SCBA a presión positiva","Excede APF disponibles: suspender y controlar en la fuente"))))))) -> Media cara elastomérica con filtros P100 (no desechable) | G11: =IF(E11="","",IF(E11<=1,"—",IF(E11<=10,10,IF(E11<=25,IF(B11="ASB",50,25),IF(E11<=50,50,IF(E11<=1000,1000,IF(E11<=10000,10000,"—"))))))) -> 10 | H11: =IF(A11="","",IF(B11="ASB","P100 (HEPA) – desechar como residuo de asbesto",IF(OR(LEFT(B11,3)="SIL",N(Estadística!AB11)>=0.5),"N100/R100/P100 o FFP3 (≥ N95 mínimo)","N95 o superior; P si hay aceites"))) -> P100 (HEPA) – desechar como residuo de asbesto | J11: 8 | K11: 2 | L11: =IF(OR(N(I11)=0,N(J11)=0,N(K11)=0),"",I11*Agentes!$C$16*60*J11/1000/K11) | M11: =IF(L11="","",IF(B11="ASB","Cambiar al final de cada tarea",ROUNDDOWN(Agentes!$C$17/L11,0)))
A12: =Estadística!A12 | B12: =Estadística!B12 | C12: =IF(A12="","",IF(Estadística!Z12<>"",Estadística!Z12,Estadística!H12)) | D12: =IF(A12="","",Estadística!N12) | E12: =IF(OR(N(C12)=0,N(D12)=0),"",MAX(C12/D12,IF(AND(LEFT(B12,3)="CAR",N(Estadística!AB12)>0,N(Estadística!I12)>0),Estadística!AB12*C12/Estadística!I12,0))) | F12: =IF(E12="","",IF(E12<=1,"No requerido por concentración; usar si hay picos o tareas no rutinarias",IF(E12<=10,IF(B12="ASB","Media cara elastomérica con filtros P100 (no desechable)","Pieza facial filtrante o media cara elastomérica"),IF(E12<=25,IF(B12="ASB","Cara completa elastomérica P100 o PAPR holgado","PAPR con capucha o careta holgada"),IF(E12<=50,"Cara completa elastomérica P100 o PAPR con media cara",IF(E12<=1000,"PAPR cara completa o línea de aire flujo continuo",IF(E12<=10000,"SCBA a presión positiva","Excede APF disponibles: suspender y controlar en la fuente"))))))) | G12: =IF(E12="","",IF(E12<=1,"—",IF(E12<=10,10,IF(E12<=25,IF(B12="ASB",50,25),IF(E12<=50,50,IF(E12<=1000,1000,IF(E12<=10000,10000,"—"))))))) | H12: =IF(A12="","",IF(B12="ASB","P100 (HEPA) – desechar como residuo de asbesto",IF(OR(LEFT(B12,3)="SIL",N(Estadística!AB12)>=0.5),"N100/R100/P100 o FFP3 (≥ N95 mínimo)","N95 o superior; P si hay aceites"))) | L12: =IF(OR(N(I12)=0,N(J12)=0,N(K12)=0),"",I12*Agentes!$C$16*60*J12/1000/K12) | M12: =IF(L12="","",IF(B12="ASB","Cambiar al final de cada tarea",ROUNDDOWN(Agentes!$C$17/L12,0)))
A13: =Estadística!A13 | B13: =Estadística!B13 | C13: =IF(A13="","",IF(Estadística!Z13<>"",Estadística!Z13,Estadística!H13)) | D13: =IF(A13="","",Estadística!N13) | E13: =IF(OR(N(C13)=0,N(D13)=0),"",MAX(C13/D13,IF(AND(LEFT(B13,3)="CAR",N(Estadística!AB13)>0,N(Estadística!I13)>0),Estadística!AB13*C13/Estadística!I13,0))) | F13: =IF(E13="","",IF(E13<=1,"No requerido por concentración; usar si hay picos o tareas no rutinarias",IF(E13<=10,IF(B13="ASB","Media cara elastomérica con filtros P100 (no desechable)","Pieza facial filtrante o media cara elastomérica"),IF(E13<=25,IF(B13="ASB","Cara completa elastomérica P100 o PAPR holgado","PAPR con capucha o careta holgada"),IF(E13<=50,"Cara completa elastomérica P100 o PAPR con media cara",IF(E13<=1000,"PAPR cara completa o línea de aire flujo continuo",IF(E13<=10000,"SCBA a presión positiva","Excede APF disponibles: suspender y controlar en la fuente"))))))) | G13: =IF(E13="","",IF(E13<=1,"—",IF(E13<=10,10,IF(E13<=25,IF(B13="ASB",50,25),IF(E13<=50,50,IF(E13<=1000,1000,IF(E13<=10000,10000,"—"))))))) | H13: =IF(A13="","",IF(B13="ASB","P100 (HEPA) – desechar como residuo de asbesto",IF(OR(LEFT(B13,3)="SIL",N(Estadística!AB13)>=0.5),"N100/R100/P100 o FFP3 (≥ N95 mínimo)","N95 o superior; P si hay aceites"))) | L13: =IF(OR(N(I13)=0,N(J13)=0,N(K13)=0),"",I13*Agentes!$C$16*60*J13/1000/K13) | M13: =IF(L13="","",IF(B13="ASB","Cambiar al final de cada tarea",ROUNDDOWN(Agentes!$C$17/L13,0)))
A14: =Estadística!A14 | B14: =Estadística!B14 | C14: =IF(A14="","",IF(Estadística!Z14<>"",Estadística!Z14,Estadística!H14)) | D14: =IF(A14="","",Estadística!N14) | E14: =IF(OR(N(C14)=0,N(D14)=0),"",MAX(C14/D14,IF(AND(LEFT(B14,3)="CAR",N(Estadística!AB14)>0,N(Estadística!I14)>0),Estadística!AB14*C14/Estadística!I14,0))) | F14: =IF(E14="","",IF(E14<=1,"No requerido por concentración; usar si hay picos o tareas no rutinarias",IF(E14<=10,IF(B14="ASB","Media cara elastomérica con filtros P100 (no desechable)","Pieza facial filtrante o media cara elastomérica"),IF(E14<=25,IF(B14="ASB","Cara completa elastomérica P100 o PAPR holgado","PAPR con capucha o careta holgada"),IF(E14<=50,"Cara completa elastomérica P100 o PAPR con media cara",IF(E14<=1000,"PAPR cara completa o línea de aire flujo continuo",IF(E14<=10000,"SCBA a presión positiva","Excede APF disponibles: suspender y controlar en la fuente"))))))) | G14: =IF(E14="","",IF(E14<=1,"—",IF(E14<=10,10,IF(E14<=25,IF(B14="ASB",50,25),IF(E14<=50,50,IF(E14<=1000,1000,IF(E14<=10000,10000,"—"))))))) | H14: =IF(A14="","",IF(B14="ASB","P100 (HEPA) – desechar como residuo de asbesto",IF(OR(LEFT(B14,3)="SIL",N(Estadística!AB14)>=0.5),"N100/R100/P100 o FFP3 (≥ N95 mínimo)","N95 o superior; P si hay aceites"))) | L14: =IF(OR(N(I14)=0,N(J14)=0,N(K14)=0),"",I14*Agentes!$C$16*60*J14/1000/K14) | M14: =IF(L14="","",IF(B14="ASB","Cambiar al final de cada tarea",ROUNDDOWN(Agentes!$C$17/L14,0)))
A15: =Estadística!A15 | B15: =Estadística!B15 | C15: =IF(A15="","",IF(Estadística!Z15<>"",Estadística!Z15,Estadística!H15)) | D15: =IF(A15="","",Estadística!N15) | E15: =IF(OR(N(C15)=0,N(D15)=0),"",MAX(C15/D15,IF(AND(LEFT(B15,3)="CAR",N(Estadística!AB15)>0,N(Estadística!I15)>0),Estadística!AB15*C15/Estadística!I15,0))) | F15: =IF(E15="","",IF(E15<=1,"No requerido por concentración; usar si hay picos o tareas no rutinarias",IF(E15<=10,IF(B15="ASB","Media cara elastomérica con filtros P100 (no desechable)","Pieza facial filtrante o media cara elastomérica"),IF(E15<=25,IF(B15="ASB","Cara completa elastomérica P100 o PAPR holgado","PAPR con capucha o careta holgada"),IF(E15<=50,"Cara completa elastomérica P100 o PAPR con media cara",IF(E15<=1000,"PAPR cara completa o línea de aire flujo continuo",IF(E15<=10000,"SCBA a presión positiva","Excede APF disponibles: suspender y controlar en la fuente"))))))) | G15: =IF(E15="","",IF(E15<=1,"—",IF(E15<=10,10,IF(E15<=25,IF(B15="ASB",50,25),IF(E15<=50,50,IF(E15<=1000,1000,IF(E15<=10000,10000,"—"))))))) | H15: =IF(A15="","",IF(B15="ASB","P100 (HEPA) – desechar como residuo de asbesto",IF(OR(LEFT(B15,3)="SIL",N(Estadística!AB15)>=0.5),"N100/R100/P100 o FFP3 (≥ N95 mínimo)","N95 o superior; P si hay aceites"))) | L15: =IF(OR(N(I15)=0,N(J15)=0,N(K15)=0),"",I15*Agentes!$C$16*60*J15/1000/K15) | M15: =IF(L15="","",IF(B15="ASB","Cambiar al final de cada tarea",ROUNDDOWN(Agentes!$C$17/L15,0)))
A16: =Estadística!A16 | B16: =Estadística!B16 | C16: =IF(A16="","",IF(Estadística!Z16<>"",Estadística!Z16,Estadística!H16)) | D16: =IF(A16="","",Estadística!N16) | E16: =IF(OR(N(C16)=0,N(D16)=0),"",MAX(C16/D16,IF(AND(LEFT(B16,3)="CAR",N(Estadística!AB16)>0,N(Estadística!I16)>0),Estadística!AB16*C16/Estadística!I16,0))) | F16: =IF(E16="","",IF(E16<=1,"No requerido por concentración; usar si hay picos o tareas no rutinarias",IF(E16<=10,IF(B16="ASB","Media cara elastomérica con filtros P100 (no desechable)","Pieza facial filtrante o media cara elastomérica"),IF(E16<=25,IF(B16="ASB","Cara completa elastomérica P100 o PAPR holgado","PAPR con capucha o careta holgada"),IF(E16<=50,"Cara completa elastomérica P100 o PAPR con media cara",IF(E16<=1000,"PAPR cara completa o línea de aire flujo continuo",IF(E16<=10000,"SCBA a presión positiva","Excede APF disponibles: suspender y controlar en la fuente"))))))) | G16: =IF(E16="","",IF(E16<=1,"—",IF(E16<=10,10,IF(E16<=25,IF(B16="ASB",50,25),IF(E16<=50,50,IF(E16<=1000,1000,IF(E16<=10000,10000,"—"))))))) | H16: =IF(A16="","",IF(B16="ASB","P100 (HEPA) – desechar como residuo de asbesto",IF(OR(LEFT(B16,3)="SIL",N(Estadística!AB16)>=0.5),"N100/R100/P100 o FFP3 (≥ N95 mínimo)","N95 o superior; P si hay aceites"))) | L16: =IF(OR(N(I16)=0,N(J16)=0,N(K16)=0),"",I16*Agentes!$C$16*60*J16/1000/K16) | M16: =IF(L16="","",IF(B16="ASB","Cambiar al final de cada tarea",ROUNDDOWN(Agentes!$C$17/L16,0)))
A17: =Estadística!A17 | B17: =Estadística!B17 | C17: =IF(A17="","",IF(Estadística!Z17<>"",Estadística!Z17,Estadística!H17)) | D17: =IF(A17="","",Estadística!N17) | E17: =IF(OR(N(C17)=0,N(D17)=0),"",MAX(C17/D17,IF(AND(LEFT(B17,3)="CAR",N(Estadística!AB17)>0,N(Estadística!I17)>0),Estadística!AB17*C17/Estadística!I17,0))) | F17: =IF(E17="","",IF(E17<=1,"No requerido por concentración; usar si hay picos o tareas no rutinarias",IF(E17<=10,IF(B17="ASB","Media cara elastomérica con filtros P100 (no desechable)","Pieza facial filtrante o media cara elastomérica"),IF(E17<=25,IF(B17="ASB","Cara completa elastomérica P100 o PAPR holgado","PAPR con capucha o careta holgada"),IF(E17<=50,"Cara completa elastomérica P100 o PAPR con media cara",IF(E17<=1000,"PAPR cara completa o línea de aire flujo continuo",IF(E17<=10000,"SCBA a presión positiva","Excede APF disponibles: suspender y controlar en la fuente"))))))) | G17: =IF(E17="","",IF(E17<=1,"—",IF(E17<=10,10,IF(E17<=25,IF(B17="ASB",50,25),IF(E17<=50,50,IF(E17<=1000,1000,IF(E17<=10000,10000,"—"))))))) | H17: =IF(A17="","",IF(B17="ASB","P100 (HEPA) – desechar como residuo de asbesto",IF(OR(LEFT(B17,3)="SIL",N(Estadística!AB17)>=0.5),"N100/R100/P100 o FFP3 (≥ N95 mínimo)","N95 o superior; P si hay aceites"))) | L17: =IF(OR(N(I17)=0,N(J17)=0,N(K17)=0),"",I17*Agentes!$C$16*60*J17/1000/K17) | M17: =IF(L17="","",IF(B17="ASB","Cambiar al final de cada tarea",ROUNDDOWN(Agentes!$C$17/L17,0)))
A18: =Estadística!A18 | B18: =Estadística!B18 | C18: =IF(A18="","",IF(Estadística!Z18<>"",Estadística!Z18,Estadística!H18)) | D18: =IF(A18="","",Estadística!N18) | E18: =IF(OR(N(C18)=0,N(D18)=0),"",MAX(C18/D18,IF(AND(LEFT(B18,3)="CAR",N(Estadística!AB18)>0,N(Estadística!I18)>0),Estadística!AB18*C18/Estadística!I18,0))) | F18: =IF(E18="","",IF(E18<=1,"No requerido por concentración; usar si hay picos o tareas no rutinarias",IF(E18<=10,IF(B18="ASB","Media cara elastomérica con filtros P100 (no desechable)","Pieza facial filtrante o media cara elastomérica"),IF(E18<=25,IF(B18="ASB","Cara completa elastomérica P100 o PAPR holgado","PAPR con capucha o careta holgada"),IF(E18<=50,"Cara completa elastomérica P100 o PAPR con media cara",IF(E18<=1000,"PAPR cara completa o línea de aire flujo continuo",IF(E18<=10000,"SCBA a presión positiva","Excede APF disponibles: suspender y controlar en la fuente"))))))) | G18: =IF(E18="","",IF(E18<=1,"—",IF(E18<=10,10,IF(E18<=25,IF(B18="ASB",50,25),IF(E18<=50,50,IF(E18<=1000,1000,IF(E18<=10000,10000,"—"))))))) | H18: =IF(A18="","",IF(B18="ASB","P100 (HEPA) – desechar como residuo de asbesto",IF(OR(LEFT(B18,3)="SIL",N(Estadística!AB18)>=0.5),"N100/R100/P100 o FFP3 (≥ N95 mínimo)","N95 o superior; P si hay aceites"))) | L18: =IF(OR(N(I18)=0,N(J18)=0,N(K18)=0),"",I18*Agentes!$C$16*60*J18/1000/K18) | M18: =IF(L18="","",IF(B18="ASB","Cambiar al final de cada tarea",ROUNDDOWN(Agentes!$C$17/L18,0)))
A19: =Estadística!A19 | B19: =Estadística!B19 | C19: =IF(A19="","",IF(Estadística!Z19<>"",Estadística!Z19,Estadística!H19)) | D19: =IF(A19="","",Estadística!N19) | E19: =IF(OR(N(C19)=0,N(D19)=0),"",MAX(C19/D19,IF(AND(LEFT(B19,3)="CAR",N(Estadística!AB19)>0,N(Estadística!I19)>0),Estadística!AB19*C19/Estadística!I19,0))) | F19: =IF(E19="","",IF(E19<=1,"No requerido por concentración; usar si hay picos o tareas no rutinarias",IF(E19<=10,IF(B19="ASB","Media cara elastomérica con filtros P100 (no desechable)","Pieza facial filtrante o media cara elastomérica"),IF(E19<=25,IF(B19="ASB","Cara completa elastomérica P100 o PAPR holgado","PAPR con capucha o careta holgada"),IF(E19<=50,"Cara completa elastomérica P100 o PAPR con media cara",IF(E19<=1000,"PAPR cara completa o línea de aire flujo continuo",IF(E19<=10000,"SCBA a presión positiva","Excede APF disponibles: suspender y controlar en la fuente"))))))) | G19: =IF(E19="","",IF(E19<=1,"—",IF(E19<=10,10,IF(E19<=25,IF(B19="ASB",50,25),IF(E19<=50,50,IF(E19<=1000,1000,IF(E19<=10000,10000,"—"))))))) | H19: =IF(A19="","",IF(B19="ASB","P100 (HEPA) – desechar como residuo de asbesto",IF(OR(LEFT(B19,3)="SIL",N(Estadística!AB19)>=0.5),"N100/R100/P100 o FFP3 (≥ N95 mínimo)","N95 o superior; P si hay aceites"))) | L19: =IF(OR(N(I19)=0,N(J19)=0,N(K19)=0),"",I19*Agentes!$C$16*60*J19/1000/K19) | M19: =IF(L19="","",IF(B19="ASB","Cambiar al final de cada tarea",ROUNDDOWN(Agentes!$C$17/L19,0)))
A20: =Estadística!A20 | B20: =Estadística!B20 | C20: =IF(A20="","",IF(Estadística!Z20<>"",Estadística!Z20,Estadística!H20)) | D20: =IF(A20="","",Estadística!N20) | E20: =IF(OR(N(C20)=0,N(D20)=0),"",MAX(C20/D20,IF(AND(LEFT(B20,3)="CAR",N(Estadística!AB20)>0,N(Estadística!I20)>0),Estadística!AB20*C20/Estadística!I20,0))) | F20: =IF(E20="","",IF(E20<=1,"No requerido por concentración; usar si hay picos o tareas no rutinarias",IF(E20<=10,IF(B20="ASB","Media cara elastomérica con filtros P100 (no desechable)","Pieza facial filtrante o media cara elastomérica"),IF(E20<=25,IF(B20="ASB","Cara completa elastomérica P100 o PAPR holgado","PAPR con capucha o careta holgada"),IF(E20<=50,"Cara completa elastomérica P100 o PAPR con media cara",IF(E20<=1000,"PAPR cara completa o línea de aire flujo continuo",IF(E20<=10000,"SCBA a presión positiva","Excede APF disponibles: suspender y controlar en la fuente"))))))) | G20: =IF(E20="","",IF(E20<=1,"—",IF(E20<=10,10,IF(E20<=25,IF(B20="ASB",50,25),IF(E20<=50,50,IF(E20<=1000,1000,IF(E20<=10000,10000,"—"))))))) | H20: =IF(A20="","",IF(B20="ASB","P100 (HEPA) – desechar como residuo de asbesto",IF(OR(LEFT(B20,3)="SIL",N(Estadística!AB20)>=0.5),"N100/R100/P100 o FFP3 (≥ N95 mínimo)","N95 o superior; P si hay aceites"))) | L20: =IF(OR(N(I20)=0,N(J20)=0,N(K20)=0),"",I20*Agentes!$C$16*60*J20/1000/K20) | M20: =IF(L20="","",IF(B20="ASB","Cambiar al final de cada tarea",ROUNDDOWN(Agentes!$C$17/L20,0)))
A21: =Estadística!A21 | B21: =Estadística!B21 | C21: =IF(A21="","",IF(Estadística!Z21<>"",Estadística!Z21,Estadística!H21)) | D21: =IF(A21="","",Estadística!N21) | E21: =IF(OR(N(C21)=0,N(D21)=0),"",MAX(C21/D21,IF(AND(LEFT(B21,3)="CAR",N(Estadística!AB21)>0,N(Estadística!I21)>0),Estadística!AB21*C21/Estadística!I21,0))) | F21: =IF(E21="","",IF(E21<=1,"No requerido por concentración; usar si hay picos o tareas no rutinarias",IF(E21<=10,IF(B21="ASB","Media cara elastomérica con filtros P100 (no desechable)","Pieza facial filtrante o media cara elastomérica"),IF(E21<=25,IF(B21="ASB","Cara completa elastomérica P100 o PAPR holgado","PAPR con capucha o careta holgada"),IF(E21<=50,"Cara completa elastomérica P100 o PAPR con media cara",IF(E21<=1000,"PAPR cara completa o línea de aire flujo continuo",IF(E21<=10000,"SCBA a presión positiva","Excede APF disponibles: suspender y controlar en la fuente"))))))) | G21: =IF(E21="","",IF(E21<=1,"—",IF(E21<=10,10,IF(E21<=25,IF(B21="ASB",50,25),IF(E21<=50,50,IF(E21<=1000,1000,IF(E21<=10000,10000,"—"))))))) | H21: =IF(A21="","",IF(B21="ASB","P100 (HEPA) – desechar como residuo de asbesto",IF(OR(LEFT(B21,3)="SIL",N(Estadística!AB21)>=0.5),"N100/R100/P100 o FFP3 (≥ N95 mínimo)","N95 o superior; P si hay aceites"))) | L21: =IF(OR(N(I21)=0,N(J21)=0,N(K21)=0),"",I21*Agentes!$C$16*60*J21/1000/K21) | M21: =IF(L21="","",IF(B21="ASB","Cambiar al final de cada tarea",ROUNDDOWN(Agentes!$C$17/L21,0)))
A22: =Estadística!A22 | B22: =Estadística!B22 | C22: =IF(A22="","",IF(Estadística!Z22<>"",Estadística!Z22,Estadística!H22)) | D22: =IF(A22="","",Estadística!N22) | E22: =IF(OR(N(C22)=0,N(D22)=0),"",MAX(C22/D22,IF(AND(LEFT(B22,3)="CAR",N(Estadística!AB22)>0,N(Estadística!I22)>0),Estadística!AB22*C22/Estadística!I22,0))) | F22: =IF(E22="","",IF(E22<=1,"No requerido por concentración; usar si hay picos o tareas no rutinarias",IF(E22<=10,IF(B22="ASB","Media cara elastomérica con filtros P100 (no desechable)","Pieza facial filtrante o media cara elastomérica"),IF(E22<=25,IF(B22="ASB","Cara completa elastomérica P100 o PAPR holgado","PAPR con capucha o careta holgada"),IF(E22<=50,"Cara completa elastomérica P100 o PAPR con media cara",IF(E22<=1000,"PAPR cara completa o línea de aire flujo continuo",IF(E22<=10000,"SCBA a presión positiva","Excede APF disponibles: suspender y controlar en la fuente"))))))) | G22: =IF(E22="","",IF(E22<=1,"—",IF(E22<=10,10,IF(E22<=25,IF(B22="ASB",50,25),IF(E22<=50,50,IF(E22<=1000,1000,IF(E22<=10000,10000,"—"))))))) | H22: =IF(A22="","",IF(B22="ASB","P100 (HEPA) – desechar como residuo de asbesto",IF(OR(LEFT(B22,3)="SIL",N(Estadística!AB22)>=0.5),"N100/R100/P100 o FFP3 (≥ N95 mínimo)","N95 o superior; P si hay aceites"))) | L22: =IF(OR(N(I22)=0,N(J22)=0,N(K22)=0),"",I22*Agentes!$C$16*60*J22/1000/K22) | M22: =IF(L22="","",IF(B22="ASB","Cambiar al final de cada tarea",ROUNDDOWN(Agentes!$C$17/L22,0)))
A23: =Estadística!A23 | B23: =Estadística!B23 | C23: =IF(A23="","",IF(Estadística!Z23<>"",Estadística!Z23,Estadística!H23)) | D23: =IF(A23="","",Estadística!N23) | E23: =IF(OR(N(C23)=0,N(D23)=0),"",MAX(C23/D23,IF(AND(LEFT(B23,3)="CAR",N(Estadística!AB23)>0,N(Estadística!I23)>0),Estadística!AB23*C23/Estadística!I23,0))) | F23: =IF(E23="","",IF(E23<=1,"No requerido por concentración; usar si hay picos o tareas no rutinarias",IF(E23<=10,IF(B23="ASB","Media cara elastomérica con filtros P100 (no desechable)","Pieza facial filtrante o media cara elastomérica"),IF(E23<=25,IF(B23="ASB","Cara completa elastomérica P100 o PAPR holgado","PAPR con capucha o careta holgada"),IF(E23<=50,"Cara completa elastomérica P100 o PAPR con media cara",IF(E23<=1000,"PAPR cara completa o línea de aire flujo continuo",IF(E23<=10000,"SCBA a presión positiva","Excede APF disponibles: suspender y controlar en la fuente"))))))) | G23: =IF(E23="","",IF(E23<=1,"—",IF(E23<=10,10,IF(E23<=25,IF(B23="ASB",50,25),IF(E23<=50,50,IF(E23<=1000,1000,IF(E23<=10000,10000,"—"))))))) | H23: =IF(A23="","",IF(B23="ASB","P100 (HEPA) – desechar como residuo de asbesto",IF(OR(LEFT(B23,3)="SIL",N(Estadística!AB23)>=0.5),"N100/R100/P100 o FFP3 (≥ N95 mínimo)","N95 o superior; P si hay aceites"))) | L23: =IF(OR(N(I23)=0,N(J23)=0,N(K23)=0),"",I23*Agentes!$C$16*60*J23/1000/K23) | M23: =IF(L23="","",IF(B23="ASB","Cambiar al final de cada tarea",ROUNDDOWN(Agentes!$C$17/L23,0)))
... A25: =Estadística!A25 | B25: =Estadística!B25 | C25: =IF(A25="","",IF(Estadística!Z25<>"",Estadística!Z25,Estadística!H25)) | D25: =IF(A25="","",Estadística!N25) | E25: =IF(OR(N(C25)=0,N(D25)=0),"",MAX(C25/D25,IF(AND(LEFT(B25,3)="CAR",N(Estadística!AB25)>0,N(Estadística!I25)>0),Estadística!AB25*C25/Estadística!I25,0))) | F25: =IF(E25="","",IF(E25<=1,"No requerido por concentración; usar si hay picos o tareas no rutinarias",IF(E25<=10,IF(B25="ASB","Media cara elastomérica con filtros P100 (no desechable)","Pieza facial filtrante o media cara elastomérica"),IF(E25<=25,IF(B25="ASB","Cara completa elastomérica P100 o PAPR holgado","PAPR con capucha o careta holgada"),IF(E25<=50,"Cara completa elastomérica P100 o PAPR con media cara",IF(E25<=1000,"PAPR cara completa o línea de aire flujo continuo",IF(E25<=10000,"SCBA a presión positiva","Excede APF disponibles: suspender y controlar en la fuente"))))))) | G25: =IF(E25="","",IF(E25<=1,"—",IF(E25<=10,10,IF(E25<=25,IF(B25="ASB",50,25),IF(E25<=50,50,IF(E25<=1000,1000,IF(E25<=10000,10000,"—"))))))) | H25: =IF(A25="","",IF(B25="ASB","P100 (HEPA) – desechar como residuo de asbesto",IF(OR(LEFT(B25,3)="SIL",N(Estadística!AB25)>=0.5),"N100/R100/P100 o FFP3 (≥ N95 mínimo)","N95 o superior; P si hay aceites"))) | L25: =IF(OR(N(I25)=0,N(J25)=0,N(K25)=0),"",I25*Agentes!$C$16*60*J25/1000/K25) | M25: =IF(L25="","",IF(B25="ASB","Cambiar al final de cada tarea",ROUNDDOWN(Agentes!$C$17/L25,0)))

Sheet Exposición Acumulada
A1: 7. Índice de exposición acumulada por trabajador (GATI-NEUMO 7.1.7)
A2: Exposición acumulada = Σ (Cj × Tj), con Cj = concentración promedio 8 h del oficio j y Tj = años en el oficio. Sílice: mg/m³·año de polvo total; asbesto: f/cm³·año.
A3: NeumoRisk V1 · Sílice cristalina, carbón y asbesto · SCHO · Celdas amarillas con texto azul = datos a diligenciar; celdas grises = cálculo automático (no editar).
A5: Trabajador | B5: Identificación | C5: GES actual | D5: Agente | E5: Oficio 1 | F5: C1 | G5: T1 (años) | H5: Oficio 2 | I5: C2 | J5: T2 (años) | K5: Oficio 3 | L5: C3 | M5: T3 (años) | N5: Oficio 4 | O5: C4 | P5: T4 (años) | Q5: Exposición acumulada | R5: Unidad | S5: Riesgo acumulado referencial de silicosis (cohortes A / B / C, Tabla 8 GATI) | T5: Interpretación | V5: Lím. inferior (mg/m³·año) | W5: Cohorte A | X5: Cohorte B | Y5: Cohorte C
A6: Trabajador A | B6: CC 1001 | C6: G01 | D6: =IF(C6="","",IFERROR(INDEX(GES!$E$6:$E$25,MATCH(C6,GES!$A$6:$A$25,0)),"GES?")) -> SIL-Q | E6: Operador trituradora | F6: 1.2 | G6: 8 | H6: Ayudante de cantera | I6: 4 | J6: 10 | Q6: =IF(COUNT(F6,I6,L6,O6)=0,"",N(F6)*N(G6)+N(I6)*N(J6)+N(L6)*N(M6)+N(O6)*N(P6)) -> 49.6 | R6: =IF(Q6="","",IF(D6="ASB","f/cm³·año","mg/m³·año")) -> mg/m³·año | S6: =IF(OR(Q6="",LEFT(D6,3)<>"SIL"),"",TEXT(INDEX($W$6:$W$19,MATCH(Q6,$V$6:$V$19,1)),"0.0%")&" / "&TEXT(INDEX($X$6:$X$19,MATCH(Q6,$V$6:$V$19,1)),"0.0%")&" / "&TEXT(INDEX($Y$6:$Y$19,MATCH(Q6,$V$6:$V$19,1)),"0.0%")) -> 0.1% / 1.1% / 0.5% | T6: =IF(Q6="","",IF(D6="ASB",IF(Q6>=25,"En o sobre el rango umbral reportado para asbestosis (25–100 f/ml·año)","Bajo el umbral reportado (25 f/ml·año)"),IF(LEFT(D6,3)="SIL","Referencial: el riesgo depende además de la toxicidad específica del cuarzo (R = f(c, t, S))","Registrar para seguimiento epidemiológico"))) -> Referencial: el riesgo depende además de la toxicidad específica del cuarzo (R = f(c, t, S)) | V6: 0 | W6: 0 | X6: 0 | Y6: 0
A7: Trabajador B | B7: CC 1002 | C7: G02 | D7: =IF(C7="","",IFERROR(INDEX(GES!$E$6:$E$25,MATCH(C7,GES!$A$6:$A$25,0)),"GES?")) -> SIL-Q | E7: Operario moldeo | F7: 0.6 | G7: 15 | Q7: =IF(COUNT(F7,I7,L7,O7)=0,"",N(F7)*N(G7)+N(I7)*N(J7)+N(L7)*N(M7)+N(O7)*N(P7)) -> 9 | R7: =IF(Q7="","",IF(D7="ASB","f/cm³·año","mg/m³·año")) -> mg/m³·año | S7: =IF(OR(Q7="",LEFT(D7,3)<>"SIL"),"",TEXT(INDEX($W$6:$W$19,MATCH(Q7,$V$6:$V$19,1)),"0.0%")&" / "&TEXT(INDEX($X$6:$X$19,MATCH(Q7,$V$6:$V$19,1)),"0.0%")&" / "&TEXT(INDEX($Y$6:$Y$19,MATCH(Q7,$V$6:$V$19,1)),"0.0%")) -> 0.0% / 0.0% / 0.0% | T7: =IF(Q7="","",IF(D7="ASB",IF(Q7>=25,"En o sobre el rango umbral reportado para asbestosis (25–100 f/ml·año)","Bajo el umbral reportado (25 f/ml·año)"),IF(LEFT(D7,3)="SIL","Referencial: el riesgo depende además de la toxicidad específica del cuarzo (R = f(c, t, S))","Registrar para seguimiento epidemiológico"))) -> Referencial: el riesgo depende además de la toxicidad específica del cuarzo (R = f(c, t, S)) | V7: 25 | W7: 0.001 | X7: 0.011 | Y7: 0.005
A8: Trabajador C | B8: CC 1003 | C8: G04 | D8: =IF(C8="","",IFERROR(INDEX(GES!$E$6:$E$25,MATCH(C8,GES!$A$6:$A$25,0)),"GES?")) -> CAR-B | E8: Picador | F8: 1 | G8: 12 | H8: Cochero | I8: 0.6 | J8: 5 | Q8: =IF(COUNT(F8,I8,L8,O8)=0,"",N(F8)*N(G8)+N(I8)*N(J8)+N(L8)*N(M8)+N(O8)*N(P8)) -> 15 | R8: =IF(Q8="","",IF(D8="ASB","f/cm³·año","mg/m³·año")) -> mg/m³·año | S8: =IF(OR(Q8="",LEFT(D8,3)<>"SIL"),"",TEXT(INDEX($W$6:$W$19,MATCH(Q8,$V$6:$V$19,1)),"0.0%")&" / "&TEXT(INDEX($X$6:$X$19,MATCH(Q8,$V$6:$V$19,1)),"0.0%")&" / "&TEXT(INDEX($Y$6:$Y$19,MATCH(Q8,$V$6:$V$19,1)),"0.0%")) | T8: =IF(Q8="","",IF(D8="ASB",IF(Q8>=25,"En o sobre el rango umbral reportado para asbestosis (25–100 f/ml·año)","Bajo el umbral reportado (25 f/ml·año)"),IF(LEFT(D8,3)="SIL","Referencial: el riesgo depende además de la toxicidad específica del cuarzo (R = f(c, t, S))","Registrar para seguimiento epidemiológico"))) -> Registrar para seguimiento epidemiológico | V8: 50 | W8: 0.005 | X8: 0.055 | Y8: 0.029
A9: Trabajador D | B9: CC 1004 | C9: G06 | D9: =IF(C9="","",IFERROR(INDEX(GES!$E$6:$E$25,MATCH(C9,GES!$A$6:$A$25,0)),"GES?")) -> ASB | E9: Demoledor | F9: 0.05 | G9: 4 | H9: Mantenimiento de frenos | I9: 0.5 | J9: 10 | Q9: =IF(COUNT(F9,I9,L9,O9)=0,"",N(F9)*N(G9)+N(I9)*N(J9)+N(L9)*N(M9)+N(O9)*N(P9)) -> 5.2 | R9: =IF(Q9="","",IF(D9="ASB","f/cm³·año","mg/m³·año")) -> f/cm³·año | S9: =IF(OR(Q9="",LEFT(D9,3)<>"SIL"),"",TEXT(INDEX($W$6:$W$19,MATCH(Q9,$V$6:$V$19,1)),"0.0%")&" / "&TEXT(INDEX($X$6:$X$19,MATCH(Q9,$V$6:$V$19,1)),"0.0%")&" / "&TEXT(INDEX($Y$6:$Y$19,MATCH(Q9,$V$6:$V$19,1)),"0.0%")) | T9: =IF(Q9="","",IF(D9="ASB",IF(Q9>=25,"En o sobre el rango umbral reportado para asbestosis (25–100 f/ml·año)","Bajo el umbral reportado (25 f/ml·año)"),IF(LEFT(D9,3)="SIL","Referencial: el riesgo depende además de la toxicidad específica del cuarzo (R = f(c, t, S))","Registrar para seguimiento epidemiológico"))) -> Bajo el umbral reportado (25 f/ml·año) | V9: 75 | W9: 0.016 | X9: 0.112 | Y9: 0.071
D10: =IF(C10="","",IFERROR(INDEX(GES!$E$6:$E$25,MATCH(C10,GES!$A$6:$A$25,0)),"GES?")) | Q10: =IF(COUNT(F10,I10,L10,O10)=0,"",N(F10)*N(G10)+N(I10)*N(J10)+N(L10)*N(M10)+N(O10)*N(P10)) | R10: =IF(Q10="","",IF(D10="ASB","f/cm³·año","mg/m³·año")) | S10: =IF(OR(Q10="",LEFT(D10,3)<>"SIL"),"",TEXT(INDEX($W$6:$W$19,MATCH(Q10,$V$6:$V$19,1)),"0.0%")&" / "&TEXT(INDEX($X$6:$X$19,MATCH(Q10,$V$6:$V$19,1)),"0.0%")&" / "&TEXT(INDEX($Y$6:$Y$19,MATCH(Q10,$V$6:$V$19,1)),"0.0%")) | T10: =IF(Q10="","",IF(D10="ASB",IF(Q10>=25,"En o sobre el rango umbral reportado para asbestosis (25–100 f/ml·año)","Bajo el umbral reportado (25 f/ml·año)"),IF(LEFT(D10,3)="SIL","Referencial: el riesgo depende además de la toxicidad específica del cuarzo (R = f(c, t, S))","Registrar para seguimiento epidemiológico"))) | V10: 100 | W10: 0.029 | X10: 0.189 | Y10: 0.14
D11: =IF(C11="","",IFERROR(INDEX(GES!$E$6:$E$25,MATCH(C11,GES!$A$6:$A$25,0)),"GES?")) | Q11: =IF(COUNT(F11,I11,L11,O11)=0,"",N(F11)*N(G11)+N(I11)*N(J11)+N(L11)*N(M11)+N(O11)*N(P11)) | R11: =IF(Q11="","",IF(D11="ASB","f/cm³·año","mg/m³·año")) | S11: =IF(OR(Q11="",LEFT(D11,3)<>"SIL"),"",TEXT(INDEX($W$6:$W$19,MATCH(Q11,$V$6:$V$19,1)),"0.0%")&" / "&TEXT(INDEX($X$6:$X$19,MATCH(Q11,$V$6:$V$19,1)),"0.0%")&" / "&TEXT(INDEX($Y$6:$Y$19,MATCH(Q11,$V$6:$V$19,1)),"0.0%")) | T11: =IF(Q11="","",IF(D11="ASB",IF(Q11>=25,"En o sobre el rango umbral reportado para asbestosis (25–100 f/ml·año)","Bajo el umbral reportado (25 f/ml·año)"),IF(LEFT(D11,3)="SIL","Referencial: el riesgo depende además de la toxicidad específica del cuarzo (R = f(c, t, S))","Registrar para seguimiento epidemiológico"))) | V11: 150 | W11: 0.072 | X11: 0.503 | Y11: 0.332
D12: =IF(C12="","",IFERROR(INDEX(GES!$E$6:$E$25,MATCH(C12,GES!$A$6:$A$25,0)),"GES?")) | Q12: =IF(COUNT(F12,I12,L12,O12)=0,"",N(F12)*N(G12)+N(I12)*N(J12)+N(L12)*N(M12)+N(O12)*N(P12)) | R12: =IF(Q12="","",IF(D12="ASB","f/cm³·año","mg/m³·año")) | S12: =IF(OR(Q12="",LEFT(D12,3)<>"SIL"),"",TEXT(INDEX($W$6:$W$19,MATCH(Q12,$V$6:$V$19,1)),"0.0%")&" / "&TEXT(INDEX($X$6:$X$19,MATCH(Q12,$V$6:$V$19,1)),"0.0%")&" / "&TEXT(INDEX($Y$6:$Y$19,MATCH(Q12,$V$6:$V$19,1)),"0.0%")) | T12: =IF(Q12="","",IF(D12="ASB",IF(Q12>=25,"En o sobre el rango umbral reportado para asbestosis (25–100 f/ml·año)","Bajo el umbral reportado (25 f/ml·año)"),IF(LEFT(D12,3)="SIL","Referencial: el riesgo depende además de la toxicidad específica del cuarzo (R = f(c, t, S))","Registrar para seguimiento epidemiológico"))) | V12: 200 | W12: 0.127 | X12: 0.743 | Y12: 0.62
D13: =IF(C13="","",IFERROR(INDEX(GES!$E$6:$E$25,MATCH(C13,GES!$A$6:$A$25,0)),"GES?")) | Q13: =IF(COUNT(F13,I13,L13,O13)=0,"",N(F13)*N(G13)+N(I13)*N(J13)+N(L13)*N(M13)+N(O13)*N(P13)) | R13: =IF(Q13="","",IF(D13="ASB","f/cm³·año","mg/m³·año")) | S13: =IF(OR(Q13="",LEFT(D13,3)<>"SIL"),"",TEXT(INDEX($W$6:$W$19,MATCH(Q13,$V$6:$V$19,1)),"0.0%")&" / "&TEXT(INDEX($X$6:$X$19,MATCH(Q13,$V$6:$V$19,1)),"0.0%")&" / "&TEXT(INDEX($Y$6:$Y$19,MATCH(Q13,$V$6:$V$19,1)),"0.0%")) | T13: =IF(Q13="","",IF(D13="ASB",IF(Q13>=25,"En o sobre el rango umbral reportado para asbestosis (25–100 f/ml·año)","Bajo el umbral reportado (25 f/ml·año)"),IF(LEFT(D13,3)="SIL","Referencial: el riesgo depende además de la toxicidad específica del cuarzo (R = f(c, t, S))","Registrar para seguimiento epidemiológico"))) | V13: 250 | W13: 0.172 | X13: 0.825 | Y13: 0.848
D14: =IF(C14="","",IFERROR(INDEX(GES!$E$6:$E$25,MATCH(C14,GES!$A$6:$A$25,0)),"GES?")) | Q14: =IF(COUNT(F14,I14,L14,O14)=0,"",N(F14)*N(G14)+N(I14)*N(J14)+N(L14)*N(M14)+N(O14)*N(P14)) | R14: =IF(Q14="","",IF(D14="ASB","f/cm³·año","mg/m³·año")) | S14: =IF(OR(Q14="",LEFT(D14,3)<>"SIL"),"",TEXT(INDEX($W$6:$W$19,MATCH(Q14,$V$6:$V$19,1)),"0.0%")&" / "&TEXT(INDEX($X$6:$X$19,MATCH(Q14,$V$6:$V$19,1)),"0.0%")&" / "&TEXT(INDEX($Y$6:$Y$19,MATCH(Q14,$V$6:$V$19,1)),"0.0%")) | T14: =IF(Q14="","",IF(D14="ASB",IF(Q14>=25,"En o sobre el rango umbral reportado para asbestosis (25–100 f/ml·año)","Bajo el umbral reportado (25 f/ml·año)"),IF(LEFT(D14,3)="SIL","Referencial: el riesgo depende además de la toxicidad específica del cuarzo (R = f(c, t, S))","Registrar para seguimiento epidemiológico"))) | V14: 300 | W14: 0.225 | X14: 0.901 | Y14: 0.964
D15: =IF(C15="","",IFERROR(INDEX(GES!$E$6:$E$25,MATCH(C15,GES!$A$6:$A$25,0)),"GES?")) | Q15: =IF(COUNT(F15,I15,L15,O15)=0,"",N(F15)*N(G15)+N(I15)*N(J15)+N(L15)*N(M15)+N(O15)*N(P15)) | R15: =IF(Q15="","",IF(D15="ASB","f/cm³·año","mg/m³·año")) | S15: =IF(OR(Q15="",LEFT(D15,3)<>"SIL"),"",TEXT(INDEX($W$6:$W$19,MATCH(Q15,$V$6:$V$19,1)),"0.0%")&" / "&TEXT(INDEX($X$6:$X$19,MATCH(Q15,$V$6:$V$19,1)),"0.0%")&" / "&TEXT(INDEX($Y$6:$Y$19,MATCH(Q15,$V$6:$V$19,1)),"0.0%")) | T15: =IF(Q15="","",IF(D15="ASB",IF(Q15>=25,"En o sobre el rango umbral reportado para asbestosis (25–100 f/ml·año)","Bajo el umbral reportado (25 f/ml·año)"),IF(LEFT(D15,3)="SIL","Referencial: el riesgo depende además de la toxicidad específica del cuarzo (R = f(c, t, S))","Registrar para seguimiento epidemiológico"))) | V15: 350 | W15: 0.285 | X15: 0.945 | Y15: 0.964
D16: =IF(C16="","",IFERROR(INDEX(GES!$E$6:$E$25,MATCH(C16,GES!$A$6:$A$25,0)),"GES?")) | Q16: =IF(COUNT(F16,I16,L16,O16)=0,"",N(F16)*N(G16)+N(I16)*N(J16)+N(L16)*N(M16)+N(O16)*N(P16)) | R16: =IF(Q16="","",IF(D16="ASB","f/cm³·año","mg/m³·año")) | S16: =IF(OR(Q16="",LEFT(D16,3)<>"SIL"),"",TEXT(INDEX($W$6:$W$19,MATCH(Q16,$V$6:$V$19,1)),"0.0%")&" / "&TEXT(INDEX($X$6:$X$19,MATCH(Q16,$V$6:$V$19,1)),"0.0%")&" / "&TEXT(INDEX($Y$6:$Y$19,MATCH(Q16,$V$6:$V$19,1)),"0.0%")) | T16: =IF(Q16="","",IF(D16="ASB",IF(Q16>=25,"En o sobre el rango umbral reportado para asbestosis (25–100 f/ml·año)","Bajo el umbral reportado (25 f/ml·año)"),IF(LEFT(D16,3)="SIL","Referencial: el riesgo depende además de la toxicidad específica del cuarzo (R = f(c, t, S))","Registrar para seguimiento epidemiológico"))) | V16: 400 | W16: 0.367 | X16: 0.969 | Y16: 0.964
D17: =IF(C17="","",IFERROR(INDEX(GES!$E$6:$E$25,MATCH(C17,GES!$A$6:$A$25,0)),"GES?")) | Q17: =IF(COUNT(F17,I17,L17,O17)=0,"",N(F17)*N(G17)+N(I17)*N(J17)+N(L17)*N(M17)+N(O17)*N(P17)) | R17: =IF(Q17="","",IF(D17="ASB","f/cm³·año","mg/m³·año")) | S17: =IF(OR(Q17="",LEFT(D17,3)<>"SIL"),"",TEXT(INDEX($W$6:$W$19,MATCH(Q17,$V$6:$V$19,1)),"0.0%")&" / "&TEXT(INDEX($X$6:$X$19,MATCH(Q17,$V$6:$V$19,1)),"0.0%")&" / "&TEXT(INDEX($Y$6:$Y$19,MATCH(Q17,$V$6:$V$19,1)),"0.0%")) | T17: =IF(Q17="","",IF(D17="ASB",IF(Q17>=25,"En o sobre el rango umbral reportado para asbestosis (25–100 f/ml·año)","Bajo el umbral reportado (25 f/ml·año)"),IF(LEFT(D17,3)="SIL","Referencial: el riesgo depende además de la toxicidad específica del cuarzo (R = f(c, t, S))","Registrar para seguimiento epidemiológico"))) | V17: 450 | W17: 0.413 | X17: 0.969 | Y17: 0.964
D18: =IF(C18="","",IFERROR(INDEX(GES!$E$6:$E$25,MATCH(C18,GES!$A$6:$A$25,0)),"GES?")) | Q18: =IF(COUNT(F18,I18,L18,O18)=0,"",N(F18)*N(G18)+N(I18)*N(J18)+N(L18)*N(M18)+N(O18)*N(P18)) | R18: =IF(Q18="","",IF(D18="ASB","f/cm³·año","mg/m³·año")) | S18: =IF(OR(Q18="",LEFT(D18,3)<>"SIL"),"",TEXT(INDEX($W$6:$W$19,MATCH(Q18,$V$6:$V$19,1)),"0.0%")&" / "&TEXT(INDEX($X$6:$X$19,MATCH(Q18,$V$6:$V$19,1)),"0.0%")&" / "&TEXT(INDEX($Y$6:$Y$19,MATCH(Q18,$V$6:$V$19,1)),"0.0%")) | T18: =IF(Q18="","",IF(D18="ASB",IF(Q18>=25,"En o sobre el rango umbral reportado para asbestosis (25–100 f/ml·año)","Bajo el umbral reportado (25 f/ml·año)"),IF(LEFT(D18,3)="SIL","Referencial: el riesgo depende además de la toxicidad específica del cuarzo (R = f(c, t, S))","Registrar para seguimiento epidemiológico"))) | V18: 500 | W18: 0.443 | X18: 0.969 | Y18: 0.964
D19: =IF(C19="","",IFERROR(INDEX(GES!$E$6:$E$25,MATCH(C19,GES!$A$6:$A$25,0)),"GES?")) | Q19: =IF(COUNT(F19,I19,L19,O19)=0,"",N(F19)*N(G19)+N(I19)*N(J19)+N(L19)*N(M19)+N(O19)*N(P19)) | R19: =IF(Q19="","",IF(D19="ASB","f/cm³·año","mg/m³·año")) | S19: =IF(OR(Q19="",LEFT(D19,3)<>"SIL"),"",TEXT(INDEX($W$6:$W$19,MATCH(Q19,$V$6:$V$19,1)),"0.0%")&" / "&TEXT(INDEX($X$6:$X$19,MATCH(Q19,$V$6:$V$19,1)),"0.0%")&" / "&TEXT(INDEX($Y$6:$Y$19,MATCH(Q19,$V$6:$V$19,1)),"0.0%")) | T19: =IF(Q19="","",IF(D19="ASB",IF(Q19>=25,"En o sobre el rango umbral reportado para asbestosis (25–100 f/ml·año)","Bajo el umbral reportado (25 f/ml·año)"),IF(LEFT(D19,3)="SIL","Referencial: el riesgo depende además de la toxicidad específica del cuarzo (R = f(c, t, S))","Registrar para seguimiento epidemiológico"))) | V19: 600 | W19: 0.537 | X19: 0.969 | Y19: 0.964
D20: =IF(C20="","",IFERROR(INDEX(GES!$E$6:$E$25,MATCH(C20,GES!$A$6:$A$25,0)),"GES?")) | Q20: =IF(COUNT(F20,I20,L20,O20)=0,"",N(F20)*N(G20)+N(I20)*N(J20)+N(L20)*N(M20)+N(O20)*N(P20)) | R20: =IF(Q20="","",IF(D20="ASB","f/cm³·año","mg/m³·año")) | S20: =IF(OR(Q20="",LEFT(D20,3)<>"SIL"),"",TEXT(INDEX($W$6:$W$19,MATCH(Q20,$V$6:$V$19,1)),"0.0%")&" / "&TEXT(INDEX($X$6:$X$19,MATCH(Q20,$V$6:$V$19,1)),"0.0%")&" / "&TEXT(INDEX($Y$6:$Y$19,MATCH(Q20,$V$6:$V$19,1)),"0.0%")) | T20: =IF(Q20="","",IF(D20="ASB",IF(Q20>=25,"En o sobre el rango umbral reportado para asbestosis (25–100 f/ml·año)","Bajo el umbral reportado (25 f/ml·año)"),IF(LEFT(D20,3)="SIL","Referencial: el riesgo depende además de la toxicidad específica del cuarzo (R = f(c, t, S))","Registrar para seguimiento epidemiológico")))
D21: =IF(C21="","",IFERROR(INDEX(GES!$E$6:$E$25,MATCH(C21,GES!$A$6:$A$25,0)),"GES?")) | Q21: =IF(COUNT(F21,I21,L21,O21)=0,"",N(F21)*N(G21)+N(I21)*N(J21)+N(L21)*N(M21)+N(O21)*N(P21)) | R21: =IF(Q21="","",IF(D21="ASB","f/cm³·año","mg/m³·año")) | S21: =IF(OR(Q21="",LEFT(D21,3)<>"SIL"),"",TEXT(INDEX($W$6:$W$19,MATCH(Q21,$V$6:$V$19,1)),"0.0%")&" / "&TEXT(INDEX($X$6:$X$19,MATCH(Q21,$V$6:$V$19,1)),"0.0%")&" / "&TEXT(INDEX($Y$6:$Y$19,MATCH(Q21,$V$6:$V$19,1)),"0.0%")) | T21: =IF(Q21="","",IF(D21="ASB",IF(Q21>=25,"En o sobre el rango umbral reportado para asbestosis (25–100 f/ml·año)","Bajo el umbral reportado (25 f/ml·año)"),IF(LEFT(D21,3)="SIL","Referencial: el riesgo depende además de la toxicidad específica del cuarzo (R = f(c, t, S))","Registrar para seguimiento epidemiológico"))) | V21: Fuente: Chen W. et al., 2005 – tres cohortes chinas (minería de estaño y tungsteno, cerámica), citado en GATI-NEUMO Tabla 8. Celdas de cohortes B y C sin dato en la tabla original se completan con el último valor.
D22: =IF(C22="","",IFERROR(INDEX(GES!$E$6:$E$25,MATCH(C22,GES!$A$6:$A$25,0)),"GES?")) | Q22: =IF(COUNT(F22,I22,L22,O22)=0,"",N(F22)*N(G22)+N(I22)*N(J22)+N(L22)*N(M22)+N(O22)*N(P22)) | R22: =IF(Q22="","",IF(D22="ASB","f/cm³·año","mg/m³·año")) | S22: =IF(OR(Q22="",LEFT(D22,3)<>"SIL"),"",TEXT(INDEX($W$6:$W$19,MATCH(Q22,$V$6:$V$19,1)),"0.0%")&" / "&TEXT(INDEX($X$6:$X$19,MATCH(Q22,$V$6:$V$19,1)),"0.0%")&" / "&TEXT(INDEX($Y$6:$Y$19,MATCH(Q22,$V$6:$V$19,1)),"0.0%")) | T22: =IF(Q22="","",IF(D22="ASB",IF(Q22>=25,"En o sobre el rango umbral reportado para asbestosis (25–100 f/ml·año)","Bajo el umbral reportado (25 f/ml·año)"),IF(LEFT(D22,3)="SIL","Referencial: el riesgo depende además de la toxicidad específica del cuarzo (R = f(c, t, S))","Registrar para seguimiento epidemiológico")))
D23: =IF(C23="","",IFERROR(INDEX(GES!$E$6:$E$25,MATCH(C23,GES!$A$6:$A$25,0)),"GES?")) | Q23: =IF(COUNT(F23,I23,L23,O23)=0,"",N(F23)*N(G23)+N(I23)*N(J23)+N(L23)*N(M23)+N(O23)*N(P23)) | R23: =IF(Q23="","",IF(D23="ASB","f/cm³·año","mg/m³·año")) | S23: =IF(OR(Q23="",LEFT(D23,3)<>"SIL"),"",TEXT(INDEX($W$6:$W$19,MATCH(Q23,$V$6:$V$19,1)),"0.0%")&" / "&TEXT(INDEX($X$6:$X$19,MATCH(Q23,$V$6:$V$19,1)),"0.0%")&" / "&TEXT(INDEX($Y$6:$Y$19,MATCH(Q23,$V$6:$V$19,1)),"0.0%")) | T23: =IF(Q23="","",IF(D23="ASB",IF(Q23>=25,"En o sobre el rango umbral reportado para asbestosis (25–100 f/ml·año)","Bajo el umbral reportado (25 f/ml·año)"),IF(LEFT(D23,3)="SIL","Referencial: el riesgo depende además de la toxicidad específica del cuarzo (R = f(c, t, S))","Registrar para seguimiento epidemiológico")))
D24: =IF(C24="","",IFERROR(INDEX(GES!$E$6:$E$25,MATCH(C24,GES!$A$6:$A$25,0)),"GES?")) | Q24: =IF(COUNT(F24,I24,L24,O24)=0,"",N(F24)*N(G24)+N(I24)*N(J24)+N(L24)*N(M24)+N(O24)*N(P24)) | R24: =IF(Q24="","",IF(D24="ASB","f/cm³·año","mg/m³·año")) | S24: =IF(OR(Q24="",LEFT(D24,3)<>"SIL"),"",TEXT(INDEX($W$6:$W$19,MATCH(Q24,$V$6:$V$19,1)),"0.0%")&" / "&TEXT(INDEX($X$6:$X$19,MATCH(Q24,$V$6:$V$19,1)),"0.0%")&" / "&TEXT(INDEX($Y$6:$Y$19,MATCH(Q24,$V$6:$V$19,1)),"0.0%")) | T24: =IF(Q24="","",IF(D24="ASB",IF(Q24>=25,"En o sobre el rango umbral reportado para asbestosis (25–100 f/ml·año)","Bajo el umbral reportado (25 f/ml·año)"),IF(LEFT(D24,3)="SIL","Referencial: el riesgo depende además de la toxicidad específica del cuarzo (R = f(c, t, S))","Registrar para seguimiento epidemiológico")))
D25: =IF(C25="","",IFERROR(INDEX(GES!$E$6:$E$25,MATCH(C25,GES!$A$6:$A$25,0)),"GES?")) | Q25: =IF(COUNT(F25,I25,L25,O25)=0,"",N(F25)*N(G25)+N(I25)*N(J25)+N(L25)*N(M25)+N(O25)*N(P25)) | R25: =IF(Q25="","",IF(D25="ASB","f/cm³·año","mg/m³·año")) | S25: =IF(OR(Q25="",LEFT(D25,3)<>"SIL"),"",TEXT(INDEX($W$6:$W$19,MATCH(Q25,$V$6:$V$19,1)),"0.0%")&" / "&TEXT(INDEX($X$6:$X$19,MATCH(Q25,$V$6:$V$19,1)),"0.0%")&" / "&TEXT(INDEX($Y$6:$Y$19,MATCH(Q25,$V$6:$V$19,1)),"0.0%")) | T25: =IF(Q25="","",IF(D25="ASB",IF(Q25>=25,"En o sobre el rango umbral reportado para asbestosis (25–100 f/ml·año)","Bajo el umbral reportado (25 f/ml·año)"),IF(LEFT(D25,3)="SIL","Referencial: el riesgo depende además de la toxicidad específica del cuarzo (R = f(c, t, S))","Registrar para seguimiento epidemiológico")))
D26: =IF(C26="","",IFERROR(INDEX(GES!$E$6:$E$25,MATCH(C26,GES!$A$6:$A$25,0)),"GES?")) | Q26: =IF(COUNT(F26,I26,L26,O26)=0,"",N(F26)*N(G26)+N(I26)*N(J26)+N(L26)*N(M26)+N(O26)*N(P26)) | R26: =IF(Q26="","",IF(D26="ASB","f/cm³·año","mg/m³·año")) | S26: =IF(OR(Q26="",LEFT(D26,3)<>"SIL"),"",TEXT(INDEX($W$6:$W$19,MATCH(Q26,$V$6:$V$19,1)),"0.0%")&" / "&TEXT(INDEX($X$6:$X$19,MATCH(Q26,$V$6:$V$19,1)),"0.0%")&" / "&TEXT(INDEX($Y$6:$Y$19,MATCH(Q26,$V$6:$V$19,1)),"0.0%")) | T26: =IF(Q26="","",IF(D26="ASB",IF(Q26>=25,"En o sobre el rango umbral reportado para asbestosis (25–100 f/ml·año)","Bajo el umbral reportado (25 f/ml·año)"),IF(LEFT(D26,3)="SIL","Referencial: el riesgo depende además de la toxicidad específica del cuarzo (R = f(c, t, S))","Registrar para seguimiento epidemiológico")))
D27: =IF(C27="","",IFERROR(INDEX(GES!$E$6:$E$25,MATCH(C27,GES!$A$6:$A$25,0)),"GES?")) | Q27: =IF(COUNT(F27,I27,L27,O27)=0,"",N(F27)*N(G27)+N(I27)*N(J27)+N(L27)*N(M27)+N(O27)*N(P27)) | R27: =IF(Q27="","",IF(D27="ASB","f/cm³·año","mg/m³·año")) | S27: =IF(OR(Q27="",LEFT(D27,3)<>"SIL"),"",TEXT(INDEX($W$6:$W$19,MATCH(Q27,$V$6:$V$19,1)),"0.0%")&" / "&TEXT(INDEX($X$6:$X$19,MATCH(Q27,$V$6:$V$19,1)),"0.0%")&" / "&TEXT(INDEX($Y$6:$Y$19,MATCH(Q27,$V$6:$V$19,1)),"0.0%")) | T27: =IF(Q27="","",IF(D27="ASB",IF(Q27>=25,"En o sobre el rango umbral reportado para asbestosis (25–100 f/ml·año)","Bajo el umbral reportado (25 f/ml·año)"),IF(LEFT(D27,3)="SIL","Referencial: el riesgo depende además de la toxicidad específica del cuarzo (R = f(c, t, S))","Registrar para seguimiento epidemiológico")))
D28: =IF(C28="","",IFERROR(INDEX(GES!$E$6:$E$25,MATCH(C28,GES!$A$6:$A$25,0)),"GES?")) | Q28: =IF(COUNT(F28,I28,L28,O28)=0,"",N(F28)*N(G28)+N(I28)*N(J28)+N(L28)*N(M28)+N(O28)*N(P28)) | R28: =IF(Q28="","",IF(D28="ASB","f/cm³·año","mg/m³·año")) | S28: =IF(OR(Q28="",LEFT(D28,3)<>"SIL"),"",TEXT(INDEX($W$6:$W$19,MATCH(Q28,$V$6:$V$19,1)),"0.0%")&" / "&TEXT(INDEX($X$6:$X$19,MATCH(Q28,$V$6:$V$19,1)),"0.0%")&" / "&TEXT(INDEX($Y$6:$Y$19,MATCH(Q28,$V$6:$V$19,1)),"0.0%")) | T28: =IF(Q28="","",IF(D28="ASB",IF(Q28>=25,"En o sobre el rango umbral reportado para asbestosis (25–100 f/ml·año)","Bajo el umbral reportado (25 f/ml·año)"),IF(LEFT(D28,3)="SIL","Referencial: el riesgo depende además de la toxicidad específica del cuarzo (R = f(c, t, S))","Registrar para seguimiento epidemiológico")))
D29: =IF(C29="","",IFERROR(INDEX(GES!$E$6:$E$25,MATCH(C29,GES!$A$6:$A$25,0)),"GES?")) | Q29: =IF(COUNT(F29,I29,L29,O29)=0,"",N(F29)*N(G29)+N(I29)*N(J29)+N(L29)*N(M29)+N(O29)*N(P29)) | R29: =IF(Q29="","",IF(D29="ASB","f/cm³·año","mg/m³·año")) | S29: =IF(OR(Q29="",LEFT(D29,3)<>"SIL"),"",TEXT(INDEX($W$6:$W$19,MATCH(Q29,$V$6:$V$19,1)),"0.0%")&" / "&TEXT(INDEX($X$6:$X$19,MATCH(Q29,$V$6:$V$19,1)),"0.0%")&" / "&TEXT(INDEX($Y$6:$Y$19,MATCH(Q29,$V$6:$V$19,1)),"0.0%")) | T29: =IF(Q29="","",IF(D29="ASB",IF(Q29>=25,"En o sobre el rango umbral reportado para asbestosis (25–100 f/ml·año)","Bajo el umbral reportado (25 f/ml·año)"),IF(LEFT(D29,3)="SIL","Referencial: el riesgo depende además de la toxicidad específica del cuarzo (R = f(c, t, S))","Registrar para seguimiento epidemiológico")))
D30: =IF(C30="","",IFERROR(INDEX(GES!$E$6:$E$25,MATCH(C30,GES!$A$6:$A$25,0)),"GES?")) | Q30: =IF(COUNT(F30,I30,L30,O30)=0,"",N(F30)*N(G30)+N(I30)*N(J30)+N(L30)*N(M30)+N(O30)*N(P30)) | R30: =IF(Q30="","",IF(D30="ASB","f/cm³·año","mg/m³·año")) | S30: =IF(OR(Q30="",LEFT(D30,3)<>"SIL"),"",TEXT(INDEX($W$6:$W$19,MATCH(Q30,$V$6:$V$19,1)),"0.0%")&" / "&TEXT(INDEX($X$6:$X$19,MATCH(Q30,$V$6:$V$19,1)),"0.0%")&" / "&TEXT(INDEX($Y$6:$Y$19,MATCH(Q30,$V$6:$V$19,1)),"0.0%")) | T30: =IF(Q30="","",IF(D30="ASB",IF(Q30>=25,"En o sobre el rango umbral reportado para asbestosis (25–100 f/ml·año)","Bajo el umbral reportado (25 f/ml·año)"),IF(LEFT(D30,3)="SIL","Referencial: el riesgo depende además de la toxicidad específica del cuarzo (R = f(c, t, S))","Registrar para seguimiento epidemiológico")))
D31: =IF(C31="","",IFERROR(INDEX(GES!$E$6:$E$25,MATCH(C31,GES!$A$6:$A$25,0)),"GES?")) | Q31: =IF(COUNT(F31,I31,L31,O31)=0,"",N(F31)*N(G31)+N(I31)*N(J31)+N(L31)*N(M31)+N(O31)*N(P31)) | R31: =IF(Q31="","",IF(D31="ASB","f/cm³·año","mg/m³·año")) | S31: =IF(OR(Q31="",LEFT(D31,3)<>"SIL"),"",TEXT(INDEX($W$6:$W$19,MATCH(Q31,$V$6:$V$19,1)),"0.0%")&" / "&TEXT(INDEX($X$6:$X$19,MATCH(Q31,$V$6:$V$19,1)),"0.0%")&" / "&TEXT(INDEX($Y$6:$Y$19,MATCH(Q31,$V$6:$V$19,1)),"0.0%")) | T31: =IF(Q31="","",IF(D31="ASB",IF(Q31>=25,"En o sobre el rango umbral reportado para asbestosis (25–100 f/ml·año)","Bajo el umbral reportado (25 f/ml·año)"),IF(LEFT(D31,3)="SIL","Referencial: el riesgo depende además de la toxicidad específica del cuarzo (R = f(c, t, S))","Registrar para seguimiento epidemiológico")))
