Workbook

Sheet Portada

Sheet Acondicionamiento Acustico
A1: NOISERISK — MÓDULO 1: ACONDICIONAMIENTO ACÚSTICO INTERIOR (SABINE)
A3: GEOMETRÍA DEL SALON O TALLER | E3: UBICACIÓN Y FUENTE
A4: Largo del salon o taller(L) | B4: 12 | C4: m | E4: Distancia al Operador (r) | F4: 4.5 | G4: m
A5: Ancho del salon o taller(W) | B5: 12 | C5: m | E5: Factor de Directividad (Q) | F5: 4
A6: Alto del salon o taller(H) | B6: 6 | C6: m | E6: Distancia Sonómetro (r_med) | F6: 2 | G6: m
A7: Superficie Total (S) | B7: =2 * (B4*B5 + B4*B6 + B5*B6) | C7: m²
A8: Volumen del salon o taller(V) | B8: =B4 * B5 * B6 | C8: m³
A10: Frecuencia / Parámetro | B10: 125 Hz | C10: 250 Hz | D10: 500 Hz | E10: 1000 Hz | F10: 2000 Hz | G10: 4000 Hz | H10: GLOBAL
A11: [MEDIDO] Presión Sonora con Sonómetro (Lp) [dB] | B11: 85 | C11: 88 | D11: 86 | E11: 89 | F11: 80 | G11: 78
A12: Potencia Acústica Fuente (Lw) [dB] | B12: =B11 - 10*LOG10( ($F$5 / (4 * PI() * $F$6^2)) + (4 / B18) ) | C12: =C11 - 10*LOG10( ($F$5 / (4 * PI() * $F$6^2)) + (4 / C18) ) | D12: =D11 - 10*LOG10( ($F$5 / (4 * PI() * $F$6^2)) + (4 / D18) ) | E12: =E11 - 10*LOG10( ($F$5 / (4 * PI() * $F$6^2)) + (4 / E18) ) | F12: =F11 - 10*LOG10( ($F$5 / (4 * PI() * $F$6^2)) + (4 / F18) ) | G12: =G11 - 10*LOG10( ($F$5 / (4 * PI() * $F$6^2)) + (4 / G18) )
A14: [ACTUAL] α - Piso (ej. Concreto) | B14: 0.01 | C14: 0.01 | D14: 0.015 | E14: 0.02 | F14: 0.02 | G14: 0.02
A15: [ACTUAL] α - Techo (ej. Placa yeso) | B15: 0.29 | C15: 0.1 | D15: 0.05 | E15: 0.04 | F15: 0.07 | G15: 0.09
A16: [ACTUAL] α - Paredes (ej. Placa yeso) | B16: 0.29 | C16: 0.1 | D16: 0.05 | E16: 0.04 | F16: 0.07 | G16: 0.09
A17: [ACTUAL] Absorbancia Promedio (α_prom) | B17: =((($B$4*$B$5)*B14) + (($B$4*$B$5)*B15) + (2*($B$4+$B$5)*$B$6*B16)) / $B$7 | C17: =((($B$4*$B$5)*C14) + (($B$4*$B$5)*C15) + (2*($B$4+$B$5)*$B$6*C16)) / $B$7 | D17: =((($B$4*$B$5)*D14) + (($B$4*$B$5)*D15) + (2*($B$4+$B$5)*$B$6*D16)) / $B$7 | E17: =((($B$4*$B$5)*E14) + (($B$4*$B$5)*E15) + (2*($B$4+$B$5)*$B$6*E16)) / $B$7 | F17: =((($B$4*$B$5)*F14) + (($B$4*$B$5)*F15) + (2*($B$4+$B$5)*$B$6*F16)) / $B$7 | G17: =((($B$4*$B$5)*G14) + (($B$4*$B$5)*G15) + (2*($B$4+$B$5)*$B$6*G16)) / $B$7
A18: [ACTUAL] Constante del Recinto (R) [m²] | B18: =($B$7 * B17) / (1 - B17) | C18: =($B$7 * C17) / (1 - C17) | D18: =($B$7 * D17) / (1 - D17) | E18: =($B$7 * E17) / (1 - E17) | F18: =($B$7 * F17) / (1 - F17) | G18: =($B$7 * G17) / (1 - G17)
A19: [ACTUAL] Nivel Presión Sonora (Lp) [dB] | B19: =B12 + 10*LOG10( ($F$5 / (4 * PI() * ($F$4^2))) + (4 / B18) ) | C19: =C12 + 10*LOG10( ($F$5 / (4 * PI() * ($F$4^2))) + (4 / C18) ) | D19: =D12 + 10*LOG10( ($F$5 / (4 * PI() * ($F$4^2))) + (4 / D18) ) | E19: =E12 + 10*LOG10( ($F$5 / (4 * PI() * ($F$4^2))) + (4 / E18) ) | F19: =F12 + 10*LOG10( ($F$5 / (4 * PI() * ($F$4^2))) + (4 / F18) ) | G19: =G12 + 10*LOG10( ($F$5 / (4 * PI() * ($F$4^2))) + (4 / G18) )
A20: Corrección Ponderación A [dB] (Valores fijos): | B20: -16.1 | C20: -8.6 | D20: -3.2 | E20: 0 | F20: 1.2 | G20: 1
A21: [ACTUAL] Nivel de Ruido [dBA] | B21: =B19 + B20 | C21: =C19 + C20 | D21: =D19 + D20 | E21: =E19 + E20 | F21: =F19 + F20 | G21: =G19 + G20 | H21: =10 *LOG10(10^(B21/10) + 10^(C21/10) + 10^(D21/10) + 10^(E21/10) + 10^(F21/10) + 10^(G21/10))
A22: [ACTUAL] Distancia Crítica (rc) [m] | B22: =SQRT(($F$5 * B18) / (16 * PI())) | C22: =SQRT(($F$5 * C18) / (16 * PI())) | D22: =SQRT(($F$5 * D18) / (16 * PI())) | E22: =SQRT(($F$5 * E18) / (16 * PI())) | F22: =SQRT(($F$5 * F18) / (16 * PI())) | G22: =SQRT(($F$5 * G18) / (16 * PI()))
A24: [PROPUESTO] α - Piso | B24: 0.01 | C24: 0.01 | D24: 0.015 | E24: 0.02 | F24: 0.02 | G24: 0.02
A25: [PROPUESTO] α - Techo | B25: 0.29 | C25: 0.1 | D25: 0.05 | E25: 0.04 | F25: 0.07 | G25: 0.09
A26: [PROPUESTO] α - Paredes (Lana/Fibra de Vidrio) | B26: 0.22 | C26: 0.82 | D26: 0.99 | E26: 0.99 | F26: 0.99 | G26: 0.99
A27: [PROPUESTO] Absorbancia Promedio (α_prom) | B27: =((($B$4*$B$5)*B24) + (($B$4*$B$5)*B25) + (2*($B$4+$B$5)*$B$6*B26)) / $B$7 | C27: =((($B$4*$B$5)*C24) + (($B$4*$B$5)*C25) + (2*($B$4+$B$5)*$B$6*C26)) / $B$7 | D27: =((($B$4*$B$5)*D24) + (($B$4*$B$5)*D25) + (2*($B$4+$B$5)*$B$6*D26)) / $B$7 | E27: =((($B$4*$B$5)*E24) + (($B$4*$B$5)*E25) + (2*($B$4+$B$5)*$B$6*E26)) / $B$7 | F27: =((($B$4*$B$5)*F24) + (($B$4*$B$5)*F25) + (2*($B$4+$B$5)*$B$6*F26)) / $B$7 | G27: =((($B$4*$B$5)*G24) + (($B$4*$B$5)*G25) + (2*($B$4+$B$5)*$B$6*G26)) / $B$7
A28: [PROPUESTO] Constante del Recinto (R) [m²] | B28: =($B$7 * B27) / (1 - B27) | C28: =($B$7 * C27) / (1 - C27) | D28: =($B$7 * D27) / (1 - D27) | E28: =($B$7 * E27) / (1 - E27) | F28: =($B$7 * F27) / (1 - F27) | G28: =($B$7 * G27) / (1 - G27)
A29: [PROPUESTO] Nivel Presión Sonora (Lp) [dB] | B29: =B12 + 10*LOG10( ($F$5 / (4 * PI() * ($F$4^2))) + (4 / B28) ) | C29: =C12 + 10*LOG10( ($F$5 / (4 * PI() * ($F$4^2))) + (4 / C28) ) | D29: =D12 + 10*LOG10( ($F$5 / (4 * PI() * ($F$4^2))) + (4 / D28) ) | E29: =E12 + 10*LOG10( ($F$5 / (4 * PI() * ($F$4^2))) + (4 / E28) ) | F29: =F12 + 10*LOG10( ($F$5 / (4 * PI() * ($F$4^2))) + (4 / F28) ) | G29: =G12 + 10*LOG10( ($F$5 / (4 * PI() * ($F$4^2))) + (4 / G28) )
A30: [PROPUESTO] Nivel de Ruido [dBA] | B30: =B29 + B20 | C30: =C29 + C20 | D30: =D29 + D20 | E30: =E29 + E20 | F30: =F29 + F20 | G30: =G29 + G20 | H30: =10 *LOG10(10^(B30/10) + 10^(C30/10) + 10^(D30/10) + 10^(E30/10) + 10^(F30/10) + 10^(G30/10))
A31: [PROPUESTO] Distancia Crítica (rc) [m] | B31: =SQRT(($F$5 * B28) / (16 * PI())) | C31: =SQRT(($F$5 * C28) / (16 * PI())) | D31: =SQRT(($F$5 * D28) / (16 * PI())) | E31: =SQRT(($F$5 * E28) / (16 * PI())) | F31: =SQRT(($F$5 * F28) / (16 * PI())) | G31: =SQRT(($F$5 * G28) / (16 * PI()))
A34: RESUMEN DE EVALUACIÓN ACÚSTICA
A35: Nivel de Ruido Actual (Sin Tratamiento): | C35: =H21 | D35: dBA
A36: Nivel de Ruido Proyectado (Con Tratamiento) | C36: =H30 | D36: dBA
A37: Reducción Total Lograda (Δ dBA): | C37: =C35 - C36 | D37: dBA
A38: Evaluación de Cumplimiento (Norma 85 dBA): | C38: =IF(C36<=85, "CUMPLE NORMA", "EXCEDE LÍMITE")

Sheet Aislamiento y Transmision
A1: NOISERISK — MÓDULO 2: AISLAMIENTO ACÚSTICO Y PÉRDIDA POR TRANSMISIÓN (TL)
A3: DESCRIPCIÓN DEL SISTEMA Y FUENTE
A4: Fuente / Equipo Ruidoso: | B4: Compresor Industrial / Generador
A5: Material del Cerramiento / Muro: | B5: Muro de Mampostería / Panel Acústico
A6: Límite Máximo Permitido (Norma) | B6: 85 | D6: dBA
A9: Frecuencia / Parámetro | B9: 125 Hz | C9: 250 Hz | D9: 500 Hz | E9: 1000 Hz | F9: 2000 Hz | G9: 4000 Hz | H9: GLOBAL
A10: Nivel de Sonido de la Fuente (Lp1) [dB] | B10: 95 | C10: 98 | D10: 102 | E10: 100 | F10: 96 | G10: 90
A11: Pérdida por Transmisión del Material (TL) [dB] | B11: 25 | C11: 30 | D11: 38 | E11: 45 | F11: 52 | G11: 55
A12: Nivel Transmitido al Otro Lado (Lp2) [dB] | B12: =B10 - B11 | C12: =C10 - C11 | D12: =D10 - D11 | E12: =E10 - E11 | F12: =F10 - F11 | G12: =G10 - G11
A13: Corrección Ponderación A [dB] | B13: -16.1 | C13: -8.6 | D13: -3.2 | E13: 0 | F13: 1.2 | G13: 1
A14: Ruido Fuente [dBA] | B14: =B10 + B13 | C14: =C10 + C13 | D14: =D10 + D13 | E14: =E10 + E13 | F14: =F10 + F13 | G14: =G10 + G13 | H14: =10 *LOG10(10^(B14/10) + 10^(C14/10) + 10^(D14/10) + 10^(E14/10) + 10^(F14/10) + 10^(G14/10))
A15: Ruido Transmitido [dBA] | B15: =B12 + B13 | C15: =C12 + C13 | D15: =D12 + D13 | E15: =E12 + E13 | F15: =F12 + F13 | G15: =G12 + G13 | H15: =10 *LOG10(10^(B15/10) + 10^(C15/10) + 10^(D15/10) + 10^(E15/10) + 10^(F15/10) + 10^(G15/10))
A18: RESUMEN DE AISLAMIENTO ACÚSTICO
A19: Ruido Generado por la Fuente: | C19: =H14 | D19: dBA
A20: Ruido Transmitido al Receptor: | C20: =H15 | D20: dBA
A21: Aislamiento Neto Logrado (Δ dBA): | C21: =C19 - C20 | D21: dBA
A22: Evaluación de Cumplimiento: | C22: =IF(C20<=B6, "CUMPLE NORMA", "REQUIERE MAYOR AISLAMIENTO")

Sheet Barreras Acusticas
A1: NOISERISK — MÓDULO 3: DISEÑO DE BARRERAS Y PANTALLAS ACÚSTICAS (IL)
A3: GEOMETRÍA Y DISTANCIAS DEL PROYECTO
A4: Altura de la Barrera (h) | B4: 3 | C4: m
A5: Ancho / Longitud de la Barrera (w) | B5: 10 | C5: m
A6: Distancia Fuente a Barrera (ds) | B6: 5 | C6: m
A7: Distancia Barrera a Receptor (dr) | B7: 15 | C7: m
A9: Distancia Fuente a Receptor (dr) | B9: =B6 + B7 | C9: m
A10: Trayectoria Sobre Barrera | B10: =SQRT(B6^2 + B4^2) + SQRT(B7^2 + B4^2) | C10: m
A11: Diferencia de Recorrido (δ) | B11: =B10 - B9 | C11: m
A14: Frecuencia / Parámetro | B14: 63 | C14: 125 | D14: 250 | E14: 500 | F14: 1000 | G14: 2000 | H14: 4000 | I14: 8000
A15: Ruido Inicial en Receptor [dBA] | B15: 70 | C15: 75 | D15: 82 | E15: 88 | F15: 90 | G15: 86 | H15: 80 | I15: 72
A16: Numero de Fresnel ( adimensional ) | B16: =(2 * B14 * $B$11) / 343 | C16: =(2 * C14 * $B$11) / 343 | D16: =(2 * D14 * $B$11) / 343 | E16: =(2 * E14 * $B$11) / 343 | F16: =(2 * F14 * $B$11) / 343 | G16: =(2 * G14 * $B$11) / 343 | H16: =(2 * H14 * $B$11) / 343 | I16: =(2 * I14 * $B$11) / 343
A17: Atenuación Teórica [dB] | B17: =10 *LOG10(3 + 20 * B16) | C17: =10 *LOG10(3 + 20 * C16) | D17: =10 *LOG10(3 + 20 * D16) | E17: =10 *LOG10(3 + 20 * E16) | F17: =10 *LOG10(3 + 20 * F16) | G17: =10 *LOG10(3 + 20 * G16) | H17: =10 *LOG10(3 + 20 * H16) | I17: =10 *LOG10(3 + 20 * I16)
A18: Atenuación Real Barrera (IL) [dB] | B18: =MIN(20, B17) | C18: =MIN(20, C17) | D18: =MIN(20, D17) | E18: =MIN(20, E17) | F18: =MIN(20, F17) | G18: =MIN(20, G17) | H18: =MIN(20, H17) | I18: =MIN(20, I17)
A19: Ruido Final en Receptor [dBA] | B19: =B15 - B18 | C19: =C15 - C18 | D19: =D15 - D18 | E19: =E15 - E18 | F19: =F15 - F18 | G19: =G15 - G18 | H19: =H15 - H18 | I19: =I15 - I18
A23: RESUMEN DE EVALUACIÓN DE LA BARRERA
A24: Ruido Inicial Global Sin Barrera | C24: =10 *LOG10(10^(B15/10) + 10^(C15/10) + 10^(D15/10) + 10^(E15/10) + 10^(F15/10) + 10^(G15/10) + 10^(H15/10) + 10^(I15/10)) | D24: dBA
A25: Ruido Final Global Con Barrera: | C25: =10 *LOG10(10^(B19/10) + 10^(C19/10) + 10^(D19/10) + 10^(E19/10) + 10^(F19/10) + 10^(G19/10) + 10^(H19/10) + 10^(I19/10)) | D25: dBA
A26: Atenuación Neta de la Barrera (Δ dBA): | C26: =C24 - C25 | D26: dBA
A27: Evaluación de Cumplimiento (Norma 85 dBA): | C27: =IF(C25<=85, "CUMPLE NORMA", "REQUIERE MAYOR ALTURA")

Sheet Dosimetria y TWA
A1: NOISERISK — MÓDULO 4: DOSIMETRÍA Y EXPOSICIÓN OCUPACIONAL (TWA / DOSIS)
A3: CRITERIO DE EVALUACIÓN
A4: Criterio | B4: ACGIH / NIOSH (85 dBA, Q=3)
A5: Nivel criterio (C) | B5: =INDEX('Datos de Referencia'!$B$5:$B$7,MATCH($B$4,'Datos de Referencia'!$A$5:$A$7,0)) | C5: dBA
A6: Tasa de intercambio (Q) | B6: =INDEX('Datos de Referencia'!$C$5:$C$7,MATCH($B$4,'Datos de Referencia'!$A$5:$A$7,0)) | C6: dB
A7: Umbral (no acumula dosis por debajo) | B7: =INDEX('Datos de Referencia'!$D$5:$D$7,MATCH($B$4,'Datos de Referencia'!$A$5:$A$7,0)) | C7: dBA
A9: DESGLOSE DE TAREAS / EXPOSICIONES
A10: Tarea / Actividad | B10: Leq medido [dBA] | C10: Duración [h] | D10: ¿Sobre umbral? | E10: Tiempo permitido T [h] | F10: Dosis parcial [%]
A11: Operación de troqueladora | B11: 95 | C11: 3 | D11: =IF(N(B11)=0,"",IF(B11>=$B$7,"Sí","No")) | E11: =IF(D11="Sí",8/2^((B11-$B$5)/$B$6),"") | F11: =IF(AND(D11="Sí",N(C11)>0),C11/E11*100,IF(D11="No",0,""))
A12: Ensamble manual (zona alejada) | B12: 78 | C12: 2 | D12: =IF(N(B12)=0,"",IF(B12>=$B$7,"Sí","No")) | E12: =IF(D12="Sí",8/2^((B12-$B$5)/$B$6),"") | F12: =IF(AND(D12="Sí",N(C12)>0),C12/E12*100,IF(D12="No",0,""))
A13: Corte con sierra circular | B13: 98 | C13: 1.5 | D13: =IF(N(B13)=0,"",IF(B13>=$B$7,"Sí","No")) | E13: =IF(D13="Sí",8/2^((B13-$B$5)/$B$6),"") | F13: =IF(AND(D13="Sí",N(C13)>0),C13/E13*100,IF(D13="No",0,""))
A14: Almuerzo / descanso (fuera de planta) | B14: 65 | C14: 1 | D14: =IF(N(B14)=0,"",IF(B14>=$B$7,"Sí","No")) | E14: =IF(D14="Sí",8/2^((B14-$B$5)/$B$6),"") | F14: =IF(AND(D14="Sí",N(C14)>0),C14/E14*100,IF(D14="No",0,""))
A15: Mantenimiento y limpieza | B15: 88 | C15: 0.5 | D15: =IF(N(B15)=0,"",IF(B15>=$B$7,"Sí","No")) | E15: =IF(D15="Sí",8/2^((B15-$B$5)/$B$6),"") | F15: =IF(AND(D15="Sí",N(C15)>0),C15/E15*100,IF(D15="No",0,""))
D16: =IF(N(B16)=0,"",IF(B16>=$B$7,"Sí","No")) | E16: =IF(D16="Sí",8/2^((B16-$B$5)/$B$6),"") | F16: =IF(AND(D16="Sí",N(C16)>0),C16/E16*100,IF(D16="No",0,""))
D17: =IF(N(B17)=0,"",IF(B17>=$B$7,"Sí","No")) | E17: =IF(D17="Sí",8/2^((B17-$B$5)/$B$6),"") | F17: =IF(AND(D17="Sí",N(C17)>0),C17/E17*100,IF(D17="No",0,""))
D18: =IF(N(B18)=0,"",IF(B18>=$B$7,"Sí","No")) | E18: =IF(D18="Sí",8/2^((B18-$B$5)/$B$6),"") | F18: =IF(AND(D18="Sí",N(C18)>0),C18/E18*100,IF(D18="No",0,""))
A19: TOTAL | C19: =SUM(C11:C18) | F19: =SUM(F11:F18)
A21: RESULTADOS
A22: Duración total evaluada | C22: =C19
A23: Dosis total | C23: =F19
A24: TWA equivalente (8 h) | C24: =IF(C23>0,$B$5+$B$6*LOG10(C23/100)/LOG10(2),"N/D (sin dosis)")
A25: Clasificación (severidad) | C25: =IF(C23=0,"SIN DATOS",IF(C23<50,"ACEPTABLE",IF(C23<100,"PRECAUCIÓN",IF(C23<200,"MODERADO",IF(C23<400,"ALTO","EXTREMADAMENTE ALTO")))))
A26: Evaluación de cumplimiento | C26: =IF(C23=0,"SIN DATOS",IF(C23<=100,"CUMPLE CRITERIO","EXCEDE CRITERIO"))
A28: Nota: la Dosis y el TWA se calculan combinando todas las tareas con SUM(Cn/Tn) × 100, el método estándar para exposiciones variables (ACGIH/NIOSH/OSHA). Solo se acumula dosis en tareas cuyo nivel medido está en o por encima del umbral del criterio seleccionado. Para exposiciones simples y homogéneas basta con diligenciar una sola fila con la duración total de la jornada.

Sheet Proteccion Auditiva
A1: NOISERISK — MÓDULO 5: SELECCIÓN Y VERIFICACIÓN DE PROTECCIÓN AUDITIVA (NRR)
A3: EXPOSICIÓN SIN PROTECCIÓN (desde Módulo 4)
A4: TWA sin protección | B4: =IF(ISNUMBER('Dosimetria y TWA'!C24),'Dosimetria y TWA'!C24,"")
A5: Dosis sin protección | B5: ='Dosimetria y TWA'!C23
A7: PROTECTOR AUDITIVO SELECCIONADO (celdas amarillas)
A8: Tipo de protector | B8: Doble protección
A9: NRR etiquetado del fabricante | B9: 29 | C9: dB
A10: Método de derating | B10: NIOSH (según tipo)
A12: RESULTADO
A13: NRR efectivo aplicado | B13: =IF($B$8="Ninguno",0,IF($B$10="OSHA ((NRR-7)/2)",MAX(0,($B$9-7)/2),IF($B$8="Orejeras (earmuffs)",MAX(0,0.75*$B$9-7),IF($B$8="Tapones moldeables (foam)",MAX(0,0.5*$B$9-7),IF($B$8="Otros tapones (premoldeados)",MAX(0,0.3*$B$9-7),IF($B$8="Doble protección",MAX(0,0.75*$B$9-7)+5,0))))))
A14: Nivel estimado en el oído protegido | B14: =IF(B4="","",MAX(B4-B13,0))
A15: Dosis protegida estimada | B15: =IF(OR(B4="",$B$5=0),$B$5,$B$5*2^(-$B$13/'Dosimetria y TWA'!$B$6))
A16: TWA protegida estimada | B16: =IF(B15>0,'Dosimetria y TWA'!$B$5+'Dosimetria y TWA'!$B$6*LOG10(B15/100)/LOG10(2),"N/D")
A17: Evaluación | B17: =IF(B4="","Complete el Módulo 4 (Dosimetría)",IF($B$8="Ninguno",IF('Dosimetria y TWA'!C23<='Dosimetria y TWA'!0+100,"SIN DATOS DE PROTECCIÓN — evalúe si se requiere","SIN PROTECCIÓN — REQUERIDA"),IF(B16<'Dosimetria y TWA'!$B$5,"ADECUADA (bajo el criterio)","INSUFICIENTE — revisar selección")))
A18: ¿Se recomienda doble protección? | B18: =IF(B4="","",IF(B4>=100,"Sí — TWA sin protección ≥ 100 dBA","No es necesaria"))
A20: Notas: el NRR de fábrica sobreestima sistemáticamente la atenuación real; por eso se aplica un factor de derating. El método NIOSH varía según el tipo de protector (más preciso); el método OSHA aplica el mismo factor (NRR−7)/2 a cualquier protector (más simple, uso regulatorio en EE. UU.). La recomendación de doble protección a partir de 100 dBA es una guía práctica habitual (NIOSH), no un límite normativo fijo — verifique el criterio de su programa de conservación auditiva. Este módulo estima la dosis protegida asumiendo una atenuación constante durante toda la jornada; no reemplaza la verificación individual (fit-testing) ni la audiometría.

Sheet Plan de Control
A1: NOISERISK — PLAN DE CONTROL AUTOMÁTICO
A2: Genera recomendaciones a partir de la severidad (Dosis/TWA del Módulo 4) y del resultado del Módulo 5 (Protección Auditiva). Las reglas se pueden editar en 'Biblioteca de Controles'. Es una ayuda para el profesional: la decisión final es del higienista/SST responsable.
A4: ENTRADAS (celdas amarillas) | F4: CONDICIONES EVALUADAS | G4: Cumple | H4: Descripción
A5: Tipo de fuente de ruido | D5: Continua | F5: S | G5: =1 | H5: Siempre
F6: IMPULSIVO | G6: =IF($D$5='Datos de Referencia'!$D$37,1,0) | H6: Fuente impulsiva o de impacto
A7: RESULTADO DE LA EVALUACIÓN (automático) | F7: PROT_NONE | G7: =IF('Proteccion Auditiva'!$B$8="Ninguno",1,0) | H7: No se usa protección auditiva
A8: Dosis total | D8: ='Dosimetria y TWA'!C23 | F8: PROT_INSUF | G8: =IF(LEFT('Proteccion Auditiva'!$B$17,12)="INSUFICIENTE",1,0) | H8: Protección seleccionada insuficiente
A9: TWA equivalente | D9: ='Dosimetria y TWA'!C24 | F9: PROT_OK | G9: =IF(LEFT('Proteccion Auditiva'!$B$17,8)="ADECUADA",1,0) | H9: Protección seleccionada adecuada
A10: Severidad | D10: ='Dosimetria y TWA'!C25 | F10: DOBLE_REQ | G10: =IF(LEFT('Proteccion Auditiva'!$B$18,2)="Sí",1,0) | H10: TWA sin protección ≥ 100 dBA
A11: Nivel de severidad (0-5) | D11: =IF(D10="ACEPTABLE",1,IF(D10="PRECAUCIÓN",2,IF(D10="MODERADO",3,IF(D10="ALTO",4,IF(D10="EXTREMADAMENTE ALTO",5,0)))))
A12: Protección auditiva evaluada | D12: =IF('Proteccion Auditiva'!B8="Ninguno","No","Sí")
A13: Resultado protección auditiva | D13: ='Proteccion Auditiva'!B17
A14: ¿Doble protección recomendada? | D14: ='Proteccion Auditiva'!B18
A16: RESUMEN
A17: =IF(D11=0,"Complete el Módulo 4 (Dosimetría) para generar el plan.","Severidad "&D10&": dosis "&ROUND(D8,0)&"% (TWA "&ROUND(D9,1)&" dBA). "&IF(D12="No","Aún no se ha evaluado la protección auditiva (Módulo 5). ","Protección auditiva: "&D13&". "))
A19: PLAN DE CONTROL RECOMENDADO
A20: N° | B20: Nivel | C20: Tipo de control | D20: Recomendación
A21: =IF(1<=COUNTIF('Biblioteca de Controles'!$H$5:$H$23,1),1,"") | B21: =IF($A21="","",INDEX('Biblioteca de Controles'!$B$5:$B$23,MATCH($A21,'Biblioteca de Controles'!$I$5:$I$23,0))) | C21: =IF($A21="","",INDEX('Biblioteca de Controles'!$C$5:$C$23,MATCH($A21,'Biblioteca de Controles'!$I$5:$I$23,0))) | D21: =IF($A21="","",INDEX('Biblioteca de Controles'!$D$5:$D$23,MATCH($A21,'Biblioteca de Controles'!$I$5:$I$23,0)))
A22: =IF(2<=COUNTIF('Biblioteca de Controles'!$H$5:$H$23,1),2,"") | B22: =IF($A22="","",INDEX('Biblioteca de Controles'!$B$5:$B$23,MATCH($A22,'Biblioteca de Controles'!$I$5:$I$23,0))) | C22: =IF($A22="","",INDEX('Biblioteca de Controles'!$C$5:$C$23,MATCH($A22,'Biblioteca de Controles'!$I$5:$I$23,0))) | D22: =IF($A22="","",INDEX('Biblioteca de Controles'!$D$5:$D$23,MATCH($A22,'Biblioteca de Controles'!$I$5:$I$23,0)))
A23: =IF(3<=COUNTIF('Biblioteca de Controles'!$H$5:$H$23,1),3,"") | B23: =IF($A23="","",INDEX('Biblioteca de Controles'!$B$5:$B$23,MATCH($A23,'Biblioteca de Controles'!$I$5:$I$23,0))) | C23: =IF($A23="","",INDEX('Biblioteca de Controles'!$C$5:$C$23,MATCH($A23,'Biblioteca de Controles'!$I$5:$I$23,0))) | D23: =IF($A23="","",INDEX('Biblioteca de Controles'!$D$5:$D$23,MATCH($A23,'Biblioteca de Controles'!$I$5:$I$23,0)))
A24: =IF(4<=COUNTIF('Biblioteca de Controles'!$H$5:$H$23,1),4,"") | B24: =IF($A24="","",INDEX('Biblioteca de Controles'!$B$5:$B$23,MATCH($A24,'Biblioteca de Controles'!$I$5:$I$23,0))) | C24: =IF($A24="","",INDEX('Biblioteca de Controles'!$C$5:$C$23,MATCH($A24,'Biblioteca de Controles'!$I$5:$I$23,0))) | D24: =IF($A24="","",INDEX('Biblioteca de Controles'!$D$5:$D$23,MATCH($A24,'Biblioteca de Controles'!$I$5:$I$23,0)))
A25: =IF(5<=COUNTIF('Biblioteca de Controles'!$H$5:$H$23,1),5,"") | B25: =IF($A25="","",INDEX('Biblioteca de Controles'!$B$5:$B$23,MATCH($A25,'Biblioteca de Controles'!$I$5:$I$23,0))) | C25: =IF($A25="","",INDEX('Biblioteca de Controles'!$C$5:$C$23,MATCH($A25,'Biblioteca de Controles'!$I$5:$I$23,0))) | D25: =IF($A25="","",INDEX('Biblioteca de Controles'!$D$5:$D$23,MATCH($A25,'Biblioteca de Controles'!$I$5:$I$23,0)))
A26: =IF(6<=COUNTIF('Biblioteca de Controles'!$H$5:$H$23,1),6,"") | B26: =IF($A26="","",INDEX('Biblioteca de Controles'!$B$5:$B$23,MATCH($A26,'Biblioteca de Controles'!$I$5:$I$23,0))) | C26: =IF($A26="","",INDEX('Biblioteca de Controles'!$C$5:$C$23,MATCH($A26,'Biblioteca de Controles'!$I$5:$I$23,0))) | D26: =IF($A26="","",INDEX('Biblioteca de Controles'!$D$5:$D$23,MATCH($A26,'Biblioteca de Controles'!$I$5:$I$23,0)))
A27: =IF(7<=COUNTIF('Biblioteca de Controles'!$H$5:$H$23,1),7,"") | B27: =IF($A27="","",INDEX('Biblioteca de Controles'!$B$5:$B$23,MATCH($A27,'Biblioteca de Controles'!$I$5:$I$23,0))) | C27: =IF($A27="","",INDEX('Biblioteca de Controles'!$C$5:$C$23,MATCH($A27,'Biblioteca de Controles'!$I$5:$I$23,0))) | D27: =IF($A27="","",INDEX('Biblioteca de Controles'!$D$5:$D$23,MATCH($A27,'Biblioteca de Controles'!$I$5:$I$23,0)))
A28: =IF(8<=COUNTIF('Biblioteca de Controles'!$H$5:$H$23,1),8,"") | B28: =IF($A28="","",INDEX('Biblioteca de Controles'!$B$5:$B$23,MATCH($A28,'Biblioteca de Controles'!$I$5:$I$23,0))) | C28: =IF($A28="","",INDEX('Biblioteca de Controles'!$C$5:$C$23,MATCH($A28,'Biblioteca de Controles'!$I$5:$I$23,0))) | D28: =IF($A28="","",INDEX('Biblioteca de Controles'!$D$5:$D$23,MATCH($A28,'Biblioteca de Controles'!$I$5:$I$23,0)))
A29: =IF(9<=COUNTIF('Biblioteca de Controles'!$H$5:$H$23,1),9,"") | B29: =IF($A29="","",INDEX('Biblioteca de Controles'!$B$5:$B$23,MATCH($A29,'Biblioteca de Controles'!$I$5:$I$23,0))) | C29: =IF($A29="","",INDEX('Biblioteca de Controles'!$C$5:$C$23,MATCH($A29,'Biblioteca de Controles'!$I$5:$I$23,0))) | D29: =IF($A29="","",INDEX('Biblioteca de Controles'!$D$5:$D$23,MATCH($A29,'Biblioteca de Controles'!$I$5:$I$23,0)))
A30: =IF(10<=COUNTIF('Biblioteca de Controles'!$H$5:$H$23,1),10,"") | B30: =IF($A30="","",INDEX('Biblioteca de Controles'!$B$5:$B$23,MATCH($A30,'Biblioteca de Controles'!$I$5:$I$23,0))) | C30: =IF($A30="","",INDEX('Biblioteca de Controles'!$C$5:$C$23,MATCH($A30,'Biblioteca de Controles'!$I$5:$I$23,0))) | D30: =IF($A30="","",INDEX('Biblioteca de Controles'!$D$5:$D$23,MATCH($A30,'Biblioteca de Controles'!$I$5:$I$23,0)))
A31: =IF(11<=COUNTIF('Biblioteca de Controles'!$H$5:$H$23,1),11,"") | B31: =IF($A31="","",INDEX('Biblioteca de Controles'!$B$5:$B$23,MATCH($A31,'Biblioteca de Controles'!$I$5:$I$23,0))) | C31: =IF($A31="","",INDEX('Biblioteca de Controles'!$C$5:$C$23,MATCH($A31,'Biblioteca de Controles'!$I$5:$I$23,0))) | D31: =IF($A31="","",INDEX('Biblioteca de Controles'!$D$5:$D$23,MATCH($A31,'Biblioteca de Controles'!$I$5:$I$23,0)))
A32: =IF(12<=COUNTIF('Biblioteca de Controles'!$H$5:$H$23,1),12,"") | B32: =IF($A32="","",INDEX('Biblioteca de Controles'!$B$5:$B$23,MATCH($A32,'Biblioteca de Controles'!$I$5:$I$23,0))) | C32: =IF($A32="","",INDEX('Biblioteca de Controles'!$C$5:$C$23,MATCH($A32,'Biblioteca de Controles'!$I$5:$I$23,0))) | D32: =IF($A32="","",INDEX('Biblioteca de Controles'!$D$5:$D$23,MATCH($A32,'Biblioteca de Controles'!$I$5:$I$23,0)))
A33: =IF(13<=COUNTIF('Biblioteca de Controles'!$H$5:$H$23,1),13,"") | B33: =IF($A33="","",INDEX('Biblioteca de Controles'!$B$5:$B$23,MATCH($A33,'Biblioteca de Controles'!$I$5:$I$23,0))) | C33: =IF($A33="","",INDEX('Biblioteca de Controles'!$C$5:$C$23,MATCH($A33,'Biblioteca de Controles'!$I$5:$I$23,0))) | D33: =IF($A33="","",INDEX('Biblioteca de Controles'!$D$5:$D$23,MATCH($A33,'Biblioteca de Controles'!$I$5:$I$23,0)))
A34: =IF(14<=COUNTIF('Biblioteca de Controles'!$H$5:$H$23,1),14,"") | B34: =IF($A34="","",INDEX('Biblioteca de Controles'!$B$5:$B$23,MATCH($A34,'Biblioteca de Controles'!$I$5:$I$23,0))) | C34: =IF($A34="","",INDEX('Biblioteca de Controles'!$C$5:$C$23,MATCH($A34,'Biblioteca de Controles'!$I$5:$I$23,0))) | D34: =IF($A34="","",INDEX('Biblioteca de Controles'!$D$5:$D$23,MATCH($A34,'Biblioteca de Controles'!$I$5:$I$23,0)))
A35: =IF(15<=COUNTIF('Biblioteca de Controles'!$H$5:$H$23,1),15,"") | B35: =IF($A35="","",INDEX('Biblioteca de Controles'!$B$5:$B$23,MATCH($A35,'Biblioteca de Controles'!$I$5:$I$23,0))) | C35: =IF($A35="","",INDEX('Biblioteca de Controles'!$C$5:$C$23,MATCH($A35,'Biblioteca de Controles'!$I$5:$I$23,0))) | D35: =IF($A35="","",INDEX('Biblioteca de Controles'!$D$5:$D$23,MATCH($A35,'Biblioteca de Controles'!$I$5:$I$23,0)))
A36: =IF(16<=COUNTIF('Biblioteca de Controles'!$H$5:$H$23,1),16,"") | B36: =IF($A36="","",INDEX('Biblioteca de Controles'!$B$5:$B$23,MATCH($A36,'Biblioteca de Controles'!$I$5:$I$23,0))) | C36: =IF($A36="","",INDEX('Biblioteca de Controles'!$C$5:$C$23,MATCH($A36,'Biblioteca de Controles'!$I$5:$I$23,0))) | D36: =IF($A36="","",INDEX('Biblioteca de Controles'!$D$5:$D$23,MATCH($A36,'Biblioteca de Controles'!$I$5:$I$23,0)))
A37: =IF(17<=COUNTIF('Biblioteca de Controles'!$H$5:$H$23,1),17,"") | B37: =IF($A37="","",INDEX('Biblioteca de Controles'!$B$5:$B$23,MATCH($A37,'Biblioteca de Controles'!$I$5:$I$23,0))) | C37: =IF($A37="","",INDEX('Biblioteca de Controles'!$C$5:$C$23,MATCH($A37,'Biblioteca de Controles'!$I$5:$I$23,0))) | D37: =IF($A37="","",INDEX('Biblioteca de Controles'!$D$5:$D$23,MATCH($A37,'Biblioteca de Controles'!$I$5:$I$23,0)))
A38: =IF(18<=COUNTIF('Biblioteca de Controles'!$H$5:$H$23,1),18,"") | B38: =IF($A38="","",INDEX('Biblioteca de Controles'!$B$5:$B$23,MATCH($A38,'Biblioteca de Controles'!$I$5:$I$23,0))) | C38: =IF($A38="","",INDEX('Biblioteca de Controles'!$C$5:$C$23,MATCH($A38,'Biblioteca de Controles'!$I$5:$I$23,0))) | D38: =IF($A38="","",INDEX('Biblioteca de Controles'!$D$5:$D$23,MATCH($A38,'Biblioteca de Controles'!$I$5:$I$23,0)))
A39: =IF(19<=COUNTIF('Biblioteca de Controles'!$H$5:$H$23,1),19,"") | B39: =IF($A39="","",INDEX('Biblioteca de Controles'!$B$5:$B$23,MATCH($A39,'Biblioteca de Controles'!$I$5:$I$23,0))) | C39: =IF($A39="","",INDEX('Biblioteca de Controles'!$C$5:$C$23,MATCH($A39,'Biblioteca de Controles'!$I$5:$I$23,0))) | D39: =IF($A39="","",INDEX('Biblioteca de Controles'!$D$5:$D$23,MATCH($A39,'Biblioteca de Controles'!$I$5:$I$23,0)))
A41: Aviso: las recomendaciones son orientativas y se generan a partir de reglas editables; no sustituyen el criterio del profesional en higiene ocupacional ni la evaluación médica. Referencias: ACGIH (TLV Noise), NIOSH REL, OSHA 29 CFR 1910.95.

Sheet Biblioteca de Controles
A1: NOISERISK — Biblioteca de Controles (editable)
A2: Cada fila es una recomendación del Plan de Control. Se incluye cuando la severidad alcanza el mínimo (columna E) y se cumplen las condiciones 1 y 2 (códigos de la hoja 'Plan de Control', columna F). Puede editar el texto, los umbrales, o agregar filas al final.
A4: # | B4: Nivel | C4: Tipo de control | D4: Recomendación | E4: Sev. mín. | F4: Cond. 1 | G4: Cond. 2 | H4: Aplica | I4: N°
A5: 1 | B5: Prioridad inmediata | C5: Protección auditiva | D5: No se registra uso de protección auditiva pese a una exposición Extremadamente Alta. Suministre protección auditiva certificada de inmediato y restrinja la tarea mientras se implementan controles de ingeniería. | E5: 5 | F5: PROT_NONE | G5: S | H5: =IF(AND('Plan de Control'!$D$11>=E5,IFERROR(INDEX('Plan de Control'!$G$5:$G$10,MATCH(F5,'Plan de Control'!$F$5:$F$10,0)),0)=1,IFERROR(INDEX('Plan de Control'!$G$5:$G$10,MATCH(G5,'Plan de Control'!$F$5:$F$10,0)),0)=1),1,0) | I5: =IF(H5=1,COUNTIF(H$5:H5,1),0)
A6: 2 | B6: Prioridad inmediata | C6: Protección auditiva | D6: La protección auditiva seleccionada es insuficiente para el nivel de exposición estimado (Módulo 5). Seleccione un protector de mayor NRR, considere doble protección, o reduzca la exposición en la fuente. | E6: 4 | F6: PROT_INSUF | G6: S | H6: =IF(AND('Plan de Control'!$D$11>=E6,IFERROR(INDEX('Plan de Control'!$G$5:$G$10,MATCH(F6,'Plan de Control'!$F$5:$F$10,0)),0)=1,IFERROR(INDEX('Plan de Control'!$G$5:$G$10,MATCH(G6,'Plan de Control'!$F$5:$F$10,0)),0)=1),1,0) | I6: =IF(H6=1,COUNTIF(H$5:H6,1),0)
A7: 3 | B7: Prioridad inmediata | C7: Ingeniería | D7: Riesgo EXTREMADAMENTE ALTO: evalúe restringir la tarea hasta implementar controles de ingeniería significativos en la fuente, la vía de transmisión o el encerramiento del equipo. | E7: 5 | F7: S | G7: S | H7: =IF(AND('Plan de Control'!$D$11>=E7,IFERROR(INDEX('Plan de Control'!$G$5:$G$10,MATCH(F7,'Plan de Control'!$F$5:$F$10,0)),0)=1,IFERROR(INDEX('Plan de Control'!$G$5:$G$10,MATCH(G7,'Plan de Control'!$F$5:$F$10,0)),0)=1),1,0) | I7: =IF(H7=1,COUNTIF(H$5:H7,1),0)
A8: 4 | B8: Nivel 1 – General | C8: Gestión | D8: Establecer o mantener un Programa de Conservación Auditiva (PCA) documentado: monitoreo, controles, protección auditiva, capacitación, vigilancia médica y evaluación de la efectividad. | E8: 2 | F8: S | G8: S | H8: =IF(AND('Plan de Control'!$D$11>=E8,IFERROR(INDEX('Plan de Control'!$G$5:$G$10,MATCH(F8,'Plan de Control'!$F$5:$F$10,0)),0)=1,IFERROR(INDEX('Plan de Control'!$G$5:$G$10,MATCH(G8,'Plan de Control'!$F$5:$F$10,0)),0)=1),1,0) | I8: =IF(H8=1,COUNTIF(H$5:H8,1),0)
A9: 5 | B9: Nivel 1 – General | C9: Medición | D9: Realizar dosimetría o sonometría en el puesto de trabajo con instrumento calibrado (verificación anual), registrando hora, tarea y condiciones. | E9: 2 | F9: S | G9: S | H9: =IF(AND('Plan de Control'!$D$11>=E9,IFERROR(INDEX('Plan de Control'!$G$5:$G$10,MATCH(F9,'Plan de Control'!$F$5:$F$10,0)),0)=1,IFERROR(INDEX('Plan de Control'!$G$5:$G$10,MATCH(G9,'Plan de Control'!$F$5:$F$10,0)),0)=1),1,0) | I9: =IF(H9=1,COUNTIF(H$5:H9,1),0)
A10: 6 | B10: Nivel 1 – General | C10: Señalización | D10: Señalizar el área como zona de uso obligatorio de protección auditiva. | E10: 2 | F10: S | G10: S | H10: =IF(AND('Plan de Control'!$D$11>=E10,IFERROR(INDEX('Plan de Control'!$G$5:$G$10,MATCH(F10,'Plan de Control'!$F$5:$F$10,0)),0)=1,IFERROR(INDEX('Plan de Control'!$G$5:$G$10,MATCH(G10,'Plan de Control'!$F$5:$F$10,0)),0)=1),1,0) | I10: =IF(H10=1,COUNTIF(H$5:H10,1),0)
A11: 7 | B11: Nivel 1 – General | C11: Protección auditiva | D11: Suministrar protección auditiva certificada, ajustada al nivel de exposición (ver Módulo 5), y verificar su uso correcto y consistente. | E11: 2 | F11: S | G11: S | H11: =IF(AND('Plan de Control'!$D$11>=E11,IFERROR(INDEX('Plan de Control'!$G$5:$G$10,MATCH(F11,'Plan de Control'!$F$5:$F$10,0)),0)=1,IFERROR(INDEX('Plan de Control'!$G$5:$G$10,MATCH(G11,'Plan de Control'!$F$5:$F$10,0)),0)=1),1,0) | I11: =IF(H11=1,COUNTIF(H$5:H11,1),0)
A12: 8 | B12: Nivel 1 – General | C12: Capacitación | D12: Capacitar a los trabajadores en riesgos del ruido, uso y cuidado de la protección auditiva, y reconocimiento de señales de pérdida auditiva. Actualizar anualmente. | E12: 1 | F12: S | G12: S | H12: =IF(AND('Plan de Control'!$D$11>=E12,IFERROR(INDEX('Plan de Control'!$G$5:$G$10,MATCH(F12,'Plan de Control'!$F$5:$F$10,0)),0)=1,IFERROR(INDEX('Plan de Control'!$G$5:$G$10,MATCH(G12,'Plan de Control'!$F$5:$F$10,0)),0)=1),1,0) | I12: =IF(H12=1,COUNTIF(H$5:H12,1),0)
A13: 9 | B13: Nivel 1 – General | C13: Vigilancia médica | D13: Incluir audiometría de ingreso y periódica (anual) dentro del programa de vigilancia médica para todos los expuestos por encima del nivel de acción. | E13: 2 | F13: S | G13: S | H13: =IF(AND('Plan de Control'!$D$11>=E13,IFERROR(INDEX('Plan de Control'!$G$5:$G$10,MATCH(F13,'Plan de Control'!$F$5:$F$10,0)),0)=1,IFERROR(INDEX('Plan de Control'!$G$5:$G$10,MATCH(G13,'Plan de Control'!$F$5:$F$10,0)),0)=1),1,0) | I13: =IF(H13=1,COUNTIF(H$5:H13,1),0)
A14: 10 | B14: Nivel 2 – Específico | C14: Ingeniería — fuente | D14: Evaluar mantenimiento predictivo del equipo (lubricación, balanceo, ajuste de holguras) como primer control en la fuente, antes de recurrir a EPP. | E14: 3 | F14: S | G14: S | H14: =IF(AND('Plan de Control'!$D$11>=E14,IFERROR(INDEX('Plan de Control'!$G$5:$G$10,MATCH(F14,'Plan de Control'!$F$5:$F$10,0)),0)=1,IFERROR(INDEX('Plan de Control'!$G$5:$G$10,MATCH(G14,'Plan de Control'!$F$5:$F$10,0)),0)=1),1,0) | I14: =IF(H14=1,COUNTIF(H$5:H14,1),0)
A15: 11 | B15: Nivel 2 – Específico | C15: Ingeniería — recinto | D15: Evaluar tratamiento acústico del recinto con el Módulo 1 (Acondicionamiento Acústico) de esta misma herramienta si el campo reverberante contribuye significativamente al nivel en el puesto de trabajo. | E15: 3 | F15: S | G15: S | H15: =IF(AND('Plan de Control'!$D$11>=E15,IFERROR(INDEX('Plan de Control'!$G$5:$G$10,MATCH(F15,'Plan de Control'!$F$5:$F$10,0)),0)=1,IFERROR(INDEX('Plan de Control'!$G$5:$G$10,MATCH(G15,'Plan de Control'!$F$5:$F$10,0)),0)=1),1,0) | I15: =IF(H15=1,COUNTIF(H$5:H15,1),0)
A16: 12 | B16: Nivel 2 – Específico | C16: Ingeniería — encerramiento | D16: Evaluar encerrar la fuente o el puesto de trabajo con el Módulo 2 (Aislamiento y Transmisión) de esta herramienta para estimar la pérdida por transmisión requerida. | E16: 3 | F16: S | G16: S | H16: =IF(AND('Plan de Control'!$D$11>=E16,IFERROR(INDEX('Plan de Control'!$G$5:$G$10,MATCH(F16,'Plan de Control'!$F$5:$F$10,0)),0)=1,IFERROR(INDEX('Plan de Control'!$G$5:$G$10,MATCH(G16,'Plan de Control'!$F$5:$F$10,0)),0)=1),1,0) | I16: =IF(H16=1,COUNTIF(H$5:H16,1),0)
... A23: 19 | B23: Nivel 3 – Monitoreo | C23: Revisión de controles | D23: Revisar y documentar la efectividad de los controles de ingeniería y administrativos implementados; ajustar el programa si persisten hallazgos de STS. | E23: 3 | F23: S | G23: S | H23: =IF(AND('Plan de Control'!$D$11>=E23,IFERROR(INDEX('Plan de Control'!$G$5:$G$10,MATCH(F23,'Plan de Control'!$F$5:$F$10,0)),0)=1,IFERROR(INDEX('Plan de Control'!$G$5:$G$10,MATCH(G23,'Plan de Control'!$F$5:$F$10,0)),0)=1),1,0) | I23: =IF(H23=1,COUNTIF(H$5:H23,1),0)

Sheet Datos de Referencia
A1: NOISERISK — DATOS DE REFERENCIA
A3: CRITERIOS DE EVALUACIÓN DE DOSIS / TWA
A4: Criterio | B4: Nivel criterio C (dBA) | C4: Tasa de intercambio Q (dB) | D4: Umbral (dBA)
A5: ACGIH / NIOSH (85 dBA, Q=3) | B5: 85 | C5: 3 | D5: 80
A6: OSHA PEL (90 dBA, Q=5) | B6: 90 | C6: 5 | D6: 90
A7: OSHA Nivel de Acción (85 dBA, Q=5) | B7: 85 | C7: 5 | D7: 80
A8: El criterio ACGIH/NIOSH (85 dBA-Q3, "85-3") es el más protector y el usado por defecto en el Comité de Agentes Físicos ACGIH. OSHA PEL (90 dBA-Q5) es la referencia legal mínima en EE. UU. Verifique el límite aplicable según la normativa colombiana vigente para su sector.
A12: NIVELES DE SEVERIDAD (por Dosis, %)
A13: Nivel | B13: Rango de Dosis | C13: Rango TWA equivalente* | D13: Acción
A14: ACEPTABLE | B14: < 50 % | C14: < C − Q | D14: Conciencia general
A15: PRECAUCIÓN | B15: 50 % a <100 % | C15: C − Q a <C | D15: Nivel de Acción: Controles Nivel 1
A16: MODERADO | B16: 100 % a <200 % | C16: C a <C+Q | D16: Niveles 1 + 2
A17: ALTO | B17: 200 % a <400 % | C17: C+Q a <C+2Q | D17: Niveles 1 + 2 + 3
A18: EXTREMADAMENTE ALTO | B18: ≥ 400 % | C18: ≥ C+2Q | D18: Todos los niveles + acción inmediata
A20: *C = nivel criterio, Q = tasa de intercambio del criterio seleccionado.
A22: DERATING DEL NRR (Atenuación real estimada del protector)
A23: Método | B23: Tipo de protector | C23: NRR efectivo
A24: OSHA | B24: Cualquier tipo | C24: (NRR − 7) / 2
A25: NIOSH | B25: Orejeras (earmuffs) | C25: 0.75 × NRR − 7
A26: NIOSH | B26: Tapones moldeables (foam) | C26: 0.50 × NRR − 7
A27: NIOSH | B27: Otros tapones (premoldeados) | C27: 0.30 × NRR − 7
A28: NIOSH | B28: Doble protección (orejeras+tapones) | C28: Mayor NRR individual (derateado) + 5 dB
A30: OSHA aplica el mismo derating (NRR−7)/2 a cualquier protector. NIOSH usa un factor distinto por tipo de protector, lo que suele dar una estimación más realista (Berger et al.). Fuente: NIOSH (1998); OSHA CPL 02-02-03.
A34: LISTAS DESPLEGABLES
A35: Sí | B35: Ninguno | C35: OSHA ((NRR-7)/2) | D35: Continua
A36: No | B36: Orejeras (earmuffs) | C36: NIOSH (según tipo) | D36: Intermitente
B37: Tapones moldeables (foam) | D37: Impulsiva / Impacto
B38: Otros tapones (premoldeados)
B39: Doble protección
